{"timestamp":"2026-08-26T07:42:17.996302Z","level":"info","event":"Filling up the DagBag from /opt/airflow/dags/3_xcoms_bash.py","logger":"airflow.dag_processing.dagbag.BundleDagBag","filename":"dagbag.py","lineno":469}
{"timestamp":"2026-08-26T07:42:17.999582Z","level":"error","event":"Failed to import: /opt/airflow/dags/3_xcoms_bash.py","logger":"airflow.dag_processing.importers.python_importer","filename":"python_importer.py","lineno":244,"error_detail":[{"exc_type":"SyntaxError","exc_value":"invalid syntax. Perhaps you forgot a comma? (3_xcoms_bash.py, line 28)","exc_notes":[],"syntax_error":{"offset":22,"filename":"/opt/airflow/dags/3_xcoms_bash.py","line":"        bash_command=\"echo 'This is the bash task!' data is {{ti.xcom_pull(key='fetched_data',task_ids=\"fetch_data\")}}\"\n","lineno":28,"msg":"invalid syntax. Perhaps you forgot a comma?"},"is_cause":false,"frames":[{"filename":"/home/airflow/.local/lib/python3.13/site-packages/airflow/dag_processing/importers/python_importer.py","lineno":238,"name":"parse"},{"filename":"<frozen importlib._bootstrap_external>","lineno":1019,"name":"exec_module"},{"filename":"<frozen importlib._bootstrap_external>","lineno":1157,"name":"get_code"},{"filename":"<frozen importlib._bootstrap_external>","lineno":1087,"name":"source_to_code"},{"filename":"<frozen importlib._bootstrap>","lineno":488,"name":"_call_with_frames_removed"}],"is_group":false,"exceptions":[]}]}
{"timestamp":"2026-08-26T07:42:18.000845Z","level":"error","event":"Error loading DAG from 3_xcoms_bash.py: invalid syntax. Perhaps you forgot a comma? (3_xcoms_bash.py, line 28)","logger":"airflow.dag_processing.dagbag.BundleDagBag","filename":"dagbag.py","lineno":327}
{"timestamp":"2026-08-26T07:42:44.389927Z","level":"info","event":"Filling up the DagBag from /opt/airflow/dags/3_xcoms_bash.py","logger":"airflow.dag_processing.dagbag.BundleDagBag","filename":"dagbag.py","lineno":469}
{"timestamp":"2026-08-26T07:42:44.392406Z","level":"error","event":"Failed to import: /opt/airflow/dags/3_xcoms_bash.py","logger":"airflow.dag_processing.importers.python_importer","filename":"python_importer.py","lineno":244,"error_detail":[{"exc_type":"SyntaxError","exc_value":"unmatched '}' (3_xcoms_bash.py, line 28)","exc_notes":[],"syntax_error":{"offset":116,"filename":"/opt/airflow/dags/3_xcoms_bash.py","line":"        bash_command=\"echo 'This is the bash task!' data is {{ti.xcom_pull(key='fetched_data',task_ids=fetch_data\")}}\"","lineno":28,"msg":"unmatched '}'"},"is_cause":false,"frames":[{"filename":"/home/airflow/.local/lib/python3.13/site-packages/airflow/dag_processing/importers/python_importer.py","lineno":238,"name":"parse"},{"filename":"<frozen importlib._bootstrap_external>","lineno":1019,"name":"exec_module"},{"filename":"<frozen importlib._bootstrap_external>","lineno":1157,"name":"get_code"},{"filename":"<frozen importlib._bootstrap_external>","lineno":1087,"name":"source_to_code"},{"filename":"<frozen importlib._bootstrap>","lineno":488,"name":"_call_with_frames_removed"}],"is_group":false,"exceptions":[]}]}
{"timestamp":"2026-08-26T07:42:44.393364Z","level":"error","event":"Error loading DAG from 3_xcoms_bash.py: unmatched '}' (3_xcoms_bash.py, line 28)","logger":"airflow.dag_processing.dagbag.BundleDagBag","filename":"dagbag.py","lineno":327}
{"timestamp":"2026-08-26T07:42:46.442830Z","level":"info","event":"Filling up the DagBag from /opt/airflow/dags/3_xcoms_bash.py","logger":"airflow.dag_processing.dagbag.BundleDagBag","filename":"dagbag.py","lineno":469}
{"timestamp":"2026-08-26T07:42:46.480796Z","level":"warning","event":"The `airflow.operators.bash.BashOperator` attribute is deprecated. Please use `'airflow.providers.standard.operators.bash.BashOperator'`.","category":"UserWarning","filename":"/opt/airflow/dags/3_xcoms_bash.py","lineno":2,"logger":"py.warnings"}
{"timestamp":"2026-08-26T07:42:49.553836Z","level":"info","event":"Filling up the DagBag from /opt/airflow/dags/3_xcoms_bash.py","logger":"airflow.dag_processing.dagbag.BundleDagBag","filename":"dagbag.py","lineno":469}
{"timestamp":"2026-08-26T07:42:49.590985Z","level":"warning","event":"The `airflow.operators.bash.BashOperator` attribute is deprecated. Please use `'airflow.providers.standard.operators.bash.BashOperator'`.","category":"UserWarning","filename":"/opt/airflow/dags/3_xcoms_bash.py","lineno":2,"logger":"py.warnings"}
{"timestamp":"2026-08-26T07:43:00.718067Z","level":"info","event":"Filling up the DagBag from /opt/airflow/dags/3_xcoms_bash.py","logger":"airflow.dag_processing.dagbag.BundleDagBag","filename":"dagbag.py","lineno":469}
{"timestamp":"2026-08-26T07:43:00.763244Z","level":"warning","event":"The `airflow.operators.bash.BashOperator` attribute is deprecated. Please use `'airflow.providers.standard.operators.bash.BashOperator'`.","category":"UserWarning","filename":"/opt/airflow/dags/3_xcoms_bash.py","lineno":2,"logger":"py.warnings"}
{"timestamp":"2026-08-26T07:43:02.818041Z","level":"info","event":"Filling up the DagBag from /opt/airflow/dags/3_xcoms_bash.py","logger":"airflow.dag_processing.dagbag.BundleDagBag","filename":"dagbag.py","lineno":469}
{"timestamp":"2026-08-26T07:43:02.853239Z","level":"warning","event":"The `airflow.operators.bash.BashOperator` attribute is deprecated. Please use `'airflow.providers.standard.operators.bash.BashOperator'`.","category":"UserWarning","filename":"/opt/airflow/dags/3_xcoms_bash.py","lineno":2,"logger":"py.warnings"}
{"timestamp":"2026-08-26T07:43:09.019680Z","level":"info","event":"Filling up the DagBag from /opt/airflow/dags/3_xcoms_bash.py","logger":"airflow.dag_processing.dagbag.BundleDagBag","filename":"dagbag.py","lineno":469}
{"timestamp":"2026-08-26T07:43:09.056307Z","level":"warning","event":"The `airflow.operators.bash.BashOperator` attribute is deprecated. Please use `'airflow.providers.standard.operators.bash.BashOperator'`.","category":"UserWarning","filename":"/opt/airflow/dags/3_xcoms_bash.py","lineno":2,"logger":"py.warnings"}
{"timestamp":"2026-08-26T07:43:39.464897Z","level":"info","event":"Filling up the DagBag from /opt/airflow/dags/3_xcoms_bash.py","logger":"airflow.dag_processing.dagbag.BundleDagBag","filename":"dagbag.py","lineno":469}
{"timestamp":"2026-08-26T07:43:39.502682Z","level":"warning","event":"The `airflow.operators.bash.BashOperator` attribute is deprecated. Please use `'airflow.providers.standard.operators.bash.BashOperator'`.","category":"UserWarning","filename":"/opt/airflow/dags/3_xcoms_bash.py","lineno":2,"logger":"py.warnings"}
{"timestamp":"2026-08-26T07:44:06.818862Z","level":"info","event":"Filling up the DagBag from /opt/airflow/dags/3_xcoms_bash.py","logger":"airflow.dag_processing.dagbag.BundleDagBag","filename":"dagbag.py","lineno":469}
{"timestamp":"2026-08-26T07:44:06.852400Z","level":"warning","event":"The `airflow.operators.bash.BashOperator` attribute is deprecated. Please use `'airflow.providers.standard.operators.bash.BashOperator'`.","category":"UserWarning","filename":"/opt/airflow/dags/3_xcoms_bash.py","lineno":2,"logger":"py.warnings"}
{"timestamp":"2026-08-26T07:44:37.248010Z","level":"info","event":"Filling up the DagBag from /opt/airflow/dags/3_xcoms_bash.py","logger":"airflow.dag_processing.dagbag.BundleDagBag","filename":"dagbag.py","lineno":469}
{"timestamp":"2026-08-26T07:44:37.281903Z","level":"warning","event":"The `airflow.operators.bash.BashOperator` attribute is deprecated. Please use `'airflow.providers.standard.operators.bash.BashOperator'`.","category":"UserWarning","filename":"/opt/airflow/dags/3_xcoms_bash.py","lineno":2,"logger":"py.warnings"}
{"timestamp":"2026-08-26T07:45:07.678255Z","level":"info","event":"Filling up the DagBag from /opt/airflow/dags/3_xcoms_bash.py","logger":"airflow.dag_processing.dagbag.BundleDagBag","filename":"dagbag.py","lineno":469}
{"timestamp":"2026-08-26T07:45:07.710646Z","level":"warning","event":"The `airflow.operators.bash.BashOperator` attribute is deprecated. Please use `'airflow.providers.standard.operators.bash.BashOperator'`.","category":"UserWarning","filename":"/opt/airflow/dags/3_xcoms_bash.py","lineno":2,"logger":"py.warnings"}
{"timestamp":"2026-08-26T07:45:22.062805Z","level":"info","event":"Filling up the DagBag from /opt/airflow/dags/3_xcoms_bash.py","logger":"airflow.dag_processing.dagbag.BundleDagBag","filename":"dagbag.py","lineno":469}
{"timestamp":"2026-08-26T07:45:22.104173Z","level":"error","event":"Failed to import: /opt/airflow/dags/3_xcoms_bash.py","logger":"airflow.dag_processing.importers.python_importer","filename":"python_importer.py","lineno":244,"error_detail":[{"exc_type":"NameError","exc_value":"name 'xcoms_manual' is not defined","exc_notes":[],"syntax_error":null,"is_cause":false,"frames":[{"filename":"/home/airflow/.local/lib/python3.13/site-packages/airflow/dag_processing/importers/python_importer.py","lineno":238,"name":"parse"},{"filename":"<frozen importlib._bootstrap_external>","lineno":1023,"name":"exec_module"},{"filename":"<frozen importlib._bootstrap>","lineno":488,"name":"_call_with_frames_removed"},{"filename":"/opt/airflow/dags/3_xcoms_bash.py","lineno":33,"name":"<module>"}],"is_group":false,"exceptions":[]}]}
{"timestamp":"2026-08-26T07:45:22.105751Z","level":"error","event":"Error loading DAG from 3_xcoms_bash.py: name 'xcoms_manual' is not defined","logger":"airflow.dag_processing.dagbag.BundleDagBag","filename":"dagbag.py","lineno":327}
{"timestamp":"2026-08-26T07:45:22.106047Z","level":"warning","event":"The `airflow.operators.bash.BashOperator` attribute is deprecated. Please use `'airflow.providers.standard.operators.bash.BashOperator'`.","category":"UserWarning","filename":"/opt/airflow/dags/3_xcoms_bash.py","lineno":2,"logger":"py.warnings"}
{"timestamp":"2026-08-26T07:45:28.193740Z","level":"info","event":"Filling up the DagBag from /opt/airflow/dags/3_xcoms_bash.py","logger":"airflow.dag_processing.dagbag.BundleDagBag","filename":"dagbag.py","lineno":469}
{"timestamp":"2026-08-26T07:45:28.229123Z","level":"warning","event":"The `airflow.operators.bash.BashOperator` attribute is deprecated. Please use `'airflow.providers.standard.operators.bash.BashOperator'`.","category":"UserWarning","filename":"/opt/airflow/dags/3_xcoms_bash.py","lineno":2,"logger":"py.warnings"}
{"timestamp":"2026-08-26T07:45:30.282469Z","level":"info","event":"Filling up the DagBag from /opt/airflow/dags/3_xcoms_bash.py","logger":"airflow.dag_processing.dagbag.BundleDagBag","filename":"dagbag.py","lineno":469}
{"timestamp":"2026-08-26T07:45:30.318605Z","level":"warning","event":"The `airflow.operators.bash.BashOperator` attribute is deprecated. Please use `'airflow.providers.standard.operators.bash.BashOperator'`.","category":"UserWarning","filename":"/opt/airflow/dags/3_xcoms_bash.py","lineno":2,"logger":"py.warnings"}
{"timestamp":"2026-08-26T07:46:00.779241Z","level":"info","event":"Filling up the DagBag from /opt/airflow/dags/3_xcoms_bash.py","logger":"airflow.dag_processing.dagbag.BundleDagBag","filename":"dagbag.py","lineno":469}
{"timestamp":"2026-08-26T07:46:00.813708Z","level":"warning","event":"The `airflow.operators.bash.BashOperator` attribute is deprecated. Please use `'airflow.providers.standard.operators.bash.BashOperator'`.","category":"UserWarning","filename":"/opt/airflow/dags/3_xcoms_bash.py","lineno":2,"logger":"py.warnings"}
{"timestamp":"2026-08-26T07:46:31.244885Z","level":"info","event":"Filling up the DagBag from /opt/airflow/dags/3_xcoms_bash.py","logger":"airflow.dag_processing.dagbag.BundleDagBag","filename":"dagbag.py","lineno":469}
{"timestamp":"2026-08-26T07:46:31.278787Z","level":"warning","event":"The `airflow.operators.bash.BashOperator` attribute is deprecated. Please use `'airflow.providers.standard.operators.bash.BashOperator'`.","category":"UserWarning","filename":"/opt/airflow/dags/3_xcoms_bash.py","lineno":2,"logger":"py.warnings"}
{"timestamp":"2026-08-26T07:47:01.698665Z","level":"info","event":"Filling up the DagBag from /opt/airflow/dags/3_xcoms_bash.py","logger":"airflow.dag_processing.dagbag.BundleDagBag","filename":"dagbag.py","lineno":469}
{"timestamp":"2026-08-26T07:47:01.738533Z","level":"warning","event":"The `airflow.operators.bash.BashOperator` attribute is deprecated. Please use `'airflow.providers.standard.operators.bash.BashOperator'`.","category":"UserWarning","filename":"/opt/airflow/dags/3_xcoms_bash.py","lineno":2,"logger":"py.warnings"}
{"timestamp":"2026-08-26T07:47:32.152079Z","level":"info","event":"Filling up the DagBag from /opt/airflow/dags/3_xcoms_bash.py","logger":"airflow.dag_processing.dagbag.BundleDagBag","filename":"dagbag.py","lineno":469}
{"timestamp":"2026-08-26T07:47:32.202036Z","level":"warning","event":"The `airflow.operators.bash.BashOperator` attribute is deprecated. Please use `'airflow.providers.standard.operators.bash.BashOperator'`.","category":"UserWarning","filename":"/opt/airflow/dags/3_xcoms_bash.py","lineno":2,"logger":"py.warnings"}
{"timestamp":"2026-08-26T07:48:02.586314Z","level":"info","event":"Filling up the DagBag from /opt/airflow/dags/3_xcoms_bash.py","logger":"airflow.dag_processing.dagbag.BundleDagBag","filename":"dagbag.py","lineno":469}
{"timestamp":"2026-08-26T07:48:02.620061Z","level":"warning","event":"The `airflow.operators.bash.BashOperator` attribute is deprecated. Please use `'airflow.providers.standard.operators.bash.BashOperator'`.","category":"UserWarning","filename":"/opt/airflow/dags/3_xcoms_bash.py","lineno":2,"logger":"py.warnings"}
{"timestamp":"2026-08-26T07:48:33.020379Z","level":"info","event":"Filling up the DagBag from /opt/airflow/dags/3_xcoms_bash.py","logger":"airflow.dag_processing.dagbag.BundleDagBag","filename":"dagbag.py","lineno":469}
{"timestamp":"2026-08-26T07:48:33.054998Z","level":"warning","event":"The `airflow.operators.bash.BashOperator` attribute is deprecated. Please use `'airflow.providers.standard.operators.bash.BashOperator'`.","category":"UserWarning","filename":"/opt/airflow/dags/3_xcoms_bash.py","lineno":2,"logger":"py.warnings"}
{"timestamp":"2026-08-26T07:49:03.452470Z","level":"info","event":"Filling up the DagBag from /opt/airflow/dags/3_xcoms_bash.py","logger":"airflow.dag_processing.dagbag.BundleDagBag","filename":"dagbag.py","lineno":469}
{"timestamp":"2026-08-26T07:49:03.487107Z","level":"warning","event":"The `airflow.operators.bash.BashOperator` attribute is deprecated. Please use `'airflow.providers.standard.operators.bash.BashOperator'`.","category":"UserWarning","filename":"/opt/airflow/dags/3_xcoms_bash.py","lineno":2,"logger":"py.warnings"}
{"timestamp":"2026-08-26T07:49:33.901404Z","level":"info","event":"Filling up the DagBag from /opt/airflow/dags/3_xcoms_bash.py","logger":"airflow.dag_processing.dagbag.BundleDagBag","filename":"dagbag.py","lineno":469}
{"timestamp":"2026-08-26T07:49:33.934925Z","level":"warning","event":"The `airflow.operators.bash.BashOperator` attribute is deprecated. Please use `'airflow.providers.standard.operators.bash.BashOperator'`.","category":"UserWarning","filename":"/opt/airflow/dags/3_xcoms_bash.py","lineno":2,"logger":"py.warnings"}
{"timestamp":"2026-08-26T07:50:04.369877Z","level":"info","event":"Filling up the DagBag from /opt/airflow/dags/3_xcoms_bash.py","logger":"airflow.dag_processing.dagbag.BundleDagBag","filename":"dagbag.py","lineno":469}
{"timestamp":"2026-08-26T07:50:04.414638Z","level":"warning","event":"The `airflow.operators.bash.BashOperator` attribute is deprecated. Please use `'airflow.providers.standard.operators.bash.BashOperator'`.","category":"UserWarning","filename":"/opt/airflow/dags/3_xcoms_bash.py","lineno":2,"logger":"py.warnings"}
{"timestamp":"2026-08-26T07:50:34.853688Z","level":"info","event":"Filling up the DagBag from /opt/airflow/dags/3_xcoms_bash.py","logger":"airflow.dag_processing.dagbag.BundleDagBag","filename":"dagbag.py","lineno":469}
{"timestamp":"2026-08-26T07:50:34.891469Z","level":"warning","event":"The `airflow.operators.bash.BashOperator` attribute is deprecated. Please use `'airflow.providers.standard.operators.bash.BashOperator'`.","category":"UserWarning","filename":"/opt/airflow/dags/3_xcoms_bash.py","lineno":2,"logger":"py.warnings"}
{"timestamp":"2026-08-26T07:51:05.309236Z","level":"info","event":"Filling up the DagBag from /opt/airflow/dags/3_xcoms_bash.py","logger":"airflow.dag_processing.dagbag.BundleDagBag","filename":"dagbag.py","lineno":469}
{"timestamp":"2026-08-26T07:51:05.351771Z","level":"warning","event":"The `airflow.operators.bash.BashOperator` attribute is deprecated. Please use `'airflow.providers.standard.operators.bash.BashOperator'`.","category":"UserWarning","filename":"/opt/airflow/dags/3_xcoms_bash.py","lineno":2,"logger":"py.warnings"}
{"timestamp":"2026-08-26T07:51:35.769056Z","level":"info","event":"Filling up the DagBag from /opt/airflow/dags/3_xcoms_bash.py","logger":"airflow.dag_processing.dagbag.BundleDagBag","filename":"dagbag.py","lineno":469}
{"timestamp":"2026-08-26T07:51:35.803551Z","level":"warning","event":"The `airflow.operators.bash.BashOperator` attribute is deprecated. Please use `'airflow.providers.standard.operators.bash.BashOperator'`.","category":"UserWarning","filename":"/opt/airflow/dags/3_xcoms_bash.py","lineno":2,"logger":"py.warnings"}
{"timestamp":"2026-08-26T07:52:06.225280Z","level":"info","event":"Filling up the DagBag from /opt/airflow/dags/3_xcoms_bash.py","logger":"airflow.dag_processing.dagbag.BundleDagBag","filename":"dagbag.py","lineno":469}
{"timestamp":"2026-08-26T07:52:06.258784Z","level":"warning","event":"The `airflow.operators.bash.BashOperator` attribute is deprecated. Please use `'airflow.providers.standard.operators.bash.BashOperator'`.","category":"UserWarning","filename":"/opt/airflow/dags/3_xcoms_bash.py","lineno":2,"logger":"py.warnings"}
{"timestamp":"2026-08-26T07:52:36.916890Z","level":"info","event":"Filling up the DagBag from /opt/airflow/dags/3_xcoms_bash.py","logger":"airflow.dag_processing.dagbag.BundleDagBag","filename":"dagbag.py","lineno":469}
{"timestamp":"2026-08-26T07:52:36.951693Z","level":"warning","event":"The `airflow.operators.bash.BashOperator` attribute is deprecated. Please use `'airflow.providers.standard.operators.bash.BashOperator'`.","category":"UserWarning","filename":"/opt/airflow/dags/3_xcoms_bash.py","lineno":2,"logger":"py.warnings"}
{"timestamp":"2026-08-26T07:53:07.593470Z","level":"info","event":"Filling up the DagBag from /opt/airflow/dags/3_xcoms_bash.py","logger":"airflow.dag_processing.dagbag.BundleDagBag","filename":"dagbag.py","lineno":469}
{"timestamp":"2026-08-26T07:53:07.630649Z","level":"warning","event":"The `airflow.operators.bash.BashOperator` attribute is deprecated. Please use `'airflow.providers.standard.operators.bash.BashOperator'`.","category":"UserWarning","filename":"/opt/airflow/dags/3_xcoms_bash.py","lineno":2,"logger":"py.warnings"}
{"timestamp":"2026-08-26T07:53:38.454990Z","level":"info","event":"Filling up the DagBag from /opt/airflow/dags/3_xcoms_bash.py","logger":"airflow.dag_processing.dagbag.BundleDagBag","filename":"dagbag.py","lineno":469}
{"timestamp":"2026-08-26T07:53:38.491922Z","level":"warning","event":"The `airflow.operators.bash.BashOperator` attribute is deprecated. Please use `'airflow.providers.standard.operators.bash.BashOperator'`.","category":"UserWarning","filename":"/opt/airflow/dags/3_xcoms_bash.py","lineno":2,"logger":"py.warnings"}
{"timestamp":"2026-08-26T07:54:09.382600Z","level":"info","event":"Filling up the DagBag from /opt/airflow/dags/3_xcoms_bash.py","logger":"airflow.dag_processing.dagbag.BundleDagBag","filename":"dagbag.py","lineno":469}
{"timestamp":"2026-08-26T07:54:09.420015Z","level":"warning","event":"The `airflow.operators.bash.BashOperator` attribute is deprecated. Please use `'airflow.providers.standard.operators.bash.BashOperator'`.","category":"UserWarning","filename":"/opt/airflow/dags/3_xcoms_bash.py","lineno":2,"logger":"py.warnings"}
{"timestamp":"2026-08-26T07:54:40.412639Z","level":"info","event":"Filling up the DagBag from /opt/airflow/dags/3_xcoms_bash.py","logger":"airflow.dag_processing.dagbag.BundleDagBag","filename":"dagbag.py","lineno":469}
{"timestamp":"2026-08-26T07:54:40.448784Z","level":"warning","event":"The `airflow.operators.bash.BashOperator` attribute is deprecated. Please use `'airflow.providers.standard.operators.bash.BashOperator'`.","category":"UserWarning","filename":"/opt/airflow/dags/3_xcoms_bash.py","lineno":2,"logger":"py.warnings"}
{"timestamp":"2026-08-26T07:55:11.064265Z","level":"info","event":"Filling up the DagBag from /opt/airflow/dags/3_xcoms_bash.py","logger":"airflow.dag_processing.dagbag.BundleDagBag","filename":"dagbag.py","lineno":469}
{"timestamp":"2026-08-26T07:55:11.097103Z","level":"warning","event":"The `airflow.operators.bash.BashOperator` attribute is deprecated. Please use `'airflow.providers.standard.operators.bash.BashOperator'`.","category":"UserWarning","filename":"/opt/airflow/dags/3_xcoms_bash.py","lineno":2,"logger":"py.warnings"}
{"timestamp":"2026-08-26T07:55:41.588028Z","level":"info","event":"Filling up the DagBag from /opt/airflow/dags/3_xcoms_bash.py","logger":"airflow.dag_processing.dagbag.BundleDagBag","filename":"dagbag.py","lineno":469}
{"timestamp":"2026-08-26T07:55:41.620814Z","level":"warning","event":"The `airflow.operators.bash.BashOperator` attribute is deprecated. Please use `'airflow.providers.standard.operators.bash.BashOperator'`.","category":"UserWarning","filename":"/opt/airflow/dags/3_xcoms_bash.py","lineno":2,"logger":"py.warnings"}
{"timestamp":"2026-08-26T07:56:12.221095Z","level":"info","event":"Filling up the DagBag from /opt/airflow/dags/3_xcoms_bash.py","logger":"airflow.dag_processing.dagbag.BundleDagBag","filename":"dagbag.py","lineno":469}
{"timestamp":"2026-08-26T07:56:12.255923Z","level":"warning","event":"The `airflow.operators.bash.BashOperator` attribute is deprecated. Please use `'airflow.providers.standard.operators.bash.BashOperator'`.","category":"UserWarning","filename":"/opt/airflow/dags/3_xcoms_bash.py","lineno":2,"logger":"py.warnings"}
{"timestamp":"2026-08-26T07:56:42.816175Z","level":"info","event":"Filling up the DagBag from /opt/airflow/dags/3_xcoms_bash.py","logger":"airflow.dag_processing.dagbag.BundleDagBag","filename":"dagbag.py","lineno":469}
{"timestamp":"2026-08-26T07:56:42.927758Z","level":"warning","event":"The `airflow.operators.bash.BashOperator` attribute is deprecated. Please use `'airflow.providers.standard.operators.bash.BashOperator'`.","category":"UserWarning","filename":"/opt/airflow/dags/3_xcoms_bash.py","lineno":2,"logger":"py.warnings"}
{"timestamp":"2026-08-26T07:57:13.705020Z","level":"info","event":"Filling up the DagBag from /opt/airflow/dags/3_xcoms_bash.py","logger":"airflow.dag_processing.dagbag.BundleDagBag","filename":"dagbag.py","lineno":469}
{"timestamp":"2026-08-26T07:57:13.743876Z","level":"warning","event":"The `airflow.operators.bash.BashOperator` attribute is deprecated. Please use `'airflow.providers.standard.operators.bash.BashOperator'`.","category":"UserWarning","filename":"/opt/airflow/dags/3_xcoms_bash.py","lineno":2,"logger":"py.warnings"}
{"timestamp":"2026-08-26T07:57:44.234279Z","level":"info","event":"Filling up the DagBag from /opt/airflow/dags/3_xcoms_bash.py","logger":"airflow.dag_processing.dagbag.BundleDagBag","filename":"dagbag.py","lineno":469}
{"timestamp":"2026-08-26T07:57:44.275983Z","level":"warning","event":"The `airflow.operators.bash.BashOperator` attribute is deprecated. Please use `'airflow.providers.standard.operators.bash.BashOperator'`.","category":"UserWarning","filename":"/opt/airflow/dags/3_xcoms_bash.py","lineno":2,"logger":"py.warnings"}
{"timestamp":"2026-08-26T07:58:15.139992Z","level":"info","event":"Filling up the DagBag from /opt/airflow/dags/3_xcoms_bash.py","logger":"airflow.dag_processing.dagbag.BundleDagBag","filename":"dagbag.py","lineno":469}
{"timestamp":"2026-08-26T07:58:15.175836Z","level":"warning","event":"The `airflow.operators.bash.BashOperator` attribute is deprecated. Please use `'airflow.providers.standard.operators.bash.BashOperator'`.","category":"UserWarning","filename":"/opt/airflow/dags/3_xcoms_bash.py","lineno":2,"logger":"py.warnings"}
{"timestamp":"2026-08-26T07:58:45.714259Z","level":"info","event":"Filling up the DagBag from /opt/airflow/dags/3_xcoms_bash.py","logger":"airflow.dag_processing.dagbag.BundleDagBag","filename":"dagbag.py","lineno":469}
{"timestamp":"2026-08-26T07:58:45.749802Z","level":"warning","event":"The `airflow.operators.bash.BashOperator` attribute is deprecated. Please use `'airflow.providers.standard.operators.bash.BashOperator'`.","category":"UserWarning","filename":"/opt/airflow/dags/3_xcoms_bash.py","lineno":2,"logger":"py.warnings"}
{"timestamp":"2026-08-26T07:59:16.246333Z","level":"info","event":"Filling up the DagBag from /opt/airflow/dags/3_xcoms_bash.py","logger":"airflow.dag_processing.dagbag.BundleDagBag","filename":"dagbag.py","lineno":469}
{"timestamp":"2026-08-26T07:59:16.282180Z","level":"warning","event":"The `airflow.operators.bash.BashOperator` attribute is deprecated. Please use `'airflow.providers.standard.operators.bash.BashOperator'`.","category":"UserWarning","filename":"/opt/airflow/dags/3_xcoms_bash.py","lineno":2,"logger":"py.warnings"}
{"timestamp":"2026-08-26T07:59:46.836661Z","level":"info","event":"Filling up the DagBag from /opt/airflow/dags/3_xcoms_bash.py","logger":"airflow.dag_processing.dagbag.BundleDagBag","filename":"dagbag.py","lineno":469}
{"timestamp":"2026-08-26T07:59:46.872235Z","level":"warning","event":"The `airflow.operators.bash.BashOperator` attribute is deprecated. Please use `'airflow.providers.standard.operators.bash.BashOperator'`.","category":"UserWarning","filename":"/opt/airflow/dags/3_xcoms_bash.py","lineno":2,"logger":"py.warnings"}
{"timestamp":"2026-08-26T08:00:17.383654Z","level":"info","event":"Filling up the DagBag from /opt/airflow/dags/3_xcoms_bash.py","logger":"airflow.dag_processing.dagbag.BundleDagBag","filename":"dagbag.py","lineno":469}
{"timestamp":"2026-08-26T08:00:17.424057Z","level":"warning","event":"The `airflow.operators.bash.BashOperator` attribute is deprecated. Please use `'airflow.providers.standard.operators.bash.BashOperator'`.","category":"UserWarning","filename":"/opt/airflow/dags/3_xcoms_bash.py","lineno":2,"logger":"py.warnings"}
{"timestamp":"2026-08-26T08:00:47.937331Z","level":"info","event":"Filling up the DagBag from /opt/airflow/dags/3_xcoms_bash.py","logger":"airflow.dag_processing.dagbag.BundleDagBag","filename":"dagbag.py","lineno":469}
{"timestamp":"2026-08-26T08:00:47.974878Z","level":"warning","event":"The `airflow.operators.bash.BashOperator` attribute is deprecated. Please use `'airflow.providers.standard.operators.bash.BashOperator'`.","category":"UserWarning","filename":"/opt/airflow/dags/3_xcoms_bash.py","lineno":2,"logger":"py.warnings"}
{"timestamp":"2026-08-26T08:01:18.566725Z","level":"info","event":"Filling up the DagBag from /opt/airflow/dags/3_xcoms_bash.py","logger":"airflow.dag_processing.dagbag.BundleDagBag","filename":"dagbag.py","lineno":469}
{"timestamp":"2026-08-26T08:01:18.602380Z","level":"warning","event":"The `airflow.operators.bash.BashOperator` attribute is deprecated. Please use `'airflow.providers.standard.operators.bash.BashOperator'`.","category":"UserWarning","filename":"/opt/airflow/dags/3_xcoms_bash.py","lineno":2,"logger":"py.warnings"}
{"timestamp":"2026-08-26T08:01:49.116787Z","level":"info","event":"Filling up the DagBag from /opt/airflow/dags/3_xcoms_bash.py","logger":"airflow.dag_processing.dagbag.BundleDagBag","filename":"dagbag.py","lineno":469}
{"timestamp":"2026-08-26T08:01:49.152763Z","level":"warning","event":"The `airflow.operators.bash.BashOperator` attribute is deprecated. Please use `'airflow.providers.standard.operators.bash.BashOperator'`.","category":"UserWarning","filename":"/opt/airflow/dags/3_xcoms_bash.py","lineno":2,"logger":"py.warnings"}
{"timestamp":"2026-08-26T08:02:19.656656Z","level":"info","event":"Filling up the DagBag from /opt/airflow/dags/3_xcoms_bash.py","logger":"airflow.dag_processing.dagbag.BundleDagBag","filename":"dagbag.py","lineno":469}
{"timestamp":"2026-08-26T08:02:19.694632Z","level":"warning","event":"The `airflow.operators.bash.BashOperator` attribute is deprecated. Please use `'airflow.providers.standard.operators.bash.BashOperator'`.","category":"UserWarning","filename":"/opt/airflow/dags/3_xcoms_bash.py","lineno":2,"logger":"py.warnings"}
{"timestamp":"2026-08-26T08:02:50.178913Z","level":"info","event":"Filling up the DagBag from /opt/airflow/dags/3_xcoms_bash.py","logger":"airflow.dag_processing.dagbag.BundleDagBag","filename":"dagbag.py","lineno":469}
{"timestamp":"2026-08-26T08:02:50.229192Z","level":"warning","event":"The `airflow.operators.bash.BashOperator` attribute is deprecated. Please use `'airflow.providers.standard.operators.bash.BashOperator'`.","category":"UserWarning","filename":"/opt/airflow/dags/3_xcoms_bash.py","lineno":2,"logger":"py.warnings"}
{"timestamp":"2026-08-26T08:03:20.723627Z","level":"info","event":"Filling up the DagBag from /opt/airflow/dags/3_xcoms_bash.py","logger":"airflow.dag_processing.dagbag.BundleDagBag","filename":"dagbag.py","lineno":469}
{"timestamp":"2026-08-26T08:03:20.758833Z","level":"warning","event":"The `airflow.operators.bash.BashOperator` attribute is deprecated. Please use `'airflow.providers.standard.operators.bash.BashOperator'`.","category":"UserWarning","filename":"/opt/airflow/dags/3_xcoms_bash.py","lineno":2,"logger":"py.warnings"}
{"timestamp":"2026-08-26T08:03:51.266337Z","level":"info","event":"Filling up the DagBag from /opt/airflow/dags/3_xcoms_bash.py","logger":"airflow.dag_processing.dagbag.BundleDagBag","filename":"dagbag.py","lineno":469}
{"timestamp":"2026-08-26T08:03:51.311772Z","level":"warning","event":"The `airflow.operators.bash.BashOperator` attribute is deprecated. Please use `'airflow.providers.standard.operators.bash.BashOperator'`.","category":"UserWarning","filename":"/opt/airflow/dags/3_xcoms_bash.py","lineno":2,"logger":"py.warnings"}
{"timestamp":"2026-08-26T08:04:21.842156Z","level":"info","event":"Filling up the DagBag from /opt/airflow/dags/3_xcoms_bash.py","logger":"airflow.dag_processing.dagbag.BundleDagBag","filename":"dagbag.py","lineno":469}
{"timestamp":"2026-08-26T08:04:21.880375Z","level":"warning","event":"The `airflow.operators.bash.BashOperator` attribute is deprecated. Please use `'airflow.providers.standard.operators.bash.BashOperator'`.","category":"UserWarning","filename":"/opt/airflow/dags/3_xcoms_bash.py","lineno":2,"logger":"py.warnings"}
{"timestamp":"2026-08-26T08:04:52.423095Z","level":"info","event":"Filling up the DagBag from /opt/airflow/dags/3_xcoms_bash.py","logger":"airflow.dag_processing.dagbag.BundleDagBag","filename":"dagbag.py","lineno":469}
{"timestamp":"2026-08-26T08:04:52.458356Z","level":"warning","event":"The `airflow.operators.bash.BashOperator` attribute is deprecated. Please use `'airflow.providers.standard.operators.bash.BashOperator'`.","category":"UserWarning","filename":"/opt/airflow/dags/3_xcoms_bash.py","lineno":2,"logger":"py.warnings"}
{"timestamp":"2026-08-26T08:05:23.007081Z","level":"info","event":"Filling up the DagBag from /opt/airflow/dags/3_xcoms_bash.py","logger":"airflow.dag_processing.dagbag.BundleDagBag","filename":"dagbag.py","lineno":469}
{"timestamp":"2026-08-26T08:05:23.049415Z","level":"warning","event":"The `airflow.operators.bash.BashOperator` attribute is deprecated. Please use `'airflow.providers.standard.operators.bash.BashOperator'`.","category":"UserWarning","filename":"/opt/airflow/dags/3_xcoms_bash.py","lineno":2,"logger":"py.warnings"}
{"timestamp":"2026-08-26T08:05:53.574206Z","level":"info","event":"Filling up the DagBag from /opt/airflow/dags/3_xcoms_bash.py","logger":"airflow.dag_processing.dagbag.BundleDagBag","filename":"dagbag.py","lineno":469}
{"timestamp":"2026-08-26T08:05:53.628113Z","level":"warning","event":"The `airflow.operators.bash.BashOperator` attribute is deprecated. Please use `'airflow.providers.standard.operators.bash.BashOperator'`.","category":"UserWarning","filename":"/opt/airflow/dags/3_xcoms_bash.py","lineno":2,"logger":"py.warnings"}
{"timestamp":"2026-08-26T08:06:24.130790Z","level":"info","event":"Filling up the DagBag from /opt/airflow/dags/3_xcoms_bash.py","logger":"airflow.dag_processing.dagbag.BundleDagBag","filename":"dagbag.py","lineno":469}
{"timestamp":"2026-08-26T08:06:24.168705Z","level":"warning","event":"The `airflow.operators.bash.BashOperator` attribute is deprecated. Please use `'airflow.providers.standard.operators.bash.BashOperator'`.","category":"UserWarning","filename":"/opt/airflow/dags/3_xcoms_bash.py","lineno":2,"logger":"py.warnings"}
{"timestamp":"2026-08-26T08:06:54.652215Z","level":"info","event":"Filling up the DagBag from /opt/airflow/dags/3_xcoms_bash.py","logger":"airflow.dag_processing.dagbag.BundleDagBag","filename":"dagbag.py","lineno":469}
{"timestamp":"2026-08-26T08:06:54.688638Z","level":"warning","event":"The `airflow.operators.bash.BashOperator` attribute is deprecated. Please use `'airflow.providers.standard.operators.bash.BashOperator'`.","category":"UserWarning","filename":"/opt/airflow/dags/3_xcoms_bash.py","lineno":2,"logger":"py.warnings"}
{"timestamp":"2026-08-26T08:07:25.165669Z","level":"info","event":"Filling up the DagBag from /opt/airflow/dags/3_xcoms_bash.py","logger":"airflow.dag_processing.dagbag.BundleDagBag","filename":"dagbag.py","lineno":469}
{"timestamp":"2026-08-26T08:07:25.215515Z","level":"warning","event":"The `airflow.operators.bash.BashOperator` attribute is deprecated. Please use `'airflow.providers.standard.operators.bash.BashOperator'`.","category":"UserWarning","filename":"/opt/airflow/dags/3_xcoms_bash.py","lineno":2,"logger":"py.warnings"}
{"timestamp":"2026-08-26T08:07:55.723612Z","level":"info","event":"Filling up the DagBag from /opt/airflow/dags/3_xcoms_bash.py","logger":"airflow.dag_processing.dagbag.BundleDagBag","filename":"dagbag.py","lineno":469}
{"timestamp":"2026-08-26T08:07:55.761328Z","level":"warning","event":"The `airflow.operators.bash.BashOperator` attribute is deprecated. Please use `'airflow.providers.standard.operators.bash.BashOperator'`.","category":"UserWarning","filename":"/opt/airflow/dags/3_xcoms_bash.py","lineno":2,"logger":"py.warnings"}
{"timestamp":"2026-08-26T08:08:26.493331Z","level":"info","event":"Filling up the DagBag from /opt/airflow/dags/3_xcoms_bash.py","logger":"airflow.dag_processing.dagbag.BundleDagBag","filename":"dagbag.py","lineno":469}
{"timestamp":"2026-08-26T08:08:26.532343Z","level":"warning","event":"The `airflow.operators.bash.BashOperator` attribute is deprecated. Please use `'airflow.providers.standard.operators.bash.BashOperator'`.","category":"UserWarning","filename":"/opt/airflow/dags/3_xcoms_bash.py","lineno":2,"logger":"py.warnings"}
{"timestamp":"2026-08-26T08:08:57.077329Z","level":"info","event":"Filling up the DagBag from /opt/airflow/dags/3_xcoms_bash.py","logger":"airflow.dag_processing.dagbag.BundleDagBag","filename":"dagbag.py","lineno":469}
{"timestamp":"2026-08-26T08:08:57.147435Z","level":"warning","event":"The `airflow.operators.bash.BashOperator` attribute is deprecated. Please use `'airflow.providers.standard.operators.bash.BashOperator'`.","category":"UserWarning","filename":"/opt/airflow/dags/3_xcoms_bash.py","lineno":2,"logger":"py.warnings"}
{"timestamp":"2026-08-26T08:09:27.676350Z","level":"info","event":"Filling up the DagBag from /opt/airflow/dags/3_xcoms_bash.py","logger":"airflow.dag_processing.dagbag.BundleDagBag","filename":"dagbag.py","lineno":469}
{"timestamp":"2026-08-26T08:09:27.717688Z","level":"warning","event":"The `airflow.operators.bash.BashOperator` attribute is deprecated. Please use `'airflow.providers.standard.operators.bash.BashOperator'`.","category":"UserWarning","filename":"/opt/airflow/dags/3_xcoms_bash.py","lineno":2,"logger":"py.warnings"}
{"timestamp":"2026-08-26T08:09:58.202363Z","level":"info","event":"Filling up the DagBag from /opt/airflow/dags/3_xcoms_bash.py","logger":"airflow.dag_processing.dagbag.BundleDagBag","filename":"dagbag.py","lineno":469}
{"timestamp":"2026-08-26T08:09:58.241567Z","level":"warning","event":"The `airflow.operators.bash.BashOperator` attribute is deprecated. Please use `'airflow.providers.standard.operators.bash.BashOperator'`.","category":"UserWarning","filename":"/opt/airflow/dags/3_xcoms_bash.py","lineno":2,"logger":"py.warnings"}
{"timestamp":"2026-08-26T08:10:28.750810Z","level":"info","event":"Filling up the DagBag from /opt/airflow/dags/3_xcoms_bash.py","logger":"airflow.dag_processing.dagbag.BundleDagBag","filename":"dagbag.py","lineno":469}
{"timestamp":"2026-08-26T08:10:28.789014Z","level":"warning","event":"The `airflow.operators.bash.BashOperator` attribute is deprecated. Please use `'airflow.providers.standard.operators.bash.BashOperator'`.","category":"UserWarning","filename":"/opt/airflow/dags/3_xcoms_bash.py","lineno":2,"logger":"py.warnings"}
{"timestamp":"2026-08-26T08:10:59.354584Z","level":"info","event":"Filling up the DagBag from /opt/airflow/dags/3_xcoms_bash.py","logger":"airflow.dag_processing.dagbag.BundleDagBag","filename":"dagbag.py","lineno":469}
{"timestamp":"2026-08-26T08:10:59.387707Z","level":"warning","event":"The `airflow.operators.bash.BashOperator` attribute is deprecated. Please use `'airflow.providers.standard.operators.bash.BashOperator'`.","category":"UserWarning","filename":"/opt/airflow/dags/3_xcoms_bash.py","lineno":2,"logger":"py.warnings"}
{"timestamp":"2026-08-26T08:11:29.945780Z","level":"info","event":"Filling up the DagBag from /opt/airflow/dags/3_xcoms_bash.py","logger":"airflow.dag_processing.dagbag.BundleDagBag","filename":"dagbag.py","lineno":469}
{"timestamp":"2026-08-26T08:11:29.982736Z","level":"warning","event":"The `airflow.operators.bash.BashOperator` attribute is deprecated. Please use `'airflow.providers.standard.operators.bash.BashOperator'`.","category":"UserWarning","filename":"/opt/airflow/dags/3_xcoms_bash.py","lineno":2,"logger":"py.warnings"}
{"timestamp":"2026-08-26T08:12:00.478805Z","level":"info","event":"Filling up the DagBag from /opt/airflow/dags/3_xcoms_bash.py","logger":"airflow.dag_processing.dagbag.BundleDagBag","filename":"dagbag.py","lineno":469}
{"timestamp":"2026-08-26T08:12:00.517629Z","level":"warning","event":"The `airflow.operators.bash.BashOperator` attribute is deprecated. Please use `'airflow.providers.standard.operators.bash.BashOperator'`.","category":"UserWarning","filename":"/opt/airflow/dags/3_xcoms_bash.py","lineno":2,"logger":"py.warnings"}
{"timestamp":"2026-08-26T08:12:31.370545Z","level":"info","event":"Filling up the DagBag from /opt/airflow/dags/3_xcoms_bash.py","logger":"airflow.dag_processing.dagbag.BundleDagBag","filename":"dagbag.py","lineno":469}
{"timestamp":"2026-08-26T08:12:31.406813Z","level":"warning","event":"The `airflow.operators.bash.BashOperator` attribute is deprecated. Please use `'airflow.providers.standard.operators.bash.BashOperator'`.","category":"UserWarning","filename":"/opt/airflow/dags/3_xcoms_bash.py","lineno":2,"logger":"py.warnings"}
{"timestamp":"2026-08-26T08:13:01.935114Z","level":"info","event":"Filling up the DagBag from /opt/airflow/dags/3_xcoms_bash.py","logger":"airflow.dag_processing.dagbag.BundleDagBag","filename":"dagbag.py","lineno":469}
{"timestamp":"2026-08-26T08:13:01.970833Z","level":"warning","event":"The `airflow.operators.bash.BashOperator` attribute is deprecated. Please use `'airflow.providers.standard.operators.bash.BashOperator'`.","category":"UserWarning","filename":"/opt/airflow/dags/3_xcoms_bash.py","lineno":2,"logger":"py.warnings"}
{"timestamp":"2026-08-26T08:13:32.491139Z","level":"info","event":"Filling up the DagBag from /opt/airflow/dags/3_xcoms_bash.py","logger":"airflow.dag_processing.dagbag.BundleDagBag","filename":"dagbag.py","lineno":469}
{"timestamp":"2026-08-26T08:13:32.526194Z","level":"warning","event":"The `airflow.operators.bash.BashOperator` attribute is deprecated. Please use `'airflow.providers.standard.operators.bash.BashOperator'`.","category":"UserWarning","filename":"/opt/airflow/dags/3_xcoms_bash.py","lineno":2,"logger":"py.warnings"}
{"timestamp":"2026-08-26T08:14:03.048157Z","level":"info","event":"Filling up the DagBag from /opt/airflow/dags/3_xcoms_bash.py","logger":"airflow.dag_processing.dagbag.BundleDagBag","filename":"dagbag.py","lineno":469}
{"timestamp":"2026-08-26T08:14:03.084097Z","level":"warning","event":"The `airflow.operators.bash.BashOperator` attribute is deprecated. Please use `'airflow.providers.standard.operators.bash.BashOperator'`.","category":"UserWarning","filename":"/opt/airflow/dags/3_xcoms_bash.py","lineno":2,"logger":"py.warnings"}
{"timestamp":"2026-08-26T08:14:33.599990Z","level":"info","event":"Filling up the DagBag from /opt/airflow/dags/3_xcoms_bash.py","logger":"airflow.dag_processing.dagbag.BundleDagBag","filename":"dagbag.py","lineno":469}
{"timestamp":"2026-08-26T08:14:33.644689Z","level":"warning","event":"The `airflow.operators.bash.BashOperator` attribute is deprecated. Please use `'airflow.providers.standard.operators.bash.BashOperator'`.","category":"UserWarning","filename":"/opt/airflow/dags/3_xcoms_bash.py","lineno":2,"logger":"py.warnings"}
{"timestamp":"2026-08-26T08:15:04.176263Z","level":"info","event":"Filling up the DagBag from /opt/airflow/dags/3_xcoms_bash.py","logger":"airflow.dag_processing.dagbag.BundleDagBag","filename":"dagbag.py","lineno":469}
{"timestamp":"2026-08-26T08:15:04.230778Z","level":"warning","event":"The `airflow.operators.bash.BashOperator` attribute is deprecated. Please use `'airflow.providers.standard.operators.bash.BashOperator'`.","category":"UserWarning","filename":"/opt/airflow/dags/3_xcoms_bash.py","lineno":2,"logger":"py.warnings"}
{"timestamp":"2026-08-26T08:15:34.753601Z","level":"info","event":"Filling up the DagBag from /opt/airflow/dags/3_xcoms_bash.py","logger":"airflow.dag_processing.dagbag.BundleDagBag","filename":"dagbag.py","lineno":469}
{"timestamp":"2026-08-26T08:15:34.788736Z","level":"warning","event":"The `airflow.operators.bash.BashOperator` attribute is deprecated. Please use `'airflow.providers.standard.operators.bash.BashOperator'`.","category":"UserWarning","filename":"/opt/airflow/dags/3_xcoms_bash.py","lineno":2,"logger":"py.warnings"}
{"timestamp":"2026-08-26T08:16:05.292100Z","level":"info","event":"Filling up the DagBag from /opt/airflow/dags/3_xcoms_bash.py","logger":"airflow.dag_processing.dagbag.BundleDagBag","filename":"dagbag.py","lineno":469}
{"timestamp":"2026-08-26T08:16:05.332793Z","level":"warning","event":"The `airflow.operators.bash.BashOperator` attribute is deprecated. Please use `'airflow.providers.standard.operators.bash.BashOperator'`.","category":"UserWarning","filename":"/opt/airflow/dags/3_xcoms_bash.py","lineno":2,"logger":"py.warnings"}
{"timestamp":"2026-08-26T08:16:35.829387Z","level":"info","event":"Filling up the DagBag from /opt/airflow/dags/3_xcoms_bash.py","logger":"airflow.dag_processing.dagbag.BundleDagBag","filename":"dagbag.py","lineno":469}
{"timestamp":"2026-08-26T08:16:35.863826Z","level":"warning","event":"The `airflow.operators.bash.BashOperator` attribute is deprecated. Please use `'airflow.providers.standard.operators.bash.BashOperator'`.","category":"UserWarning","filename":"/opt/airflow/dags/3_xcoms_bash.py","lineno":2,"logger":"py.warnings"}
{"timestamp":"2026-08-26T08:17:06.385137Z","level":"info","event":"Filling up the DagBag from /opt/airflow/dags/3_xcoms_bash.py","logger":"airflow.dag_processing.dagbag.BundleDagBag","filename":"dagbag.py","lineno":469}
{"timestamp":"2026-08-26T08:17:06.420402Z","level":"warning","event":"The `airflow.operators.bash.BashOperator` attribute is deprecated. Please use `'airflow.providers.standard.operators.bash.BashOperator'`.","category":"UserWarning","filename":"/opt/airflow/dags/3_xcoms_bash.py","lineno":2,"logger":"py.warnings"}
{"timestamp":"2026-08-26T08:17:36.984869Z","level":"info","event":"Filling up the DagBag from /opt/airflow/dags/3_xcoms_bash.py","logger":"airflow.dag_processing.dagbag.BundleDagBag","filename":"dagbag.py","lineno":469}
{"timestamp":"2026-08-26T08:17:37.028035Z","level":"warning","event":"The `airflow.operators.bash.BashOperator` attribute is deprecated. Please use `'airflow.providers.standard.operators.bash.BashOperator'`.","category":"UserWarning","filename":"/opt/airflow/dags/3_xcoms_bash.py","lineno":2,"logger":"py.warnings"}
{"timestamp":"2026-08-26T08:18:07.623039Z","level":"info","event":"Filling up the DagBag from /opt/airflow/dags/3_xcoms_bash.py","logger":"airflow.dag_processing.dagbag.BundleDagBag","filename":"dagbag.py","lineno":469}
{"timestamp":"2026-08-26T08:18:07.663113Z","level":"warning","event":"The `airflow.operators.bash.BashOperator` attribute is deprecated. Please use `'airflow.providers.standard.operators.bash.BashOperator'`.","category":"UserWarning","filename":"/opt/airflow/dags/3_xcoms_bash.py","lineno":2,"logger":"py.warnings"}
{"timestamp":"2026-08-26T08:18:38.264060Z","level":"info","event":"Filling up the DagBag from /opt/airflow/dags/3_xcoms_bash.py","logger":"airflow.dag_processing.dagbag.BundleDagBag","filename":"dagbag.py","lineno":469}
{"timestamp":"2026-08-26T08:18:38.299065Z","level":"warning","event":"The `airflow.operators.bash.BashOperator` attribute is deprecated. Please use `'airflow.providers.standard.operators.bash.BashOperator'`.","category":"UserWarning","filename":"/opt/airflow/dags/3_xcoms_bash.py","lineno":2,"logger":"py.warnings"}
{"timestamp":"2026-08-26T08:19:08.849525Z","level":"info","event":"Filling up the DagBag from /opt/airflow/dags/3_xcoms_bash.py","logger":"airflow.dag_processing.dagbag.BundleDagBag","filename":"dagbag.py","lineno":469}
{"timestamp":"2026-08-26T08:19:08.884008Z","level":"warning","event":"The `airflow.operators.bash.BashOperator` attribute is deprecated. Please use `'airflow.providers.standard.operators.bash.BashOperator'`.","category":"UserWarning","filename":"/opt/airflow/dags/3_xcoms_bash.py","lineno":2,"logger":"py.warnings"}
{"timestamp":"2026-08-26T08:19:39.653789Z","level":"info","event":"Filling up the DagBag from /opt/airflow/dags/3_xcoms_bash.py","logger":"airflow.dag_processing.dagbag.BundleDagBag","filename":"dagbag.py","lineno":469}
{"timestamp":"2026-08-26T08:19:39.689375Z","level":"warning","event":"The `airflow.operators.bash.BashOperator` attribute is deprecated. Please use `'airflow.providers.standard.operators.bash.BashOperator'`.","category":"UserWarning","filename":"/opt/airflow/dags/3_xcoms_bash.py","lineno":2,"logger":"py.warnings"}
{"timestamp":"2026-08-26T08:20:10.102925Z","level":"info","event":"Filling up the DagBag from /opt/airflow/dags/3_xcoms_bash.py","logger":"airflow.dag_processing.dagbag.BundleDagBag","filename":"dagbag.py","lineno":469}
{"timestamp":"2026-08-26T08:20:10.139118Z","level":"warning","event":"The `airflow.operators.bash.BashOperator` attribute is deprecated. Please use `'airflow.providers.standard.operators.bash.BashOperator'`.","category":"UserWarning","filename":"/opt/airflow/dags/3_xcoms_bash.py","lineno":2,"logger":"py.warnings"}
{"timestamp":"2026-08-26T08:20:40.779716Z","level":"info","event":"Filling up the DagBag from /opt/airflow/dags/3_xcoms_bash.py","logger":"airflow.dag_processing.dagbag.BundleDagBag","filename":"dagbag.py","lineno":469}
{"timestamp":"2026-08-26T08:20:40.814774Z","level":"warning","event":"The `airflow.operators.bash.BashOperator` attribute is deprecated. Please use `'airflow.providers.standard.operators.bash.BashOperator'`.","category":"UserWarning","filename":"/opt/airflow/dags/3_xcoms_bash.py","lineno":2,"logger":"py.warnings"}
{"timestamp":"2026-08-26T08:21:11.521859Z","level":"info","event":"Filling up the DagBag from /opt/airflow/dags/3_xcoms_bash.py","logger":"airflow.dag_processing.dagbag.BundleDagBag","filename":"dagbag.py","lineno":469}
{"timestamp":"2026-08-26T08:21:11.573165Z","level":"warning","event":"The `airflow.operators.bash.BashOperator` attribute is deprecated. Please use `'airflow.providers.standard.operators.bash.BashOperator'`.","category":"UserWarning","filename":"/opt/airflow/dags/3_xcoms_bash.py","lineno":2,"logger":"py.warnings"}
{"timestamp":"2026-08-26T08:21:42.301489Z","level":"info","event":"Filling up the DagBag from /opt/airflow/dags/3_xcoms_bash.py","logger":"airflow.dag_processing.dagbag.BundleDagBag","filename":"dagbag.py","lineno":469}
{"timestamp":"2026-08-26T08:21:42.358472Z","level":"warning","event":"The `airflow.operators.bash.BashOperator` attribute is deprecated. Please use `'airflow.providers.standard.operators.bash.BashOperator'`.","category":"UserWarning","filename":"/opt/airflow/dags/3_xcoms_bash.py","lineno":2,"logger":"py.warnings"}
{"timestamp":"2026-08-26T08:22:12.833827Z","level":"info","event":"Filling up the DagBag from /opt/airflow/dags/3_xcoms_bash.py","logger":"airflow.dag_processing.dagbag.BundleDagBag","filename":"dagbag.py","lineno":469}
{"timestamp":"2026-08-26T08:22:12.873182Z","level":"warning","event":"The `airflow.operators.bash.BashOperator` attribute is deprecated. Please use `'airflow.providers.standard.operators.bash.BashOperator'`.","category":"UserWarning","filename":"/opt/airflow/dags/3_xcoms_bash.py","lineno":2,"logger":"py.warnings"}
{"timestamp":"2026-08-26T08:22:43.352808Z","level":"info","event":"Filling up the DagBag from /opt/airflow/dags/3_xcoms_bash.py","logger":"airflow.dag_processing.dagbag.BundleDagBag","filename":"dagbag.py","lineno":469}
{"timestamp":"2026-08-26T08:22:43.388082Z","level":"warning","event":"The `airflow.operators.bash.BashOperator` attribute is deprecated. Please use `'airflow.providers.standard.operators.bash.BashOperator'`.","category":"UserWarning","filename":"/opt/airflow/dags/3_xcoms_bash.py","lineno":2,"logger":"py.warnings"}
{"timestamp":"2026-08-26T08:23:13.887469Z","level":"info","event":"Filling up the DagBag from /opt/airflow/dags/3_xcoms_bash.py","logger":"airflow.dag_processing.dagbag.BundleDagBag","filename":"dagbag.py","lineno":469}
{"timestamp":"2026-08-26T08:23:13.922008Z","level":"warning","event":"The `airflow.operators.bash.BashOperator` attribute is deprecated. Please use `'airflow.providers.standard.operators.bash.BashOperator'`.","category":"UserWarning","filename":"/opt/airflow/dags/3_xcoms_bash.py","lineno":2,"logger":"py.warnings"}
{"timestamp":"2026-08-26T08:23:44.958272Z","level":"info","event":"Filling up the DagBag from /opt/airflow/dags/3_xcoms_bash.py","logger":"airflow.dag_processing.dagbag.BundleDagBag","filename":"dagbag.py","lineno":469}
{"timestamp":"2026-08-26T08:23:44.991464Z","level":"warning","event":"The `airflow.operators.bash.BashOperator` attribute is deprecated. Please use `'airflow.providers.standard.operators.bash.BashOperator'`.","category":"UserWarning","filename":"/opt/airflow/dags/3_xcoms_bash.py","lineno":2,"logger":"py.warnings"}
{"timestamp":"2026-08-26T08:24:15.536818Z","level":"info","event":"Filling up the DagBag from /opt/airflow/dags/3_xcoms_bash.py","logger":"airflow.dag_processing.dagbag.BundleDagBag","filename":"dagbag.py","lineno":469}
{"timestamp":"2026-08-26T08:24:15.575040Z","level":"warning","event":"The `airflow.operators.bash.BashOperator` attribute is deprecated. Please use `'airflow.providers.standard.operators.bash.BashOperator'`.","category":"UserWarning","filename":"/opt/airflow/dags/3_xcoms_bash.py","lineno":2,"logger":"py.warnings"}
{"timestamp":"2026-08-26T08:24:46.230692Z","level":"info","event":"Filling up the DagBag from /opt/airflow/dags/3_xcoms_bash.py","logger":"airflow.dag_processing.dagbag.BundleDagBag","filename":"dagbag.py","lineno":469}
{"timestamp":"2026-08-26T08:24:46.267210Z","level":"warning","event":"The `airflow.operators.bash.BashOperator` attribute is deprecated. Please use `'airflow.providers.standard.operators.bash.BashOperator'`.","category":"UserWarning","filename":"/opt/airflow/dags/3_xcoms_bash.py","lineno":2,"logger":"py.warnings"}
{"timestamp":"2026-08-26T08:25:16.849532Z","level":"info","event":"Filling up the DagBag from /opt/airflow/dags/3_xcoms_bash.py","logger":"airflow.dag_processing.dagbag.BundleDagBag","filename":"dagbag.py","lineno":469}
{"timestamp":"2026-08-26T08:25:16.888564Z","level":"warning","event":"The `airflow.operators.bash.BashOperator` attribute is deprecated. Please use `'airflow.providers.standard.operators.bash.BashOperator'`.","category":"UserWarning","filename":"/opt/airflow/dags/3_xcoms_bash.py","lineno":2,"logger":"py.warnings"}
{"timestamp":"2026-08-26T08:25:47.582381Z","level":"info","event":"Filling up the DagBag from /opt/airflow/dags/3_xcoms_bash.py","logger":"airflow.dag_processing.dagbag.BundleDagBag","filename":"dagbag.py","lineno":469}
{"timestamp":"2026-08-26T08:25:47.618614Z","level":"warning","event":"The `airflow.operators.bash.BashOperator` attribute is deprecated. Please use `'airflow.providers.standard.operators.bash.BashOperator'`.","category":"UserWarning","filename":"/opt/airflow/dags/3_xcoms_bash.py","lineno":2,"logger":"py.warnings"}
{"timestamp":"2026-08-26T08:26:18.121623Z","level":"info","event":"Filling up the DagBag from /opt/airflow/dags/3_xcoms_bash.py","logger":"airflow.dag_processing.dagbag.BundleDagBag","filename":"dagbag.py","lineno":469}
{"timestamp":"2026-08-26T08:26:18.160836Z","level":"warning","event":"The `airflow.operators.bash.BashOperator` attribute is deprecated. Please use `'airflow.providers.standard.operators.bash.BashOperator'`.","category":"UserWarning","filename":"/opt/airflow/dags/3_xcoms_bash.py","lineno":2,"logger":"py.warnings"}
{"timestamp":"2026-08-26T08:26:48.647883Z","level":"info","event":"Filling up the DagBag from /opt/airflow/dags/3_xcoms_bash.py","logger":"airflow.dag_processing.dagbag.BundleDagBag","filename":"dagbag.py","lineno":469}
{"timestamp":"2026-08-26T08:26:48.682215Z","level":"warning","event":"The `airflow.operators.bash.BashOperator` attribute is deprecated. Please use `'airflow.providers.standard.operators.bash.BashOperator'`.","category":"UserWarning","filename":"/opt/airflow/dags/3_xcoms_bash.py","lineno":2,"logger":"py.warnings"}
{"timestamp":"2026-08-26T08:27:19.177624Z","level":"info","event":"Filling up the DagBag from /opt/airflow/dags/3_xcoms_bash.py","logger":"airflow.dag_processing.dagbag.BundleDagBag","filename":"dagbag.py","lineno":469}
{"timestamp":"2026-08-26T08:27:19.217434Z","level":"warning","event":"The `airflow.operators.bash.BashOperator` attribute is deprecated. Please use `'airflow.providers.standard.operators.bash.BashOperator'`.","category":"UserWarning","filename":"/opt/airflow/dags/3_xcoms_bash.py","lineno":2,"logger":"py.warnings"}
{"timestamp":"2026-08-26T08:27:49.690152Z","level":"info","event":"Filling up the DagBag from /opt/airflow/dags/3_xcoms_bash.py","logger":"airflow.dag_processing.dagbag.BundleDagBag","filename":"dagbag.py","lineno":469}
{"timestamp":"2026-08-26T08:27:49.728409Z","level":"warning","event":"The `airflow.operators.bash.BashOperator` attribute is deprecated. Please use `'airflow.providers.standard.operators.bash.BashOperator'`.","category":"UserWarning","filename":"/opt/airflow/dags/3_xcoms_bash.py","lineno":2,"logger":"py.warnings"}
{"timestamp":"2026-08-26T08:28:20.259553Z","level":"info","event":"Filling up the DagBag from /opt/airflow/dags/3_xcoms_bash.py","logger":"airflow.dag_processing.dagbag.BundleDagBag","filename":"dagbag.py","lineno":469}
{"timestamp":"2026-08-26T08:28:20.346868Z","level":"warning","event":"The `airflow.operators.bash.BashOperator` attribute is deprecated. Please use `'airflow.providers.standard.operators.bash.BashOperator'`.","category":"UserWarning","filename":"/opt/airflow/dags/3_xcoms_bash.py","lineno":2,"logger":"py.warnings"}
{"timestamp":"2026-08-26T08:28:50.871893Z","level":"info","event":"Filling up the DagBag from /opt/airflow/dags/3_xcoms_bash.py","logger":"airflow.dag_processing.dagbag.BundleDagBag","filename":"dagbag.py","lineno":469}
{"timestamp":"2026-08-26T08:28:50.923601Z","level":"warning","event":"The `airflow.operators.bash.BashOperator` attribute is deprecated. Please use `'airflow.providers.standard.operators.bash.BashOperator'`.","category":"UserWarning","filename":"/opt/airflow/dags/3_xcoms_bash.py","lineno":2,"logger":"py.warnings"}
{"timestamp":"2026-08-26T08:29:21.468011Z","level":"info","event":"Filling up the DagBag from /opt/airflow/dags/3_xcoms_bash.py","logger":"airflow.dag_processing.dagbag.BundleDagBag","filename":"dagbag.py","lineno":469}
{"timestamp":"2026-08-26T08:29:21.503863Z","level":"warning","event":"The `airflow.operators.bash.BashOperator` attribute is deprecated. Please use `'airflow.providers.standard.operators.bash.BashOperator'`.","category":"UserWarning","filename":"/opt/airflow/dags/3_xcoms_bash.py","lineno":2,"logger":"py.warnings"}
{"timestamp":"2026-08-26T08:29:52.088494Z","level":"info","event":"Filling up the DagBag from /opt/airflow/dags/3_xcoms_bash.py","logger":"airflow.dag_processing.dagbag.BundleDagBag","filename":"dagbag.py","lineno":469}
{"timestamp":"2026-08-26T08:29:52.128424Z","level":"warning","event":"The `airflow.operators.bash.BashOperator` attribute is deprecated. Please use `'airflow.providers.standard.operators.bash.BashOperator'`.","category":"UserWarning","filename":"/opt/airflow/dags/3_xcoms_bash.py","lineno":2,"logger":"py.warnings"}
{"timestamp":"2026-08-26T08:30:22.675388Z","level":"info","event":"Filling up the DagBag from /opt/airflow/dags/3_xcoms_bash.py","logger":"airflow.dag_processing.dagbag.BundleDagBag","filename":"dagbag.py","lineno":469}
{"timestamp":"2026-08-26T08:30:22.711605Z","level":"warning","event":"The `airflow.operators.bash.BashOperator` attribute is deprecated. Please use `'airflow.providers.standard.operators.bash.BashOperator'`.","category":"UserWarning","filename":"/opt/airflow/dags/3_xcoms_bash.py","lineno":2,"logger":"py.warnings"}
{"timestamp":"2026-08-26T08:30:53.184022Z","level":"info","event":"Filling up the DagBag from /opt/airflow/dags/3_xcoms_bash.py","logger":"airflow.dag_processing.dagbag.BundleDagBag","filename":"dagbag.py","lineno":469}
{"timestamp":"2026-08-26T08:30:53.224732Z","level":"warning","event":"The `airflow.operators.bash.BashOperator` attribute is deprecated. Please use `'airflow.providers.standard.operators.bash.BashOperator'`.","category":"UserWarning","filename":"/opt/airflow/dags/3_xcoms_bash.py","lineno":2,"logger":"py.warnings"}
{"timestamp":"2026-08-26T08:31:23.742015Z","level":"info","event":"Filling up the DagBag from /opt/airflow/dags/3_xcoms_bash.py","logger":"airflow.dag_processing.dagbag.BundleDagBag","filename":"dagbag.py","lineno":469}
{"timestamp":"2026-08-26T08:31:23.777193Z","level":"warning","event":"The `airflow.operators.bash.BashOperator` attribute is deprecated. Please use `'airflow.providers.standard.operators.bash.BashOperator'`.","category":"UserWarning","filename":"/opt/airflow/dags/3_xcoms_bash.py","lineno":2,"logger":"py.warnings"}
{"timestamp":"2026-08-26T08:31:54.252581Z","level":"info","event":"Filling up the DagBag from /opt/airflow/dags/3_xcoms_bash.py","logger":"airflow.dag_processing.dagbag.BundleDagBag","filename":"dagbag.py","lineno":469}
{"timestamp":"2026-08-26T08:31:54.289841Z","level":"warning","event":"The `airflow.operators.bash.BashOperator` attribute is deprecated. Please use `'airflow.providers.standard.operators.bash.BashOperator'`.","category":"UserWarning","filename":"/opt/airflow/dags/3_xcoms_bash.py","lineno":2,"logger":"py.warnings"}
{"timestamp":"2026-08-26T08:32:24.795405Z","level":"info","event":"Filling up the DagBag from /opt/airflow/dags/3_xcoms_bash.py","logger":"airflow.dag_processing.dagbag.BundleDagBag","filename":"dagbag.py","lineno":469}
{"timestamp":"2026-08-26T08:32:24.833228Z","level":"warning","event":"The `airflow.operators.bash.BashOperator` attribute is deprecated. Please use `'airflow.providers.standard.operators.bash.BashOperator'`.","category":"UserWarning","filename":"/opt/airflow/dags/3_xcoms_bash.py","lineno":2,"logger":"py.warnings"}
{"timestamp":"2026-08-26T08:32:55.077755Z","level":"info","event":"Filling up the DagBag from /opt/airflow/dags/3_xcoms_bash.py","logger":"airflow.dag_processing.dagbag.BundleDagBag","filename":"dagbag.py","lineno":469}
{"timestamp":"2026-08-26T08:32:55.119411Z","level":"warning","event":"The `airflow.operators.bash.BashOperator` attribute is deprecated. Please use `'airflow.providers.standard.operators.bash.BashOperator'`.","category":"UserWarning","filename":"/opt/airflow/dags/3_xcoms_bash.py","lineno":2,"logger":"py.warnings"}
{"timestamp":"2026-08-26T08:33:25.976515Z","level":"info","event":"Filling up the DagBag from /opt/airflow/dags/3_xcoms_bash.py","logger":"airflow.dag_processing.dagbag.BundleDagBag","filename":"dagbag.py","lineno":469}
{"timestamp":"2026-08-26T08:33:26.019422Z","level":"warning","event":"The `airflow.operators.bash.BashOperator` attribute is deprecated. Please use `'airflow.providers.standard.operators.bash.BashOperator'`.","category":"UserWarning","filename":"/opt/airflow/dags/3_xcoms_bash.py","lineno":2,"logger":"py.warnings"}
{"timestamp":"2026-08-26T08:33:56.195085Z","level":"info","event":"Filling up the DagBag from /opt/airflow/dags/3_xcoms_bash.py","logger":"airflow.dag_processing.dagbag.BundleDagBag","filename":"dagbag.py","lineno":469}
{"timestamp":"2026-08-26T08:33:56.304320Z","level":"warning","event":"The `airflow.operators.bash.BashOperator` attribute is deprecated. Please use `'airflow.providers.standard.operators.bash.BashOperator'`.","category":"UserWarning","filename":"/opt/airflow/dags/3_xcoms_bash.py","lineno":2,"logger":"py.warnings"}
{"timestamp":"2026-08-26T08:34:26.453478Z","level":"info","event":"Filling up the DagBag from /opt/airflow/dags/3_xcoms_bash.py","logger":"airflow.dag_processing.dagbag.BundleDagBag","filename":"dagbag.py","lineno":469}
{"timestamp":"2026-08-26T08:34:26.490792Z","level":"warning","event":"The `airflow.operators.bash.BashOperator` attribute is deprecated. Please use `'airflow.providers.standard.operators.bash.BashOperator'`.","category":"UserWarning","filename":"/opt/airflow/dags/3_xcoms_bash.py","lineno":2,"logger":"py.warnings"}
{"timestamp":"2026-08-26T08:34:57.301689Z","level":"info","event":"Filling up the DagBag from /opt/airflow/dags/3_xcoms_bash.py","logger":"airflow.dag_processing.dagbag.BundleDagBag","filename":"dagbag.py","lineno":469}
{"timestamp":"2026-08-26T08:34:57.342816Z","level":"warning","event":"The `airflow.operators.bash.BashOperator` attribute is deprecated. Please use `'airflow.providers.standard.operators.bash.BashOperator'`.","category":"UserWarning","filename":"/opt/airflow/dags/3_xcoms_bash.py","lineno":2,"logger":"py.warnings"}
{"timestamp":"2026-08-26T08:35:28.118284Z","level":"info","event":"Filling up the DagBag from /opt/airflow/dags/3_xcoms_bash.py","logger":"airflow.dag_processing.dagbag.BundleDagBag","filename":"dagbag.py","lineno":469}
{"timestamp":"2026-08-26T08:35:28.162582Z","level":"warning","event":"The `airflow.operators.bash.BashOperator` attribute is deprecated. Please use `'airflow.providers.standard.operators.bash.BashOperator'`.","category":"UserWarning","filename":"/opt/airflow/dags/3_xcoms_bash.py","lineno":2,"logger":"py.warnings"}
{"timestamp":"2026-08-26T08:35:58.298007Z","level":"info","event":"Filling up the DagBag from /opt/airflow/dags/3_xcoms_bash.py","logger":"airflow.dag_processing.dagbag.BundleDagBag","filename":"dagbag.py","lineno":469}
{"timestamp":"2026-08-26T08:35:58.332203Z","level":"warning","event":"The `airflow.operators.bash.BashOperator` attribute is deprecated. Please use `'airflow.providers.standard.operators.bash.BashOperator'`.","category":"UserWarning","filename":"/opt/airflow/dags/3_xcoms_bash.py","lineno":2,"logger":"py.warnings"}
{"timestamp":"2026-08-26T08:36:29.254488Z","level":"info","event":"Filling up the DagBag from /opt/airflow/dags/3_xcoms_bash.py","logger":"airflow.dag_processing.dagbag.BundleDagBag","filename":"dagbag.py","lineno":469}
{"timestamp":"2026-08-26T08:36:29.287612Z","level":"warning","event":"The `airflow.operators.bash.BashOperator` attribute is deprecated. Please use `'airflow.providers.standard.operators.bash.BashOperator'`.","category":"UserWarning","filename":"/opt/airflow/dags/3_xcoms_bash.py","lineno":2,"logger":"py.warnings"}
{"timestamp":"2026-08-26T08:36:59.859804Z","level":"info","event":"Filling up the DagBag from /opt/airflow/dags/3_xcoms_bash.py","logger":"airflow.dag_processing.dagbag.BundleDagBag","filename":"dagbag.py","lineno":469}
{"timestamp":"2026-08-26T08:36:59.903171Z","level":"warning","event":"The `airflow.operators.bash.BashOperator` attribute is deprecated. Please use `'airflow.providers.standard.operators.bash.BashOperator'`.","category":"UserWarning","filename":"/opt/airflow/dags/3_xcoms_bash.py","lineno":2,"logger":"py.warnings"}
{"timestamp":"2026-08-26T08:37:30.845905Z","level":"info","event":"Filling up the DagBag from /opt/airflow/dags/3_xcoms_bash.py","logger":"airflow.dag_processing.dagbag.BundleDagBag","filename":"dagbag.py","lineno":469}
{"timestamp":"2026-08-26T08:37:30.884129Z","level":"warning","event":"The `airflow.operators.bash.BashOperator` attribute is deprecated. Please use `'airflow.providers.standard.operators.bash.BashOperator'`.","category":"UserWarning","filename":"/opt/airflow/dags/3_xcoms_bash.py","lineno":2,"logger":"py.warnings"}
{"timestamp":"2026-08-26T08:38:01.732265Z","level":"info","event":"Filling up the DagBag from /opt/airflow/dags/3_xcoms_bash.py","logger":"airflow.dag_processing.dagbag.BundleDagBag","filename":"dagbag.py","lineno":469}
{"timestamp":"2026-08-26T08:38:01.769524Z","level":"warning","event":"The `airflow.operators.bash.BashOperator` attribute is deprecated. Please use `'airflow.providers.standard.operators.bash.BashOperator'`.","category":"UserWarning","filename":"/opt/airflow/dags/3_xcoms_bash.py","lineno":2,"logger":"py.warnings"}
{"timestamp":"2026-08-26T08:38:32.452258Z","level":"info","event":"Filling up the DagBag from /opt/airflow/dags/3_xcoms_bash.py","logger":"airflow.dag_processing.dagbag.BundleDagBag","filename":"dagbag.py","lineno":469}
{"timestamp":"2026-08-26T08:38:32.496602Z","level":"warning","event":"The `airflow.operators.bash.BashOperator` attribute is deprecated. Please use `'airflow.providers.standard.operators.bash.BashOperator'`.","category":"UserWarning","filename":"/opt/airflow/dags/3_xcoms_bash.py","lineno":2,"logger":"py.warnings"}
{"timestamp":"2026-08-26T08:39:03.271637Z","level":"info","event":"Filling up the DagBag from /opt/airflow/dags/3_xcoms_bash.py","logger":"airflow.dag_processing.dagbag.BundleDagBag","filename":"dagbag.py","lineno":469}
{"timestamp":"2026-08-26T08:39:03.307559Z","level":"warning","event":"The `airflow.operators.bash.BashOperator` attribute is deprecated. Please use `'airflow.providers.standard.operators.bash.BashOperator'`.","category":"UserWarning","filename":"/opt/airflow/dags/3_xcoms_bash.py","lineno":2,"logger":"py.warnings"}
{"timestamp":"2026-08-26T08:39:33.978267Z","level":"info","event":"Filling up the DagBag from /opt/airflow/dags/3_xcoms_bash.py","logger":"airflow.dag_processing.dagbag.BundleDagBag","filename":"dagbag.py","lineno":469}
{"timestamp":"2026-08-26T08:39:34.021187Z","level":"warning","event":"The `airflow.operators.bash.BashOperator` attribute is deprecated. Please use `'airflow.providers.standard.operators.bash.BashOperator'`.","category":"UserWarning","filename":"/opt/airflow/dags/3_xcoms_bash.py","lineno":2,"logger":"py.warnings"}
{"timestamp":"2026-08-26T08:40:04.892296Z","level":"info","event":"Filling up the DagBag from /opt/airflow/dags/3_xcoms_bash.py","logger":"airflow.dag_processing.dagbag.BundleDagBag","filename":"dagbag.py","lineno":469}
{"timestamp":"2026-08-26T08:40:04.947686Z","level":"warning","event":"The `airflow.operators.bash.BashOperator` attribute is deprecated. Please use `'airflow.providers.standard.operators.bash.BashOperator'`.","category":"UserWarning","filename":"/opt/airflow/dags/3_xcoms_bash.py","lineno":2,"logger":"py.warnings"}
{"timestamp":"2026-08-26T08:40:35.053900Z","level":"info","event":"Filling up the DagBag from /opt/airflow/dags/3_xcoms_bash.py","logger":"airflow.dag_processing.dagbag.BundleDagBag","filename":"dagbag.py","lineno":469}
{"timestamp":"2026-08-26T08:40:35.086373Z","level":"warning","event":"The `airflow.operators.bash.BashOperator` attribute is deprecated. Please use `'airflow.providers.standard.operators.bash.BashOperator'`.","category":"UserWarning","filename":"/opt/airflow/dags/3_xcoms_bash.py","lineno":2,"logger":"py.warnings"}
{"timestamp":"2026-08-26T08:41:05.922633Z","level":"info","event":"Filling up the DagBag from /opt/airflow/dags/3_xcoms_bash.py","logger":"airflow.dag_processing.dagbag.BundleDagBag","filename":"dagbag.py","lineno":469}
{"timestamp":"2026-08-26T08:41:05.961237Z","level":"warning","event":"The `airflow.operators.bash.BashOperator` attribute is deprecated. Please use `'airflow.providers.standard.operators.bash.BashOperator'`.","category":"UserWarning","filename":"/opt/airflow/dags/3_xcoms_bash.py","lineno":2,"logger":"py.warnings"}
{"timestamp":"2026-08-26T08:41:36.636325Z","level":"info","event":"Filling up the DagBag from /opt/airflow/dags/3_xcoms_bash.py","logger":"airflow.dag_processing.dagbag.BundleDagBag","filename":"dagbag.py","lineno":469}
{"timestamp":"2026-08-26T08:41:36.676420Z","level":"warning","event":"The `airflow.operators.bash.BashOperator` attribute is deprecated. Please use `'airflow.providers.standard.operators.bash.BashOperator'`.","category":"UserWarning","filename":"/opt/airflow/dags/3_xcoms_bash.py","lineno":2,"logger":"py.warnings"}
{"timestamp":"2026-08-26T08:42:07.338772Z","level":"info","event":"Filling up the DagBag from /opt/airflow/dags/3_xcoms_bash.py","logger":"airflow.dag_processing.dagbag.BundleDagBag","filename":"dagbag.py","lineno":469}
{"timestamp":"2026-08-26T08:42:07.375991Z","level":"warning","event":"The `airflow.operators.bash.BashOperator` attribute is deprecated. Please use `'airflow.providers.standard.operators.bash.BashOperator'`.","category":"UserWarning","filename":"/opt/airflow/dags/3_xcoms_bash.py","lineno":2,"logger":"py.warnings"}
{"timestamp":"2026-08-26T08:42:37.961996Z","level":"info","event":"Filling up the DagBag from /opt/airflow/dags/3_xcoms_bash.py","logger":"airflow.dag_processing.dagbag.BundleDagBag","filename":"dagbag.py","lineno":469}
{"timestamp":"2026-08-26T08:42:37.999705Z","level":"warning","event":"The `airflow.operators.bash.BashOperator` attribute is deprecated. Please use `'airflow.providers.standard.operators.bash.BashOperator'`.","category":"UserWarning","filename":"/opt/airflow/dags/3_xcoms_bash.py","lineno":2,"logger":"py.warnings"}
{"timestamp":"2026-08-26T08:43:08.614083Z","level":"info","event":"Filling up the DagBag from /opt/airflow/dags/3_xcoms_bash.py","logger":"airflow.dag_processing.dagbag.BundleDagBag","filename":"dagbag.py","lineno":469}
{"timestamp":"2026-08-26T08:43:08.649557Z","level":"warning","event":"The `airflow.operators.bash.BashOperator` attribute is deprecated. Please use `'airflow.providers.standard.operators.bash.BashOperator'`.","category":"UserWarning","filename":"/opt/airflow/dags/3_xcoms_bash.py","lineno":2,"logger":"py.warnings"}
{"timestamp":"2026-08-26T08:43:39.247640Z","level":"info","event":"Filling up the DagBag from /opt/airflow/dags/3_xcoms_bash.py","logger":"airflow.dag_processing.dagbag.BundleDagBag","filename":"dagbag.py","lineno":469}
{"timestamp":"2026-08-26T08:43:39.282876Z","level":"warning","event":"The `airflow.operators.bash.BashOperator` attribute is deprecated. Please use `'airflow.providers.standard.operators.bash.BashOperator'`.","category":"UserWarning","filename":"/opt/airflow/dags/3_xcoms_bash.py","lineno":2,"logger":"py.warnings"}
{"timestamp":"2026-08-26T08:44:09.897623Z","level":"info","event":"Filling up the DagBag from /opt/airflow/dags/3_xcoms_bash.py","logger":"airflow.dag_processing.dagbag.BundleDagBag","filename":"dagbag.py","lineno":469}
{"timestamp":"2026-08-26T08:44:09.950003Z","level":"warning","event":"The `airflow.operators.bash.BashOperator` attribute is deprecated. Please use `'airflow.providers.standard.operators.bash.BashOperator'`.","category":"UserWarning","filename":"/opt/airflow/dags/3_xcoms_bash.py","lineno":2,"logger":"py.warnings"}
{"timestamp":"2026-08-26T08:44:40.532604Z","level":"info","event":"Filling up the DagBag from /opt/airflow/dags/3_xcoms_bash.py","logger":"airflow.dag_processing.dagbag.BundleDagBag","filename":"dagbag.py","lineno":469}
{"timestamp":"2026-08-26T08:44:40.579672Z","level":"warning","event":"The `airflow.operators.bash.BashOperator` attribute is deprecated. Please use `'airflow.providers.standard.operators.bash.BashOperator'`.","category":"UserWarning","filename":"/opt/airflow/dags/3_xcoms_bash.py","lineno":2,"logger":"py.warnings"}
{"timestamp":"2026-08-26T08:45:11.161199Z","level":"info","event":"Filling up the DagBag from /opt/airflow/dags/3_xcoms_bash.py","logger":"airflow.dag_processing.dagbag.BundleDagBag","filename":"dagbag.py","lineno":469}
{"timestamp":"2026-08-26T08:45:11.199504Z","level":"warning","event":"The `airflow.operators.bash.BashOperator` attribute is deprecated. Please use `'airflow.providers.standard.operators.bash.BashOperator'`.","category":"UserWarning","filename":"/opt/airflow/dags/3_xcoms_bash.py","lineno":2,"logger":"py.warnings"}
{"timestamp":"2026-08-26T08:45:41.762451Z","level":"info","event":"Filling up the DagBag from /opt/airflow/dags/3_xcoms_bash.py","logger":"airflow.dag_processing.dagbag.BundleDagBag","filename":"dagbag.py","lineno":469}
{"timestamp":"2026-08-26T08:45:41.802816Z","level":"warning","event":"The `airflow.operators.bash.BashOperator` attribute is deprecated. Please use `'airflow.providers.standard.operators.bash.BashOperator'`.","category":"UserWarning","filename":"/opt/airflow/dags/3_xcoms_bash.py","lineno":2,"logger":"py.warnings"}
{"timestamp":"2026-08-26T08:46:12.370512Z","level":"info","event":"Filling up the DagBag from /opt/airflow/dags/3_xcoms_bash.py","logger":"airflow.dag_processing.dagbag.BundleDagBag","filename":"dagbag.py","lineno":469}
{"timestamp":"2026-08-26T08:46:12.421330Z","level":"warning","event":"The `airflow.operators.bash.BashOperator` attribute is deprecated. Please use `'airflow.providers.standard.operators.bash.BashOperator'`.","category":"UserWarning","filename":"/opt/airflow/dags/3_xcoms_bash.py","lineno":2,"logger":"py.warnings"}
{"timestamp":"2026-08-26T08:46:43.032323Z","level":"info","event":"Filling up the DagBag from /opt/airflow/dags/3_xcoms_bash.py","logger":"airflow.dag_processing.dagbag.BundleDagBag","filename":"dagbag.py","lineno":469}
{"timestamp":"2026-08-26T08:46:43.087934Z","level":"warning","event":"The `airflow.operators.bash.BashOperator` attribute is deprecated. Please use `'airflow.providers.standard.operators.bash.BashOperator'`.","category":"UserWarning","filename":"/opt/airflow/dags/3_xcoms_bash.py","lineno":2,"logger":"py.warnings"}
{"timestamp":"2026-08-26T08:47:13.740738Z","level":"info","event":"Filling up the DagBag from /opt/airflow/dags/3_xcoms_bash.py","logger":"airflow.dag_processing.dagbag.BundleDagBag","filename":"dagbag.py","lineno":469}
{"timestamp":"2026-08-26T08:47:13.780303Z","level":"warning","event":"The `airflow.operators.bash.BashOperator` attribute is deprecated. Please use `'airflow.providers.standard.operators.bash.BashOperator'`.","category":"UserWarning","filename":"/opt/airflow/dags/3_xcoms_bash.py","lineno":2,"logger":"py.warnings"}
{"timestamp":"2026-08-26T08:47:44.336708Z","level":"info","event":"Filling up the DagBag from /opt/airflow/dags/3_xcoms_bash.py","logger":"airflow.dag_processing.dagbag.BundleDagBag","filename":"dagbag.py","lineno":469}
{"timestamp":"2026-08-26T08:47:44.373621Z","level":"warning","event":"The `airflow.operators.bash.BashOperator` attribute is deprecated. Please use `'airflow.providers.standard.operators.bash.BashOperator'`.","category":"UserWarning","filename":"/opt/airflow/dags/3_xcoms_bash.py","lineno":2,"logger":"py.warnings"}
{"timestamp":"2026-08-26T08:48:15.051639Z","level":"info","event":"Filling up the DagBag from /opt/airflow/dags/3_xcoms_bash.py","logger":"airflow.dag_processing.dagbag.BundleDagBag","filename":"dagbag.py","lineno":469}
{"timestamp":"2026-08-26T08:48:15.093225Z","level":"warning","event":"The `airflow.operators.bash.BashOperator` attribute is deprecated. Please use `'airflow.providers.standard.operators.bash.BashOperator'`.","category":"UserWarning","filename":"/opt/airflow/dags/3_xcoms_bash.py","lineno":2,"logger":"py.warnings"}
{"timestamp":"2026-08-26T09:35:04.509602Z","level":"info","event":"Filling up the DagBag from /opt/airflow/dags/3_xcoms_bash.py","logger":"airflow.dag_processing.dagbag.BundleDagBag","filename":"dagbag.py","lineno":469}
{"timestamp":"2026-08-26T09:35:04.633435Z","level":"warning","event":"The `airflow.operators.bash.BashOperator` attribute is deprecated. Please use `'airflow.providers.standard.operators.bash.BashOperator'`.","category":"UserWarning","filename":"/opt/airflow/dags/3_xcoms_bash.py","lineno":2,"logger":"py.warnings"}
{"timestamp":"2026-08-26T09:35:35.261710Z","level":"info","event":"Filling up the DagBag from /opt/airflow/dags/3_xcoms_bash.py","logger":"airflow.dag_processing.dagbag.BundleDagBag","filename":"dagbag.py","lineno":469}
{"timestamp":"2026-08-26T09:35:35.302044Z","level":"warning","event":"The `airflow.operators.bash.BashOperator` attribute is deprecated. Please use `'airflow.providers.standard.operators.bash.BashOperator'`.","category":"UserWarning","filename":"/opt/airflow/dags/3_xcoms_bash.py","lineno":2,"logger":"py.warnings"}
{"timestamp":"2026-08-26T09:36:05.806439Z","level":"info","event":"Filling up the DagBag from /opt/airflow/dags/3_xcoms_bash.py","logger":"airflow.dag_processing.dagbag.BundleDagBag","filename":"dagbag.py","lineno":469}
{"timestamp":"2026-08-26T09:36:05.841518Z","level":"warning","event":"The `airflow.operators.bash.BashOperator` attribute is deprecated. Please use `'airflow.providers.standard.operators.bash.BashOperator'`.","category":"UserWarning","filename":"/opt/airflow/dags/3_xcoms_bash.py","lineno":2,"logger":"py.warnings"}
{"timestamp":"2026-08-26T09:36:36.347369Z","level":"info","event":"Filling up the DagBag from /opt/airflow/dags/3_xcoms_bash.py","logger":"airflow.dag_processing.dagbag.BundleDagBag","filename":"dagbag.py","lineno":469}
{"timestamp":"2026-08-26T09:36:36.386600Z","level":"warning","event":"The `airflow.operators.bash.BashOperator` attribute is deprecated. Please use `'airflow.providers.standard.operators.bash.BashOperator'`.","category":"UserWarning","filename":"/opt/airflow/dags/3_xcoms_bash.py","lineno":2,"logger":"py.warnings"}
{"timestamp":"2026-08-26T09:37:06.907243Z","level":"info","event":"Filling up the DagBag from /opt/airflow/dags/3_xcoms_bash.py","logger":"airflow.dag_processing.dagbag.BundleDagBag","filename":"dagbag.py","lineno":469}
{"timestamp":"2026-08-26T09:37:06.943085Z","level":"warning","event":"The `airflow.operators.bash.BashOperator` attribute is deprecated. Please use `'airflow.providers.standard.operators.bash.BashOperator'`.","category":"UserWarning","filename":"/opt/airflow/dags/3_xcoms_bash.py","lineno":2,"logger":"py.warnings"}
{"timestamp":"2026-08-26T09:37:37.506365Z","level":"info","event":"Filling up the DagBag from /opt/airflow/dags/3_xcoms_bash.py","logger":"airflow.dag_processing.dagbag.BundleDagBag","filename":"dagbag.py","lineno":469}
{"timestamp":"2026-08-26T09:37:37.548563Z","level":"warning","event":"The `airflow.operators.bash.BashOperator` attribute is deprecated. Please use `'airflow.providers.standard.operators.bash.BashOperator'`.","category":"UserWarning","filename":"/opt/airflow/dags/3_xcoms_bash.py","lineno":2,"logger":"py.warnings"}
{"timestamp":"2026-08-26T09:38:08.108761Z","level":"info","event":"Filling up the DagBag from /opt/airflow/dags/3_xcoms_bash.py","logger":"airflow.dag_processing.dagbag.BundleDagBag","filename":"dagbag.py","lineno":469}
{"timestamp":"2026-08-26T09:38:08.144297Z","level":"warning","event":"The `airflow.operators.bash.BashOperator` attribute is deprecated. Please use `'airflow.providers.standard.operators.bash.BashOperator'`.","category":"UserWarning","filename":"/opt/airflow/dags/3_xcoms_bash.py","lineno":2,"logger":"py.warnings"}
{"timestamp":"2026-08-26T09:38:38.651055Z","level":"info","event":"Filling up the DagBag from /opt/airflow/dags/3_xcoms_bash.py","logger":"airflow.dag_processing.dagbag.BundleDagBag","filename":"dagbag.py","lineno":469}
{"timestamp":"2026-08-26T09:38:38.691991Z","level":"warning","event":"The `airflow.operators.bash.BashOperator` attribute is deprecated. Please use `'airflow.providers.standard.operators.bash.BashOperator'`.","category":"UserWarning","filename":"/opt/airflow/dags/3_xcoms_bash.py","lineno":2,"logger":"py.warnings"}
{"timestamp":"2026-08-26T09:39:09.211945Z","level":"info","event":"Filling up the DagBag from /opt/airflow/dags/3_xcoms_bash.py","logger":"airflow.dag_processing.dagbag.BundleDagBag","filename":"dagbag.py","lineno":469}
{"timestamp":"2026-08-26T09:39:09.253428Z","level":"warning","event":"The `airflow.operators.bash.BashOperator` attribute is deprecated. Please use `'airflow.providers.standard.operators.bash.BashOperator'`.","category":"UserWarning","filename":"/opt/airflow/dags/3_xcoms_bash.py","lineno":2,"logger":"py.warnings"}
{"timestamp":"2026-08-26T09:39:39.745852Z","level":"info","event":"Filling up the DagBag from /opt/airflow/dags/3_xcoms_bash.py","logger":"airflow.dag_processing.dagbag.BundleDagBag","filename":"dagbag.py","lineno":469}
{"timestamp":"2026-08-26T09:39:39.779370Z","level":"warning","event":"The `airflow.operators.bash.BashOperator` attribute is deprecated. Please use `'airflow.providers.standard.operators.bash.BashOperator'`.","category":"UserWarning","filename":"/opt/airflow/dags/3_xcoms_bash.py","lineno":2,"logger":"py.warnings"}
{"timestamp":"2026-08-26T09:40:10.359391Z","level":"info","event":"Filling up the DagBag from /opt/airflow/dags/3_xcoms_bash.py","logger":"airflow.dag_processing.dagbag.BundleDagBag","filename":"dagbag.py","lineno":469}
{"timestamp":"2026-08-26T09:40:10.413281Z","level":"warning","event":"The `airflow.operators.bash.BashOperator` attribute is deprecated. Please use `'airflow.providers.standard.operators.bash.BashOperator'`.","category":"UserWarning","filename":"/opt/airflow/dags/3_xcoms_bash.py","lineno":2,"logger":"py.warnings"}
{"timestamp":"2026-08-26T09:40:40.944507Z","level":"info","event":"Filling up the DagBag from /opt/airflow/dags/3_xcoms_bash.py","logger":"airflow.dag_processing.dagbag.BundleDagBag","filename":"dagbag.py","lineno":469}
{"timestamp":"2026-08-26T09:40:40.999867Z","level":"warning","event":"The `airflow.operators.bash.BashOperator` attribute is deprecated. Please use `'airflow.providers.standard.operators.bash.BashOperator'`.","category":"UserWarning","filename":"/opt/airflow/dags/3_xcoms_bash.py","lineno":2,"logger":"py.warnings"}
{"timestamp":"2026-08-26T09:41:11.633858Z","level":"info","event":"Filling up the DagBag from /opt/airflow/dags/3_xcoms_bash.py","logger":"airflow.dag_processing.dagbag.BundleDagBag","filename":"dagbag.py","lineno":469}
{"timestamp":"2026-08-26T09:41:11.667543Z","level":"warning","event":"The `airflow.operators.bash.BashOperator` attribute is deprecated. Please use `'airflow.providers.standard.operators.bash.BashOperator'`.","category":"UserWarning","filename":"/opt/airflow/dags/3_xcoms_bash.py","lineno":2,"logger":"py.warnings"}
{"timestamp":"2026-08-26T09:41:42.195807Z","level":"info","event":"Filling up the DagBag from /opt/airflow/dags/3_xcoms_bash.py","logger":"airflow.dag_processing.dagbag.BundleDagBag","filename":"dagbag.py","lineno":469}
{"timestamp":"2026-08-26T09:41:42.237343Z","level":"warning","event":"The `airflow.operators.bash.BashOperator` attribute is deprecated. Please use `'airflow.providers.standard.operators.bash.BashOperator'`.","category":"UserWarning","filename":"/opt/airflow/dags/3_xcoms_bash.py","lineno":2,"logger":"py.warnings"}
{"timestamp":"2026-08-26T09:42:12.762443Z","level":"info","event":"Filling up the DagBag from /opt/airflow/dags/3_xcoms_bash.py","logger":"airflow.dag_processing.dagbag.BundleDagBag","filename":"dagbag.py","lineno":469}
{"timestamp":"2026-08-26T09:42:12.803411Z","level":"warning","event":"The `airflow.operators.bash.BashOperator` attribute is deprecated. Please use `'airflow.providers.standard.operators.bash.BashOperator'`.","category":"UserWarning","filename":"/opt/airflow/dags/3_xcoms_bash.py","lineno":2,"logger":"py.warnings"}
{"timestamp":"2026-08-26T09:42:43.317166Z","level":"info","event":"Filling up the DagBag from /opt/airflow/dags/3_xcoms_bash.py","logger":"airflow.dag_processing.dagbag.BundleDagBag","filename":"dagbag.py","lineno":469}
{"timestamp":"2026-08-26T09:42:43.351821Z","level":"warning","event":"The `airflow.operators.bash.BashOperator` attribute is deprecated. Please use `'airflow.providers.standard.operators.bash.BashOperator'`.","category":"UserWarning","filename":"/opt/airflow/dags/3_xcoms_bash.py","lineno":2,"logger":"py.warnings"}
{"timestamp":"2026-08-26T09:43:13.882941Z","level":"info","event":"Filling up the DagBag from /opt/airflow/dags/3_xcoms_bash.py","logger":"airflow.dag_processing.dagbag.BundleDagBag","filename":"dagbag.py","lineno":469}
{"timestamp":"2026-08-26T09:43:13.920624Z","level":"warning","event":"The `airflow.operators.bash.BashOperator` attribute is deprecated. Please use `'airflow.providers.standard.operators.bash.BashOperator'`.","category":"UserWarning","filename":"/opt/airflow/dags/3_xcoms_bash.py","lineno":2,"logger":"py.warnings"}
{"timestamp":"2026-08-26T09:43:44.443187Z","level":"info","event":"Filling up the DagBag from /opt/airflow/dags/3_xcoms_bash.py","logger":"airflow.dag_processing.dagbag.BundleDagBag","filename":"dagbag.py","lineno":469}
{"timestamp":"2026-08-26T09:43:44.477510Z","level":"warning","event":"The `airflow.operators.bash.BashOperator` attribute is deprecated. Please use `'airflow.providers.standard.operators.bash.BashOperator'`.","category":"UserWarning","filename":"/opt/airflow/dags/3_xcoms_bash.py","lineno":2,"logger":"py.warnings"}
{"timestamp":"2026-08-26T09:44:14.966142Z","level":"info","event":"Filling up the DagBag from /opt/airflow/dags/3_xcoms_bash.py","logger":"airflow.dag_processing.dagbag.BundleDagBag","filename":"dagbag.py","lineno":469}
{"timestamp":"2026-08-26T09:44:14.999061Z","level":"warning","event":"The `airflow.operators.bash.BashOperator` attribute is deprecated. Please use `'airflow.providers.standard.operators.bash.BashOperator'`.","category":"UserWarning","filename":"/opt/airflow/dags/3_xcoms_bash.py","lineno":2,"logger":"py.warnings"}
{"timestamp":"2026-08-26T09:44:45.509927Z","level":"info","event":"Filling up the DagBag from /opt/airflow/dags/3_xcoms_bash.py","logger":"airflow.dag_processing.dagbag.BundleDagBag","filename":"dagbag.py","lineno":469}
{"timestamp":"2026-08-26T09:44:45.543150Z","level":"warning","event":"The `airflow.operators.bash.BashOperator` attribute is deprecated. Please use `'airflow.providers.standard.operators.bash.BashOperator'`.","category":"UserWarning","filename":"/opt/airflow/dags/3_xcoms_bash.py","lineno":2,"logger":"py.warnings"}
{"timestamp":"2026-08-26T09:45:16.064505Z","level":"info","event":"Filling up the DagBag from /opt/airflow/dags/3_xcoms_bash.py","logger":"airflow.dag_processing.dagbag.BundleDagBag","filename":"dagbag.py","lineno":469}
{"timestamp":"2026-08-26T09:45:16.100702Z","level":"warning","event":"The `airflow.operators.bash.BashOperator` attribute is deprecated. Please use `'airflow.providers.standard.operators.bash.BashOperator'`.","category":"UserWarning","filename":"/opt/airflow/dags/3_xcoms_bash.py","lineno":2,"logger":"py.warnings"}
{"timestamp":"2026-08-26T09:45:46.682686Z","level":"info","event":"Filling up the DagBag from /opt/airflow/dags/3_xcoms_bash.py","logger":"airflow.dag_processing.dagbag.BundleDagBag","filename":"dagbag.py","lineno":469}
{"timestamp":"2026-08-26T09:45:46.732273Z","level":"warning","event":"The `airflow.operators.bash.BashOperator` attribute is deprecated. Please use `'airflow.providers.standard.operators.bash.BashOperator'`.","category":"UserWarning","filename":"/opt/airflow/dags/3_xcoms_bash.py","lineno":2,"logger":"py.warnings"}
{"timestamp":"2026-08-26T09:46:17.325719Z","level":"info","event":"Filling up the DagBag from /opt/airflow/dags/3_xcoms_bash.py","logger":"airflow.dag_processing.dagbag.BundleDagBag","filename":"dagbag.py","lineno":469}
{"timestamp":"2026-08-26T09:46:17.379455Z","level":"warning","event":"The `airflow.operators.bash.BashOperator` attribute is deprecated. Please use `'airflow.providers.standard.operators.bash.BashOperator'`.","category":"UserWarning","filename":"/opt/airflow/dags/3_xcoms_bash.py","lineno":2,"logger":"py.warnings"}
{"timestamp":"2026-08-26T09:46:48.006164Z","level":"info","event":"Filling up the DagBag from /opt/airflow/dags/3_xcoms_bash.py","logger":"airflow.dag_processing.dagbag.BundleDagBag","filename":"dagbag.py","lineno":469}
{"timestamp":"2026-08-26T09:46:48.039038Z","level":"warning","event":"The `airflow.operators.bash.BashOperator` attribute is deprecated. Please use `'airflow.providers.standard.operators.bash.BashOperator'`.","category":"UserWarning","filename":"/opt/airflow/dags/3_xcoms_bash.py","lineno":2,"logger":"py.warnings"}
{"timestamp":"2026-08-26T09:47:18.553566Z","level":"info","event":"Filling up the DagBag from /opt/airflow/dags/3_xcoms_bash.py","logger":"airflow.dag_processing.dagbag.BundleDagBag","filename":"dagbag.py","lineno":469}
{"timestamp":"2026-08-26T09:47:18.588444Z","level":"warning","event":"The `airflow.operators.bash.BashOperator` attribute is deprecated. Please use `'airflow.providers.standard.operators.bash.BashOperator'`.","category":"UserWarning","filename":"/opt/airflow/dags/3_xcoms_bash.py","lineno":2,"logger":"py.warnings"}
{"timestamp":"2026-08-26T09:47:49.081639Z","level":"info","event":"Filling up the DagBag from /opt/airflow/dags/3_xcoms_bash.py","logger":"airflow.dag_processing.dagbag.BundleDagBag","filename":"dagbag.py","lineno":469}
{"timestamp":"2026-08-26T09:47:49.127584Z","level":"warning","event":"The `airflow.operators.bash.BashOperator` attribute is deprecated. Please use `'airflow.providers.standard.operators.bash.BashOperator'`.","category":"UserWarning","filename":"/opt/airflow/dags/3_xcoms_bash.py","lineno":2,"logger":"py.warnings"}
{"timestamp":"2026-08-26T09:48:19.630233Z","level":"info","event":"Filling up the DagBag from /opt/airflow/dags/3_xcoms_bash.py","logger":"airflow.dag_processing.dagbag.BundleDagBag","filename":"dagbag.py","lineno":469}
{"timestamp":"2026-08-26T09:48:19.665401Z","level":"warning","event":"The `airflow.operators.bash.BashOperator` attribute is deprecated. Please use `'airflow.providers.standard.operators.bash.BashOperator'`.","category":"UserWarning","filename":"/opt/airflow/dags/3_xcoms_bash.py","lineno":2,"logger":"py.warnings"}
{"timestamp":"2026-08-26T09:48:50.159643Z","level":"info","event":"Filling up the DagBag from /opt/airflow/dags/3_xcoms_bash.py","logger":"airflow.dag_processing.dagbag.BundleDagBag","filename":"dagbag.py","lineno":469}
{"timestamp":"2026-08-26T09:48:50.197801Z","level":"warning","event":"The `airflow.operators.bash.BashOperator` attribute is deprecated. Please use `'airflow.providers.standard.operators.bash.BashOperator'`.","category":"UserWarning","filename":"/opt/airflow/dags/3_xcoms_bash.py","lineno":2,"logger":"py.warnings"}
{"timestamp":"2026-08-26T09:49:20.814056Z","level":"info","event":"Filling up the DagBag from /opt/airflow/dags/3_xcoms_bash.py","logger":"airflow.dag_processing.dagbag.BundleDagBag","filename":"dagbag.py","lineno":469}
{"timestamp":"2026-08-26T09:49:20.850391Z","level":"warning","event":"The `airflow.operators.bash.BashOperator` attribute is deprecated. Please use `'airflow.providers.standard.operators.bash.BashOperator'`.","category":"UserWarning","filename":"/opt/airflow/dags/3_xcoms_bash.py","lineno":2,"logger":"py.warnings"}
{"timestamp":"2026-08-26T09:49:51.393106Z","level":"info","event":"Filling up the DagBag from /opt/airflow/dags/3_xcoms_bash.py","logger":"airflow.dag_processing.dagbag.BundleDagBag","filename":"dagbag.py","lineno":469}
{"timestamp":"2026-08-26T09:49:51.427524Z","level":"warning","event":"The `airflow.operators.bash.BashOperator` attribute is deprecated. Please use `'airflow.providers.standard.operators.bash.BashOperator'`.","category":"UserWarning","filename":"/opt/airflow/dags/3_xcoms_bash.py","lineno":2,"logger":"py.warnings"}
{"timestamp":"2026-08-26T09:50:21.917553Z","level":"info","event":"Filling up the DagBag from /opt/airflow/dags/3_xcoms_bash.py","logger":"airflow.dag_processing.dagbag.BundleDagBag","filename":"dagbag.py","lineno":469}
{"timestamp":"2026-08-26T09:50:21.954667Z","level":"warning","event":"The `airflow.operators.bash.BashOperator` attribute is deprecated. Please use `'airflow.providers.standard.operators.bash.BashOperator'`.","category":"UserWarning","filename":"/opt/airflow/dags/3_xcoms_bash.py","lineno":2,"logger":"py.warnings"}
{"timestamp":"2026-08-26T09:50:52.437327Z","level":"info","event":"Filling up the DagBag from /opt/airflow/dags/3_xcoms_bash.py","logger":"airflow.dag_processing.dagbag.BundleDagBag","filename":"dagbag.py","lineno":469}
{"timestamp":"2026-08-26T09:50:52.471577Z","level":"warning","event":"The `airflow.operators.bash.BashOperator` attribute is deprecated. Please use `'airflow.providers.standard.operators.bash.BashOperator'`.","category":"UserWarning","filename":"/opt/airflow/dags/3_xcoms_bash.py","lineno":2,"logger":"py.warnings"}
{"timestamp":"2026-08-26T09:51:22.962939Z","level":"info","event":"Filling up the DagBag from /opt/airflow/dags/3_xcoms_bash.py","logger":"airflow.dag_processing.dagbag.BundleDagBag","filename":"dagbag.py","lineno":469}
{"timestamp":"2026-08-26T09:51:22.997356Z","level":"warning","event":"The `airflow.operators.bash.BashOperator` attribute is deprecated. Please use `'airflow.providers.standard.operators.bash.BashOperator'`.","category":"UserWarning","filename":"/opt/airflow/dags/3_xcoms_bash.py","lineno":2,"logger":"py.warnings"}
{"timestamp":"2026-08-26T09:51:53.505784Z","level":"info","event":"Filling up the DagBag from /opt/airflow/dags/3_xcoms_bash.py","logger":"airflow.dag_processing.dagbag.BundleDagBag","filename":"dagbag.py","lineno":469}
{"timestamp":"2026-08-26T09:51:53.539303Z","level":"warning","event":"The `airflow.operators.bash.BashOperator` attribute is deprecated. Please use `'airflow.providers.standard.operators.bash.BashOperator'`.","category":"UserWarning","filename":"/opt/airflow/dags/3_xcoms_bash.py","lineno":2,"logger":"py.warnings"}
{"timestamp":"2026-08-26T09:52:24.049122Z","level":"info","event":"Filling up the DagBag from /opt/airflow/dags/3_xcoms_bash.py","logger":"airflow.dag_processing.dagbag.BundleDagBag","filename":"dagbag.py","lineno":469}
{"timestamp":"2026-08-26T09:52:24.120046Z","level":"warning","event":"The `airflow.operators.bash.BashOperator` attribute is deprecated. Please use `'airflow.providers.standard.operators.bash.BashOperator'`.","category":"UserWarning","filename":"/opt/airflow/dags/3_xcoms_bash.py","lineno":2,"logger":"py.warnings"}
{"timestamp":"2026-08-26T09:52:54.725318Z","level":"info","event":"Filling up the DagBag from /opt/airflow/dags/3_xcoms_bash.py","logger":"airflow.dag_processing.dagbag.BundleDagBag","filename":"dagbag.py","lineno":469}
{"timestamp":"2026-08-26T09:52:54.783723Z","level":"warning","event":"The `airflow.operators.bash.BashOperator` attribute is deprecated. Please use `'airflow.providers.standard.operators.bash.BashOperator'`.","category":"UserWarning","filename":"/opt/airflow/dags/3_xcoms_bash.py","lineno":2,"logger":"py.warnings"}
{"timestamp":"2026-08-26T09:53:25.321772Z","level":"info","event":"Filling up the DagBag from /opt/airflow/dags/3_xcoms_bash.py","logger":"airflow.dag_processing.dagbag.BundleDagBag","filename":"dagbag.py","lineno":469}
{"timestamp":"2026-08-26T09:53:25.373008Z","level":"warning","event":"The `airflow.operators.bash.BashOperator` attribute is deprecated. Please use `'airflow.providers.standard.operators.bash.BashOperator'`.","category":"UserWarning","filename":"/opt/airflow/dags/3_xcoms_bash.py","lineno":2,"logger":"py.warnings"}
{"timestamp":"2026-08-26T09:53:55.905527Z","level":"info","event":"Filling up the DagBag from /opt/airflow/dags/3_xcoms_bash.py","logger":"airflow.dag_processing.dagbag.BundleDagBag","filename":"dagbag.py","lineno":469}
{"timestamp":"2026-08-26T09:53:55.939322Z","level":"warning","event":"The `airflow.operators.bash.BashOperator` attribute is deprecated. Please use `'airflow.providers.standard.operators.bash.BashOperator'`.","category":"UserWarning","filename":"/opt/airflow/dags/3_xcoms_bash.py","lineno":2,"logger":"py.warnings"}
{"timestamp":"2026-08-26T09:54:26.423668Z","level":"info","event":"Filling up the DagBag from /opt/airflow/dags/3_xcoms_bash.py","logger":"airflow.dag_processing.dagbag.BundleDagBag","filename":"dagbag.py","lineno":469}
{"timestamp":"2026-08-26T09:54:26.459600Z","level":"warning","event":"The `airflow.operators.bash.BashOperator` attribute is deprecated. Please use `'airflow.providers.standard.operators.bash.BashOperator'`.","category":"UserWarning","filename":"/opt/airflow/dags/3_xcoms_bash.py","lineno":2,"logger":"py.warnings"}
{"timestamp":"2026-08-26T09:54:56.970682Z","level":"info","event":"Filling up the DagBag from /opt/airflow/dags/3_xcoms_bash.py","logger":"airflow.dag_processing.dagbag.BundleDagBag","filename":"dagbag.py","lineno":469}
{"timestamp":"2026-08-26T09:54:57.004309Z","level":"warning","event":"The `airflow.operators.bash.BashOperator` attribute is deprecated. Please use `'airflow.providers.standard.operators.bash.BashOperator'`.","category":"UserWarning","filename":"/opt/airflow/dags/3_xcoms_bash.py","lineno":2,"logger":"py.warnings"}
{"timestamp":"2026-08-26T09:55:27.494580Z","level":"info","event":"Filling up the DagBag from /opt/airflow/dags/3_xcoms_bash.py","logger":"airflow.dag_processing.dagbag.BundleDagBag","filename":"dagbag.py","lineno":469}
{"timestamp":"2026-08-26T09:55:27.529811Z","level":"warning","event":"The `airflow.operators.bash.BashOperator` attribute is deprecated. Please use `'airflow.providers.standard.operators.bash.BashOperator'`.","category":"UserWarning","filename":"/opt/airflow/dags/3_xcoms_bash.py","lineno":2,"logger":"py.warnings"}
{"timestamp":"2026-08-26T09:55:58.020246Z","level":"info","event":"Filling up the DagBag from /opt/airflow/dags/3_xcoms_bash.py","logger":"airflow.dag_processing.dagbag.BundleDagBag","filename":"dagbag.py","lineno":469}
{"timestamp":"2026-08-26T09:55:58.053435Z","level":"warning","event":"The `airflow.operators.bash.BashOperator` attribute is deprecated. Please use `'airflow.providers.standard.operators.bash.BashOperator'`.","category":"UserWarning","filename":"/opt/airflow/dags/3_xcoms_bash.py","lineno":2,"logger":"py.warnings"}
{"timestamp":"2026-08-26T09:56:28.552058Z","level":"info","event":"Filling up the DagBag from /opt/airflow/dags/3_xcoms_bash.py","logger":"airflow.dag_processing.dagbag.BundleDagBag","filename":"dagbag.py","lineno":469}
{"timestamp":"2026-08-26T09:56:28.590591Z","level":"warning","event":"The `airflow.operators.bash.BashOperator` attribute is deprecated. Please use `'airflow.providers.standard.operators.bash.BashOperator'`.","category":"UserWarning","filename":"/opt/airflow/dags/3_xcoms_bash.py","lineno":2,"logger":"py.warnings"}
{"timestamp":"2026-08-26T09:56:59.078791Z","level":"info","event":"Filling up the DagBag from /opt/airflow/dags/3_xcoms_bash.py","logger":"airflow.dag_processing.dagbag.BundleDagBag","filename":"dagbag.py","lineno":469}
{"timestamp":"2026-08-26T09:56:59.113294Z","level":"warning","event":"The `airflow.operators.bash.BashOperator` attribute is deprecated. Please use `'airflow.providers.standard.operators.bash.BashOperator'`.","category":"UserWarning","filename":"/opt/airflow/dags/3_xcoms_bash.py","lineno":2,"logger":"py.warnings"}
{"timestamp":"2026-08-26T09:57:29.612628Z","level":"info","event":"Filling up the DagBag from /opt/airflow/dags/3_xcoms_bash.py","logger":"airflow.dag_processing.dagbag.BundleDagBag","filename":"dagbag.py","lineno":469}
{"timestamp":"2026-08-26T09:57:29.646298Z","level":"warning","event":"The `airflow.operators.bash.BashOperator` attribute is deprecated. Please use `'airflow.providers.standard.operators.bash.BashOperator'`.","category":"UserWarning","filename":"/opt/airflow/dags/3_xcoms_bash.py","lineno":2,"logger":"py.warnings"}
{"timestamp":"2026-08-26T09:58:00.145394Z","level":"info","event":"Filling up the DagBag from /opt/airflow/dags/3_xcoms_bash.py","logger":"airflow.dag_processing.dagbag.BundleDagBag","filename":"dagbag.py","lineno":469}
{"timestamp":"2026-08-26T09:58:00.179733Z","level":"warning","event":"The `airflow.operators.bash.BashOperator` attribute is deprecated. Please use `'airflow.providers.standard.operators.bash.BashOperator'`.","category":"UserWarning","filename":"/opt/airflow/dags/3_xcoms_bash.py","lineno":2,"logger":"py.warnings"}
{"timestamp":"2026-08-26T09:58:30.670273Z","level":"info","event":"Filling up the DagBag from /opt/airflow/dags/3_xcoms_bash.py","logger":"airflow.dag_processing.dagbag.BundleDagBag","filename":"dagbag.py","lineno":469}
{"timestamp":"2026-08-26T09:58:30.704303Z","level":"warning","event":"The `airflow.operators.bash.BashOperator` attribute is deprecated. Please use `'airflow.providers.standard.operators.bash.BashOperator'`.","category":"UserWarning","filename":"/opt/airflow/dags/3_xcoms_bash.py","lineno":2,"logger":"py.warnings"}
{"timestamp":"2026-08-26T09:59:01.273540Z","level":"info","event":"Filling up the DagBag from /opt/airflow/dags/3_xcoms_bash.py","logger":"airflow.dag_processing.dagbag.BundleDagBag","filename":"dagbag.py","lineno":469}
{"timestamp":"2026-08-26T09:59:01.340739Z","level":"warning","event":"The `airflow.operators.bash.BashOperator` attribute is deprecated. Please use `'airflow.providers.standard.operators.bash.BashOperator'`.","category":"UserWarning","filename":"/opt/airflow/dags/3_xcoms_bash.py","lineno":2,"logger":"py.warnings"}
{"timestamp":"2026-08-26T09:59:31.977692Z","level":"info","event":"Filling up the DagBag from /opt/airflow/dags/3_xcoms_bash.py","logger":"airflow.dag_processing.dagbag.BundleDagBag","filename":"dagbag.py","lineno":469}
{"timestamp":"2026-08-26T09:59:32.012275Z","level":"warning","event":"The `airflow.operators.bash.BashOperator` attribute is deprecated. Please use `'airflow.providers.standard.operators.bash.BashOperator'`.","category":"UserWarning","filename":"/opt/airflow/dags/3_xcoms_bash.py","lineno":2,"logger":"py.warnings"}
{"timestamp":"2026-08-26T10:00:02.535902Z","level":"info","event":"Filling up the DagBag from /opt/airflow/dags/3_xcoms_bash.py","logger":"airflow.dag_processing.dagbag.BundleDagBag","filename":"dagbag.py","lineno":469}
{"timestamp":"2026-08-26T10:00:02.570622Z","level":"warning","event":"The `airflow.operators.bash.BashOperator` attribute is deprecated. Please use `'airflow.providers.standard.operators.bash.BashOperator'`.","category":"UserWarning","filename":"/opt/airflow/dags/3_xcoms_bash.py","lineno":2,"logger":"py.warnings"}
{"timestamp":"2026-08-26T10:00:33.088673Z","level":"info","event":"Filling up the DagBag from /opt/airflow/dags/3_xcoms_bash.py","logger":"airflow.dag_processing.dagbag.BundleDagBag","filename":"dagbag.py","lineno":469}
{"timestamp":"2026-08-26T10:00:33.123315Z","level":"warning","event":"The `airflow.operators.bash.BashOperator` attribute is deprecated. Please use `'airflow.providers.standard.operators.bash.BashOperator'`.","category":"UserWarning","filename":"/opt/airflow/dags/3_xcoms_bash.py","lineno":2,"logger":"py.warnings"}
{"timestamp":"2026-08-26T10:01:03.633454Z","level":"info","event":"Filling up the DagBag from /opt/airflow/dags/3_xcoms_bash.py","logger":"airflow.dag_processing.dagbag.BundleDagBag","filename":"dagbag.py","lineno":469}
{"timestamp":"2026-08-26T10:01:03.682566Z","level":"warning","event":"The `airflow.operators.bash.BashOperator` attribute is deprecated. Please use `'airflow.providers.standard.operators.bash.BashOperator'`.","category":"UserWarning","filename":"/opt/airflow/dags/3_xcoms_bash.py","lineno":2,"logger":"py.warnings"}
{"timestamp":"2026-08-26T10:01:34.251590Z","level":"info","event":"Filling up the DagBag from /opt/airflow/dags/3_xcoms_bash.py","logger":"airflow.dag_processing.dagbag.BundleDagBag","filename":"dagbag.py","lineno":469}
{"timestamp":"2026-08-26T10:01:34.289720Z","level":"warning","event":"The `airflow.operators.bash.BashOperator` attribute is deprecated. Please use `'airflow.providers.standard.operators.bash.BashOperator'`.","category":"UserWarning","filename":"/opt/airflow/dags/3_xcoms_bash.py","lineno":2,"logger":"py.warnings"}
{"timestamp":"2026-08-26T10:02:04.830178Z","level":"info","event":"Filling up the DagBag from /opt/airflow/dags/3_xcoms_bash.py","logger":"airflow.dag_processing.dagbag.BundleDagBag","filename":"dagbag.py","lineno":469}
{"timestamp":"2026-08-26T10:02:04.866673Z","level":"warning","event":"The `airflow.operators.bash.BashOperator` attribute is deprecated. Please use `'airflow.providers.standard.operators.bash.BashOperator'`.","category":"UserWarning","filename":"/opt/airflow/dags/3_xcoms_bash.py","lineno":2,"logger":"py.warnings"}
{"timestamp":"2026-08-26T10:02:35.379414Z","level":"info","event":"Filling up the DagBag from /opt/airflow/dags/3_xcoms_bash.py","logger":"airflow.dag_processing.dagbag.BundleDagBag","filename":"dagbag.py","lineno":469}
{"timestamp":"2026-08-26T10:02:35.413415Z","level":"warning","event":"The `airflow.operators.bash.BashOperator` attribute is deprecated. Please use `'airflow.providers.standard.operators.bash.BashOperator'`.","category":"UserWarning","filename":"/opt/airflow/dags/3_xcoms_bash.py","lineno":2,"logger":"py.warnings"}
{"timestamp":"2026-08-26T10:03:05.903175Z","level":"info","event":"Filling up the DagBag from /opt/airflow/dags/3_xcoms_bash.py","logger":"airflow.dag_processing.dagbag.BundleDagBag","filename":"dagbag.py","lineno":469}
{"timestamp":"2026-08-26T10:03:05.938008Z","level":"warning","event":"The `airflow.operators.bash.BashOperator` attribute is deprecated. Please use `'airflow.providers.standard.operators.bash.BashOperator'`.","category":"UserWarning","filename":"/opt/airflow/dags/3_xcoms_bash.py","lineno":2,"logger":"py.warnings"}
{"timestamp":"2026-08-26T10:03:36.428302Z","level":"info","event":"Filling up the DagBag from /opt/airflow/dags/3_xcoms_bash.py","logger":"airflow.dag_processing.dagbag.BundleDagBag","filename":"dagbag.py","lineno":469}
{"timestamp":"2026-08-26T10:03:36.463526Z","level":"warning","event":"The `airflow.operators.bash.BashOperator` attribute is deprecated. Please use `'airflow.providers.standard.operators.bash.BashOperator'`.","category":"UserWarning","filename":"/opt/airflow/dags/3_xcoms_bash.py","lineno":2,"logger":"py.warnings"}
{"timestamp":"2026-08-26T10:04:06.960605Z","level":"info","event":"Filling up the DagBag from /opt/airflow/dags/3_xcoms_bash.py","logger":"airflow.dag_processing.dagbag.BundleDagBag","filename":"dagbag.py","lineno":469}
{"timestamp":"2026-08-26T10:04:06.993980Z","level":"warning","event":"The `airflow.operators.bash.BashOperator` attribute is deprecated. Please use `'airflow.providers.standard.operators.bash.BashOperator'`.","category":"UserWarning","filename":"/opt/airflow/dags/3_xcoms_bash.py","lineno":2,"logger":"py.warnings"}
{"timestamp":"2026-08-26T10:04:37.481540Z","level":"info","event":"Filling up the DagBag from /opt/airflow/dags/3_xcoms_bash.py","logger":"airflow.dag_processing.dagbag.BundleDagBag","filename":"dagbag.py","lineno":469}
{"timestamp":"2026-08-26T10:04:37.516658Z","level":"warning","event":"The `airflow.operators.bash.BashOperator` attribute is deprecated. Please use `'airflow.providers.standard.operators.bash.BashOperator'`.","category":"UserWarning","filename":"/opt/airflow/dags/3_xcoms_bash.py","lineno":2,"logger":"py.warnings"}
{"timestamp":"2026-08-26T10:05:08.021436Z","level":"info","event":"Filling up the DagBag from /opt/airflow/dags/3_xcoms_bash.py","logger":"airflow.dag_processing.dagbag.BundleDagBag","filename":"dagbag.py","lineno":469}
{"timestamp":"2026-08-26T10:05:08.055294Z","level":"warning","event":"The `airflow.operators.bash.BashOperator` attribute is deprecated. Please use `'airflow.providers.standard.operators.bash.BashOperator'`.","category":"UserWarning","filename":"/opt/airflow/dags/3_xcoms_bash.py","lineno":2,"logger":"py.warnings"}
{"timestamp":"2026-08-26T10:05:38.612676Z","level":"info","event":"Filling up the DagBag from /opt/airflow/dags/3_xcoms_bash.py","logger":"airflow.dag_processing.dagbag.BundleDagBag","filename":"dagbag.py","lineno":469}
{"timestamp":"2026-08-26T10:05:38.694096Z","level":"warning","event":"The `airflow.operators.bash.BashOperator` attribute is deprecated. Please use `'airflow.providers.standard.operators.bash.BashOperator'`.","category":"UserWarning","filename":"/opt/airflow/dags/3_xcoms_bash.py","lineno":2,"logger":"py.warnings"}
{"timestamp":"2026-08-26T10:06:09.244279Z","level":"info","event":"Filling up the DagBag from /opt/airflow/dags/3_xcoms_bash.py","logger":"airflow.dag_processing.dagbag.BundleDagBag","filename":"dagbag.py","lineno":469}
{"timestamp":"2026-08-26T10:06:09.306832Z","level":"warning","event":"The `airflow.operators.bash.BashOperator` attribute is deprecated. Please use `'airflow.providers.standard.operators.bash.BashOperator'`.","category":"UserWarning","filename":"/opt/airflow/dags/3_xcoms_bash.py","lineno":2,"logger":"py.warnings"}
{"timestamp":"2026-08-26T10:06:39.890000Z","level":"info","event":"Filling up the DagBag from /opt/airflow/dags/3_xcoms_bash.py","logger":"airflow.dag_processing.dagbag.BundleDagBag","filename":"dagbag.py","lineno":469}
{"timestamp":"2026-08-26T10:06:39.937517Z","level":"warning","event":"The `airflow.operators.bash.BashOperator` attribute is deprecated. Please use `'airflow.providers.standard.operators.bash.BashOperator'`.","category":"UserWarning","filename":"/opt/airflow/dags/3_xcoms_bash.py","lineno":2,"logger":"py.warnings"}
{"timestamp":"2026-08-26T10:07:10.448861Z","level":"info","event":"Filling up the DagBag from /opt/airflow/dags/3_xcoms_bash.py","logger":"airflow.dag_processing.dagbag.BundleDagBag","filename":"dagbag.py","lineno":469}
{"timestamp":"2026-08-26T10:07:10.489395Z","level":"warning","event":"The `airflow.operators.bash.BashOperator` attribute is deprecated. Please use `'airflow.providers.standard.operators.bash.BashOperator'`.","category":"UserWarning","filename":"/opt/airflow/dags/3_xcoms_bash.py","lineno":2,"logger":"py.warnings"}
{"timestamp":"2026-08-26T10:07:40.986829Z","level":"info","event":"Filling up the DagBag from /opt/airflow/dags/3_xcoms_bash.py","logger":"airflow.dag_processing.dagbag.BundleDagBag","filename":"dagbag.py","lineno":469}
{"timestamp":"2026-08-26T10:07:41.020927Z","level":"warning","event":"The `airflow.operators.bash.BashOperator` attribute is deprecated. Please use `'airflow.providers.standard.operators.bash.BashOperator'`.","category":"UserWarning","filename":"/opt/airflow/dags/3_xcoms_bash.py","lineno":2,"logger":"py.warnings"}
{"timestamp":"2026-08-26T10:08:11.521306Z","level":"info","event":"Filling up the DagBag from /opt/airflow/dags/3_xcoms_bash.py","logger":"airflow.dag_processing.dagbag.BundleDagBag","filename":"dagbag.py","lineno":469}
{"timestamp":"2026-08-26T10:08:11.561998Z","level":"warning","event":"The `airflow.operators.bash.BashOperator` attribute is deprecated. Please use `'airflow.providers.standard.operators.bash.BashOperator'`.","category":"UserWarning","filename":"/opt/airflow/dags/3_xcoms_bash.py","lineno":2,"logger":"py.warnings"}
{"timestamp":"2026-08-26T10:08:42.082907Z","level":"info","event":"Filling up the DagBag from /opt/airflow/dags/3_xcoms_bash.py","logger":"airflow.dag_processing.dagbag.BundleDagBag","filename":"dagbag.py","lineno":469}
{"timestamp":"2026-08-26T10:08:42.136566Z","level":"warning","event":"The `airflow.operators.bash.BashOperator` attribute is deprecated. Please use `'airflow.providers.standard.operators.bash.BashOperator'`.","category":"UserWarning","filename":"/opt/airflow/dags/3_xcoms_bash.py","lineno":2,"logger":"py.warnings"}
{"timestamp":"2026-08-26T10:09:12.659494Z","level":"info","event":"Filling up the DagBag from /opt/airflow/dags/3_xcoms_bash.py","logger":"airflow.dag_processing.dagbag.BundleDagBag","filename":"dagbag.py","lineno":469}
{"timestamp":"2026-08-26T10:09:12.695285Z","level":"warning","event":"The `airflow.operators.bash.BashOperator` attribute is deprecated. Please use `'airflow.providers.standard.operators.bash.BashOperator'`.","category":"UserWarning","filename":"/opt/airflow/dags/3_xcoms_bash.py","lineno":2,"logger":"py.warnings"}
{"timestamp":"2026-08-26T10:09:43.178603Z","level":"info","event":"Filling up the DagBag from /opt/airflow/dags/3_xcoms_bash.py","logger":"airflow.dag_processing.dagbag.BundleDagBag","filename":"dagbag.py","lineno":469}
{"timestamp":"2026-08-26T10:09:43.213143Z","level":"warning","event":"The `airflow.operators.bash.BashOperator` attribute is deprecated. Please use `'airflow.providers.standard.operators.bash.BashOperator'`.","category":"UserWarning","filename":"/opt/airflow/dags/3_xcoms_bash.py","lineno":2,"logger":"py.warnings"}
{"timestamp":"2026-08-26T10:10:13.695598Z","level":"info","event":"Filling up the DagBag from /opt/airflow/dags/3_xcoms_bash.py","logger":"airflow.dag_processing.dagbag.BundleDagBag","filename":"dagbag.py","lineno":469}
{"timestamp":"2026-08-26T10:10:13.730480Z","level":"warning","event":"The `airflow.operators.bash.BashOperator` attribute is deprecated. Please use `'airflow.providers.standard.operators.bash.BashOperator'`.","category":"UserWarning","filename":"/opt/airflow/dags/3_xcoms_bash.py","lineno":2,"logger":"py.warnings"}
{"timestamp":"2026-08-26T10:10:44.237592Z","level":"info","event":"Filling up the DagBag from /opt/airflow/dags/3_xcoms_bash.py","logger":"airflow.dag_processing.dagbag.BundleDagBag","filename":"dagbag.py","lineno":469}
{"timestamp":"2026-08-26T10:10:44.273802Z","level":"warning","event":"The `airflow.operators.bash.BashOperator` attribute is deprecated. Please use `'airflow.providers.standard.operators.bash.BashOperator'`.","category":"UserWarning","filename":"/opt/airflow/dags/3_xcoms_bash.py","lineno":2,"logger":"py.warnings"}
{"timestamp":"2026-08-26T10:11:14.777856Z","level":"info","event":"Filling up the DagBag from /opt/airflow/dags/3_xcoms_bash.py","logger":"airflow.dag_processing.dagbag.BundleDagBag","filename":"dagbag.py","lineno":469}
{"timestamp":"2026-08-26T10:11:14.814906Z","level":"warning","event":"The `airflow.operators.bash.BashOperator` attribute is deprecated. Please use `'airflow.providers.standard.operators.bash.BashOperator'`.","category":"UserWarning","filename":"/opt/airflow/dags/3_xcoms_bash.py","lineno":2,"logger":"py.warnings"}
{"timestamp":"2026-08-26T10:11:45.321406Z","level":"info","event":"Filling up the DagBag from /opt/airflow/dags/3_xcoms_bash.py","logger":"airflow.dag_processing.dagbag.BundleDagBag","filename":"dagbag.py","lineno":469}
{"timestamp":"2026-08-26T10:11:45.354471Z","level":"warning","event":"The `airflow.operators.bash.BashOperator` attribute is deprecated. Please use `'airflow.providers.standard.operators.bash.BashOperator'`.","category":"UserWarning","filename":"/opt/airflow/dags/3_xcoms_bash.py","lineno":2,"logger":"py.warnings"}
{"timestamp":"2026-08-26T10:12:15.905339Z","level":"info","event":"Filling up the DagBag from /opt/airflow/dags/3_xcoms_bash.py","logger":"airflow.dag_processing.dagbag.BundleDagBag","filename":"dagbag.py","lineno":469}
{"timestamp":"2026-08-26T10:12:15.954936Z","level":"warning","event":"The `airflow.operators.bash.BashOperator` attribute is deprecated. Please use `'airflow.providers.standard.operators.bash.BashOperator'`.","category":"UserWarning","filename":"/opt/airflow/dags/3_xcoms_bash.py","lineno":2,"logger":"py.warnings"}
{"timestamp":"2026-08-26T10:12:46.480773Z","level":"info","event":"Filling up the DagBag from /opt/airflow/dags/3_xcoms_bash.py","logger":"airflow.dag_processing.dagbag.BundleDagBag","filename":"dagbag.py","lineno":469}
{"timestamp":"2026-08-26T10:12:46.535868Z","level":"warning","event":"The `airflow.operators.bash.BashOperator` attribute is deprecated. Please use `'airflow.providers.standard.operators.bash.BashOperator'`.","category":"UserWarning","filename":"/opt/airflow/dags/3_xcoms_bash.py","lineno":2,"logger":"py.warnings"}
{"timestamp":"2026-08-26T10:13:17.125795Z","level":"info","event":"Filling up the DagBag from /opt/airflow/dags/3_xcoms_bash.py","logger":"airflow.dag_processing.dagbag.BundleDagBag","filename":"dagbag.py","lineno":469}
{"timestamp":"2026-08-26T10:13:17.160201Z","level":"warning","event":"The `airflow.operators.bash.BashOperator` attribute is deprecated. Please use `'airflow.providers.standard.operators.bash.BashOperator'`.","category":"UserWarning","filename":"/opt/airflow/dags/3_xcoms_bash.py","lineno":2,"logger":"py.warnings"}
{"timestamp":"2026-08-26T10:13:47.652505Z","level":"info","event":"Filling up the DagBag from /opt/airflow/dags/3_xcoms_bash.py","logger":"airflow.dag_processing.dagbag.BundleDagBag","filename":"dagbag.py","lineno":469}
{"timestamp":"2026-08-26T10:13:47.687082Z","level":"warning","event":"The `airflow.operators.bash.BashOperator` attribute is deprecated. Please use `'airflow.providers.standard.operators.bash.BashOperator'`.","category":"UserWarning","filename":"/opt/airflow/dags/3_xcoms_bash.py","lineno":2,"logger":"py.warnings"}
{"timestamp":"2026-08-26T10:14:18.184282Z","level":"info","event":"Filling up the DagBag from /opt/airflow/dags/3_xcoms_bash.py","logger":"airflow.dag_processing.dagbag.BundleDagBag","filename":"dagbag.py","lineno":469}
{"timestamp":"2026-08-26T10:14:18.218622Z","level":"warning","event":"The `airflow.operators.bash.BashOperator` attribute is deprecated. Please use `'airflow.providers.standard.operators.bash.BashOperator'`.","category":"UserWarning","filename":"/opt/airflow/dags/3_xcoms_bash.py","lineno":2,"logger":"py.warnings"}
{"timestamp":"2026-08-26T10:14:48.732748Z","level":"info","event":"Filling up the DagBag from /opt/airflow/dags/3_xcoms_bash.py","logger":"airflow.dag_processing.dagbag.BundleDagBag","filename":"dagbag.py","lineno":469}
{"timestamp":"2026-08-26T10:14:48.775938Z","level":"warning","event":"The `airflow.operators.bash.BashOperator` attribute is deprecated. Please use `'airflow.providers.standard.operators.bash.BashOperator'`.","category":"UserWarning","filename":"/opt/airflow/dags/3_xcoms_bash.py","lineno":2,"logger":"py.warnings"}
{"timestamp":"2026-08-26T10:15:19.294144Z","level":"info","event":"Filling up the DagBag from /opt/airflow/dags/3_xcoms_bash.py","logger":"airflow.dag_processing.dagbag.BundleDagBag","filename":"dagbag.py","lineno":469}
{"timestamp":"2026-08-26T10:15:19.331311Z","level":"warning","event":"The `airflow.operators.bash.BashOperator` attribute is deprecated. Please use `'airflow.providers.standard.operators.bash.BashOperator'`.","category":"UserWarning","filename":"/opt/airflow/dags/3_xcoms_bash.py","lineno":2,"logger":"py.warnings"}
{"timestamp":"2026-08-26T10:15:49.837556Z","level":"info","event":"Filling up the DagBag from /opt/airflow/dags/3_xcoms_bash.py","logger":"airflow.dag_processing.dagbag.BundleDagBag","filename":"dagbag.py","lineno":469}
{"timestamp":"2026-08-26T10:15:49.871720Z","level":"warning","event":"The `airflow.operators.bash.BashOperator` attribute is deprecated. Please use `'airflow.providers.standard.operators.bash.BashOperator'`.","category":"UserWarning","filename":"/opt/airflow/dags/3_xcoms_bash.py","lineno":2,"logger":"py.warnings"}
{"timestamp":"2026-08-26T10:16:20.380034Z","level":"info","event":"Filling up the DagBag from /opt/airflow/dags/3_xcoms_bash.py","logger":"airflow.dag_processing.dagbag.BundleDagBag","filename":"dagbag.py","lineno":469}
{"timestamp":"2026-08-26T10:16:20.430299Z","level":"warning","event":"The `airflow.operators.bash.BashOperator` attribute is deprecated. Please use `'airflow.providers.standard.operators.bash.BashOperator'`.","category":"UserWarning","filename":"/opt/airflow/dags/3_xcoms_bash.py","lineno":2,"logger":"py.warnings"}
{"timestamp":"2026-08-26T10:16:50.970302Z","level":"info","event":"Filling up the DagBag from /opt/airflow/dags/3_xcoms_bash.py","logger":"airflow.dag_processing.dagbag.BundleDagBag","filename":"dagbag.py","lineno":469}
{"timestamp":"2026-08-26T10:16:51.008351Z","level":"warning","event":"The `airflow.operators.bash.BashOperator` attribute is deprecated. Please use `'airflow.providers.standard.operators.bash.BashOperator'`.","category":"UserWarning","filename":"/opt/airflow/dags/3_xcoms_bash.py","lineno":2,"logger":"py.warnings"}
{"timestamp":"2026-08-26T10:17:21.548804Z","level":"info","event":"Filling up the DagBag from /opt/airflow/dags/3_xcoms_bash.py","logger":"airflow.dag_processing.dagbag.BundleDagBag","filename":"dagbag.py","lineno":469}
{"timestamp":"2026-08-26T10:17:21.608125Z","level":"warning","event":"The `airflow.operators.bash.BashOperator` attribute is deprecated. Please use `'airflow.providers.standard.operators.bash.BashOperator'`.","category":"UserWarning","filename":"/opt/airflow/dags/3_xcoms_bash.py","lineno":2,"logger":"py.warnings"}
{"timestamp":"2026-08-26T10:17:52.167546Z","level":"info","event":"Filling up the DagBag from /opt/airflow/dags/3_xcoms_bash.py","logger":"airflow.dag_processing.dagbag.BundleDagBag","filename":"dagbag.py","lineno":469}
{"timestamp":"2026-08-26T10:17:52.213753Z","level":"warning","event":"The `airflow.operators.bash.BashOperator` attribute is deprecated. Please use `'airflow.providers.standard.operators.bash.BashOperator'`.","category":"UserWarning","filename":"/opt/airflow/dags/3_xcoms_bash.py","lineno":2,"logger":"py.warnings"}
{"timestamp":"2026-08-26T10:18:22.755140Z","level":"info","event":"Filling up the DagBag from /opt/airflow/dags/3_xcoms_bash.py","logger":"airflow.dag_processing.dagbag.BundleDagBag","filename":"dagbag.py","lineno":469}
{"timestamp":"2026-08-26T10:18:22.801485Z","level":"warning","event":"The `airflow.operators.bash.BashOperator` attribute is deprecated. Please use `'airflow.providers.standard.operators.bash.BashOperator'`.","category":"UserWarning","filename":"/opt/airflow/dags/3_xcoms_bash.py","lineno":2,"logger":"py.warnings"}
{"timestamp":"2026-08-26T10:18:53.344921Z","level":"info","event":"Filling up the DagBag from /opt/airflow/dags/3_xcoms_bash.py","logger":"airflow.dag_processing.dagbag.BundleDagBag","filename":"dagbag.py","lineno":469}
{"timestamp":"2026-08-26T10:18:53.379362Z","level":"warning","event":"The `airflow.operators.bash.BashOperator` attribute is deprecated. Please use `'airflow.providers.standard.operators.bash.BashOperator'`.","category":"UserWarning","filename":"/opt/airflow/dags/3_xcoms_bash.py","lineno":2,"logger":"py.warnings"}
{"timestamp":"2026-08-26T10:19:23.916569Z","level":"info","event":"Filling up the DagBag from /opt/airflow/dags/3_xcoms_bash.py","logger":"airflow.dag_processing.dagbag.BundleDagBag","filename":"dagbag.py","lineno":469}
{"timestamp":"2026-08-26T10:19:23.976567Z","level":"warning","event":"The `airflow.operators.bash.BashOperator` attribute is deprecated. Please use `'airflow.providers.standard.operators.bash.BashOperator'`.","category":"UserWarning","filename":"/opt/airflow/dags/3_xcoms_bash.py","lineno":2,"logger":"py.warnings"}
{"timestamp":"2026-08-26T10:22:25.598230Z","level":"info","event":"Filling up the DagBag from /opt/airflow/dags/3_xcoms_bash.py","logger":"airflow.dag_processing.dagbag.BundleDagBag","filename":"dagbag.py","lineno":469}
{"timestamp":"2026-08-26T10:22:25.729224Z","level":"warning","event":"The `airflow.operators.bash.BashOperator` attribute is deprecated. Please use `'airflow.providers.standard.operators.bash.BashOperator'`.","category":"UserWarning","filename":"/opt/airflow/dags/3_xcoms_bash.py","lineno":2,"logger":"py.warnings"}
