{"timestamp":"2026-09-21T06:49:10.476716Z","level":"info","event":"Filling up the DagBag from /opt/airflow/dags/aws_project.py","logger":"airflow.dag_processing.dagbag.BundleDagBag","filename":"dagbag.py","lineno":469}
{"timestamp":"2026-09-21T06:49:53.260733Z","level":"info","event":"Filling up the DagBag from /opt/airflow/dags/aws_project.py","logger":"airflow.dag_processing.dagbag.BundleDagBag","filename":"dagbag.py","lineno":469}
{"timestamp":"2026-09-21T06:50:24.007819Z","level":"info","event":"Filling up the DagBag from /opt/airflow/dags/aws_project.py","logger":"airflow.dag_processing.dagbag.BundleDagBag","filename":"dagbag.py","lineno":469}
{"timestamp":"2026-09-21T06:50:54.757705Z","level":"info","event":"Filling up the DagBag from /opt/airflow/dags/aws_project.py","logger":"airflow.dag_processing.dagbag.BundleDagBag","filename":"dagbag.py","lineno":469}
{"timestamp":"2026-09-21T06:51:25.562201Z","level":"info","event":"Filling up the DagBag from /opt/airflow/dags/aws_project.py","logger":"airflow.dag_processing.dagbag.BundleDagBag","filename":"dagbag.py","lineno":469}
{"timestamp":"2026-09-21T06:51:45.282816Z","level":"info","event":"Filling up the DagBag from /opt/airflow/dags/aws_project.py","logger":"airflow.dag_processing.dagbag.BundleDagBag","filename":"dagbag.py","lineno":469}
{"timestamp":"2026-09-21T06:51:45.290652Z","level":"error","event":"Failed to import: /opt/airflow/dags/aws_project.py","logger":"airflow.dag_processing.importers.python_importer","filename":"python_importer.py","lineno":244,"error_detail":[{"exc_type":"ModuleNotFoundError","exc_value":"No module named 'utils'","exc_notes":[],"syntax_error":null,"is_cause":false,"frames":[{"filename":"/home/airflow/.local/lib/python3.13/site-packages/airflow/dag_processing/importers/python_importer.py","lineno":238,"name":"parse"},{"filename":"<frozen importlib._bootstrap_external>","lineno":1023,"name":"exec_module"},{"filename":"<frozen importlib._bootstrap>","lineno":488,"name":"_call_with_frames_removed"},{"filename":"/opt/airflow/dags/aws_project.py","lineno":16,"name":"<module>"}],"is_group":false,"exceptions":[]}]}
{"timestamp":"2026-09-21T06:51:45.291817Z","level":"error","event":"Error loading DAG from aws_project.py: No module named 'utils'","logger":"airflow.dag_processing.dagbag.BundleDagBag","filename":"dagbag.py","lineno":327}
{"timestamp":"2026-09-21T06:51:59.429849Z","level":"info","event":"Filling up the DagBag from /opt/airflow/dags/aws_project.py","logger":"airflow.dag_processing.dagbag.BundleDagBag","filename":"dagbag.py","lineno":469}
{"timestamp":"2026-09-21T06:52:05.077975Z","level":"info","event":"Filling up the DagBag from /opt/airflow/dags/aws_project.py","logger":"airflow.dag_processing.dagbag.BundleDagBag","filename":"dagbag.py","lineno":469}
{"timestamp":"2026-09-21T06:52:35.876035Z","level":"info","event":"Filling up the DagBag from /opt/airflow/dags/aws_project.py","logger":"airflow.dag_processing.dagbag.BundleDagBag","filename":"dagbag.py","lineno":469}
{"timestamp":"2026-09-21T06:53:06.678029Z","level":"info","event":"Filling up the DagBag from /opt/airflow/dags/aws_project.py","logger":"airflow.dag_processing.dagbag.BundleDagBag","filename":"dagbag.py","lineno":469}
{"timestamp":"2026-09-21T06:53:37.476318Z","level":"info","event":"Filling up the DagBag from /opt/airflow/dags/aws_project.py","logger":"airflow.dag_processing.dagbag.BundleDagBag","filename":"dagbag.py","lineno":469}
{"timestamp":"2026-09-21T06:54:08.360871Z","level":"info","event":"Filling up the DagBag from /opt/airflow/dags/aws_project.py","logger":"airflow.dag_processing.dagbag.BundleDagBag","filename":"dagbag.py","lineno":469}
{"timestamp":"2026-09-21T06:54:39.663655Z","level":"info","event":"Filling up the DagBag from /opt/airflow/dags/aws_project.py","logger":"airflow.dag_processing.dagbag.BundleDagBag","filename":"dagbag.py","lineno":469}
{"timestamp":"2026-09-21T06:55:10.723373Z","level":"info","event":"Filling up the DagBag from /opt/airflow/dags/aws_project.py","logger":"airflow.dag_processing.dagbag.BundleDagBag","filename":"dagbag.py","lineno":469}
{"timestamp":"2026-09-21T06:55:41.657706Z","level":"info","event":"Filling up the DagBag from /opt/airflow/dags/aws_project.py","logger":"airflow.dag_processing.dagbag.BundleDagBag","filename":"dagbag.py","lineno":469}
{"timestamp":"2026-09-21T06:56:12.455255Z","level":"info","event":"Filling up the DagBag from /opt/airflow/dags/aws_project.py","logger":"airflow.dag_processing.dagbag.BundleDagBag","filename":"dagbag.py","lineno":469}
{"timestamp":"2026-09-21T06:56:43.225349Z","level":"info","event":"Filling up the DagBag from /opt/airflow/dags/aws_project.py","logger":"airflow.dag_processing.dagbag.BundleDagBag","filename":"dagbag.py","lineno":469}
{"timestamp":"2026-09-21T07:00:18.485110Z","level":"info","event":"Filling up the DagBag from /opt/airflow/dags/aws_project.py","logger":"airflow.dag_processing.dagbag.BundleDagBag","filename":"dagbag.py","lineno":469}
{"timestamp":"2026-09-21T07:00:54.288552Z","level":"info","event":"Filling up the DagBag from /opt/airflow/dags/aws_project.py","logger":"airflow.dag_processing.dagbag.BundleDagBag","filename":"dagbag.py","lineno":469}
{"timestamp":"2026-09-21T07:01:25.214170Z","level":"info","event":"Filling up the DagBag from /opt/airflow/dags/aws_project.py","logger":"airflow.dag_processing.dagbag.BundleDagBag","filename":"dagbag.py","lineno":469}
{"timestamp":"2026-09-21T07:01:56.413241Z","level":"info","event":"Filling up the DagBag from /opt/airflow/dags/aws_project.py","logger":"airflow.dag_processing.dagbag.BundleDagBag","filename":"dagbag.py","lineno":469}
{"timestamp":"2026-09-21T07:02:27.237726Z","level":"info","event":"Filling up the DagBag from /opt/airflow/dags/aws_project.py","logger":"airflow.dag_processing.dagbag.BundleDagBag","filename":"dagbag.py","lineno":469}
{"timestamp":"2026-09-21T07:02:57.989396Z","level":"info","event":"Filling up the DagBag from /opt/airflow/dags/aws_project.py","logger":"airflow.dag_processing.dagbag.BundleDagBag","filename":"dagbag.py","lineno":469}
{"timestamp":"2026-09-21T07:03:28.789683Z","level":"info","event":"Filling up the DagBag from /opt/airflow/dags/aws_project.py","logger":"airflow.dag_processing.dagbag.BundleDagBag","filename":"dagbag.py","lineno":469}
{"timestamp":"2026-09-21T07:03:59.586119Z","level":"info","event":"Filling up the DagBag from /opt/airflow/dags/aws_project.py","logger":"airflow.dag_processing.dagbag.BundleDagBag","filename":"dagbag.py","lineno":469}
{"timestamp":"2026-09-21T07:04:30.461549Z","level":"info","event":"Filling up the DagBag from /opt/airflow/dags/aws_project.py","logger":"airflow.dag_processing.dagbag.BundleDagBag","filename":"dagbag.py","lineno":469}
{"timestamp":"2026-09-21T07:05:01.904950Z","level":"info","event":"Filling up the DagBag from /opt/airflow/dags/aws_project.py","logger":"airflow.dag_processing.dagbag.BundleDagBag","filename":"dagbag.py","lineno":469}
{"timestamp":"2026-09-21T07:05:32.846502Z","level":"info","event":"Filling up the DagBag from /opt/airflow/dags/aws_project.py","logger":"airflow.dag_processing.dagbag.BundleDagBag","filename":"dagbag.py","lineno":469}
{"timestamp":"2026-09-21T07:06:03.969008Z","level":"info","event":"Filling up the DagBag from /opt/airflow/dags/aws_project.py","logger":"airflow.dag_processing.dagbag.BundleDagBag","filename":"dagbag.py","lineno":469}
{"timestamp":"2026-09-21T07:06:34.823356Z","level":"info","event":"Filling up the DagBag from /opt/airflow/dags/aws_project.py","logger":"airflow.dag_processing.dagbag.BundleDagBag","filename":"dagbag.py","lineno":469}
{"timestamp":"2026-09-21T07:07:05.655646Z","level":"info","event":"Filling up the DagBag from /opt/airflow/dags/aws_project.py","logger":"airflow.dag_processing.dagbag.BundleDagBag","filename":"dagbag.py","lineno":469}
{"timestamp":"2026-09-21T07:07:36.423795Z","level":"info","event":"Filling up the DagBag from /opt/airflow/dags/aws_project.py","logger":"airflow.dag_processing.dagbag.BundleDagBag","filename":"dagbag.py","lineno":469}
{"timestamp":"2026-09-21T07:08:07.225377Z","level":"info","event":"Filling up the DagBag from /opt/airflow/dags/aws_project.py","logger":"airflow.dag_processing.dagbag.BundleDagBag","filename":"dagbag.py","lineno":469}
{"timestamp":"2026-09-21T07:08:38.337546Z","level":"info","event":"Filling up the DagBag from /opt/airflow/dags/aws_project.py","logger":"airflow.dag_processing.dagbag.BundleDagBag","filename":"dagbag.py","lineno":469}
{"timestamp":"2026-09-21T07:09:09.128872Z","level":"info","event":"Filling up the DagBag from /opt/airflow/dags/aws_project.py","logger":"airflow.dag_processing.dagbag.BundleDagBag","filename":"dagbag.py","lineno":469}
{"timestamp":"2026-09-21T07:09:39.951160Z","level":"info","event":"Filling up the DagBag from /opt/airflow/dags/aws_project.py","logger":"airflow.dag_processing.dagbag.BundleDagBag","filename":"dagbag.py","lineno":469}
{"timestamp":"2026-09-21T07:10:10.728185Z","level":"info","event":"Filling up the DagBag from /opt/airflow/dags/aws_project.py","logger":"airflow.dag_processing.dagbag.BundleDagBag","filename":"dagbag.py","lineno":469}
{"timestamp":"2026-09-21T07:10:41.518527Z","level":"info","event":"Filling up the DagBag from /opt/airflow/dags/aws_project.py","logger":"airflow.dag_processing.dagbag.BundleDagBag","filename":"dagbag.py","lineno":469}
{"timestamp":"2026-09-21T07:11:06.565659Z","level":"info","event":"Filling up the DagBag from /opt/airflow/dags/aws_project.py","logger":"airflow.dag_processing.dagbag.BundleDagBag","filename":"dagbag.py","lineno":469}
{"timestamp":"2026-09-21T07:11:37.510248Z","level":"info","event":"Filling up the DagBag from /opt/airflow/dags/aws_project.py","logger":"airflow.dag_processing.dagbag.BundleDagBag","filename":"dagbag.py","lineno":469}
{"timestamp":"2026-09-21T07:11:52.230904Z","level":"info","event":"Filling up the DagBag from /opt/airflow/dags/aws_project.py","logger":"airflow.dag_processing.dagbag.BundleDagBag","filename":"dagbag.py","lineno":469}
{"timestamp":"2026-09-21T07:12:23.018773Z","level":"info","event":"Filling up the DagBag from /opt/airflow/dags/aws_project.py","logger":"airflow.dag_processing.dagbag.BundleDagBag","filename":"dagbag.py","lineno":469}
{"timestamp":"2026-09-21T07:12:33.728820Z","level":"info","event":"Filling up the DagBag from /opt/airflow/dags/aws_project.py","logger":"airflow.dag_processing.dagbag.BundleDagBag","filename":"dagbag.py","lineno":469}
{"timestamp":"2026-09-21T07:13:04.660236Z","level":"info","event":"Filling up the DagBag from /opt/airflow/dags/aws_project.py","logger":"airflow.dag_processing.dagbag.BundleDagBag","filename":"dagbag.py","lineno":469}
{"timestamp":"2026-09-21T07:13:13.295386Z","level":"info","event":"Filling up the DagBag from /opt/airflow/dags/aws_project.py","logger":"airflow.dag_processing.dagbag.BundleDagBag","filename":"dagbag.py","lineno":469}
{"timestamp":"2026-09-21T07:13:44.061075Z","level":"info","event":"Filling up the DagBag from /opt/airflow/dags/aws_project.py","logger":"airflow.dag_processing.dagbag.BundleDagBag","filename":"dagbag.py","lineno":469}
{"timestamp":"2026-09-21T07:14:14.931499Z","level":"info","event":"Filling up the DagBag from /opt/airflow/dags/aws_project.py","logger":"airflow.dag_processing.dagbag.BundleDagBag","filename":"dagbag.py","lineno":469}
{"timestamp":"2026-09-21T07:14:45.947346Z","level":"info","event":"Filling up the DagBag from /opt/airflow/dags/aws_project.py","logger":"airflow.dag_processing.dagbag.BundleDagBag","filename":"dagbag.py","lineno":469}
{"timestamp":"2026-09-21T07:15:16.700589Z","level":"info","event":"Filling up the DagBag from /opt/airflow/dags/aws_project.py","logger":"airflow.dag_processing.dagbag.BundleDagBag","filename":"dagbag.py","lineno":469}
{"timestamp":"2026-09-21T07:15:47.450762Z","level":"info","event":"Filling up the DagBag from /opt/airflow/dags/aws_project.py","logger":"airflow.dag_processing.dagbag.BundleDagBag","filename":"dagbag.py","lineno":469}
{"timestamp":"2026-09-21T07:16:18.472811Z","level":"info","event":"Filling up the DagBag from /opt/airflow/dags/aws_project.py","logger":"airflow.dag_processing.dagbag.BundleDagBag","filename":"dagbag.py","lineno":469}
{"timestamp":"2026-09-21T07:16:49.360451Z","level":"info","event":"Filling up the DagBag from /opt/airflow/dags/aws_project.py","logger":"airflow.dag_processing.dagbag.BundleDagBag","filename":"dagbag.py","lineno":469}
{"timestamp":"2026-09-21T07:17:20.228039Z","level":"info","event":"Filling up the DagBag from /opt/airflow/dags/aws_project.py","logger":"airflow.dag_processing.dagbag.BundleDagBag","filename":"dagbag.py","lineno":469}
{"timestamp":"2026-09-21T07:17:51.104769Z","level":"info","event":"Filling up the DagBag from /opt/airflow/dags/aws_project.py","logger":"airflow.dag_processing.dagbag.BundleDagBag","filename":"dagbag.py","lineno":469}
{"timestamp":"2026-09-21T07:18:21.959249Z","level":"info","event":"Filling up the DagBag from /opt/airflow/dags/aws_project.py","logger":"airflow.dag_processing.dagbag.BundleDagBag","filename":"dagbag.py","lineno":469}
{"timestamp":"2026-09-21T07:18:52.778160Z","level":"info","event":"Filling up the DagBag from /opt/airflow/dags/aws_project.py","logger":"airflow.dag_processing.dagbag.BundleDagBag","filename":"dagbag.py","lineno":469}
{"timestamp":"2026-09-21T07:19:23.644022Z","level":"info","event":"Filling up the DagBag from /opt/airflow/dags/aws_project.py","logger":"airflow.dag_processing.dagbag.BundleDagBag","filename":"dagbag.py","lineno":469}
{"timestamp":"2026-09-21T07:19:54.481940Z","level":"info","event":"Filling up the DagBag from /opt/airflow/dags/aws_project.py","logger":"airflow.dag_processing.dagbag.BundleDagBag","filename":"dagbag.py","lineno":469}
{"timestamp":"2026-09-21T07:20:25.308900Z","level":"info","event":"Filling up the DagBag from /opt/airflow/dags/aws_project.py","logger":"airflow.dag_processing.dagbag.BundleDagBag","filename":"dagbag.py","lineno":469}
{"timestamp":"2026-09-21T07:20:56.120574Z","level":"info","event":"Filling up the DagBag from /opt/airflow/dags/aws_project.py","logger":"airflow.dag_processing.dagbag.BundleDagBag","filename":"dagbag.py","lineno":469}
{"timestamp":"2026-09-21T07:21:27.890865Z","level":"info","event":"Filling up the DagBag from /opt/airflow/dags/aws_project.py","logger":"airflow.dag_processing.dagbag.BundleDagBag","filename":"dagbag.py","lineno":469}
{"timestamp":"2026-09-21T07:21:58.647645Z","level":"info","event":"Filling up the DagBag from /opt/airflow/dags/aws_project.py","logger":"airflow.dag_processing.dagbag.BundleDagBag","filename":"dagbag.py","lineno":469}
{"timestamp":"2026-09-21T07:22:29.748055Z","level":"info","event":"Filling up the DagBag from /opt/airflow/dags/aws_project.py","logger":"airflow.dag_processing.dagbag.BundleDagBag","filename":"dagbag.py","lineno":469}
{"timestamp":"2026-09-21T07:23:00.490004Z","level":"info","event":"Filling up the DagBag from /opt/airflow/dags/aws_project.py","logger":"airflow.dag_processing.dagbag.BundleDagBag","filename":"dagbag.py","lineno":469}
{"timestamp":"2026-09-21T07:23:31.276408Z","level":"info","event":"Filling up the DagBag from /opt/airflow/dags/aws_project.py","logger":"airflow.dag_processing.dagbag.BundleDagBag","filename":"dagbag.py","lineno":469}
{"timestamp":"2026-09-21T07:24:02.017751Z","level":"info","event":"Filling up the DagBag from /opt/airflow/dags/aws_project.py","logger":"airflow.dag_processing.dagbag.BundleDagBag","filename":"dagbag.py","lineno":469}
{"timestamp":"2026-09-21T07:24:32.908750Z","level":"info","event":"Filling up the DagBag from /opt/airflow/dags/aws_project.py","logger":"airflow.dag_processing.dagbag.BundleDagBag","filename":"dagbag.py","lineno":469}
{"timestamp":"2026-09-21T07:37:44.308611Z","level":"info","event":"Filling up the DagBag from /opt/airflow/dags/aws_project.py","logger":"airflow.dag_processing.dagbag.BundleDagBag","filename":"dagbag.py","lineno":469}
{"timestamp":"2026-09-21T07:38:17.280420Z","level":"info","event":"Filling up the DagBag from /opt/airflow/dags/aws_project.py","logger":"airflow.dag_processing.dagbag.BundleDagBag","filename":"dagbag.py","lineno":469}
{"timestamp":"2026-09-21T07:38:48.144527Z","level":"info","event":"Filling up the DagBag from /opt/airflow/dags/aws_project.py","logger":"airflow.dag_processing.dagbag.BundleDagBag","filename":"dagbag.py","lineno":469}
{"timestamp":"2026-09-21T07:39:18.978746Z","level":"info","event":"Filling up the DagBag from /opt/airflow/dags/aws_project.py","logger":"airflow.dag_processing.dagbag.BundleDagBag","filename":"dagbag.py","lineno":469}
{"timestamp":"2026-09-21T07:39:49.926063Z","level":"info","event":"Filling up the DagBag from /opt/airflow/dags/aws_project.py","logger":"airflow.dag_processing.dagbag.BundleDagBag","filename":"dagbag.py","lineno":469}
{"timestamp":"2026-09-21T07:40:20.671895Z","level":"info","event":"Filling up the DagBag from /opt/airflow/dags/aws_project.py","logger":"airflow.dag_processing.dagbag.BundleDagBag","filename":"dagbag.py","lineno":469}
{"timestamp":"2026-09-21T07:40:51.422674Z","level":"info","event":"Filling up the DagBag from /opt/airflow/dags/aws_project.py","logger":"airflow.dag_processing.dagbag.BundleDagBag","filename":"dagbag.py","lineno":469}
{"timestamp":"2026-09-21T07:41:22.190270Z","level":"info","event":"Filling up the DagBag from /opt/airflow/dags/aws_project.py","logger":"airflow.dag_processing.dagbag.BundleDagBag","filename":"dagbag.py","lineno":469}
{"timestamp":"2026-09-21T07:41:52.933405Z","level":"info","event":"Filling up the DagBag from /opt/airflow/dags/aws_project.py","logger":"airflow.dag_processing.dagbag.BundleDagBag","filename":"dagbag.py","lineno":469}
{"timestamp":"2026-09-21T07:42:23.779743Z","level":"info","event":"Filling up the DagBag from /opt/airflow/dags/aws_project.py","logger":"airflow.dag_processing.dagbag.BundleDagBag","filename":"dagbag.py","lineno":469}
{"timestamp":"2026-09-21T07:42:54.657737Z","level":"info","event":"Filling up the DagBag from /opt/airflow/dags/aws_project.py","logger":"airflow.dag_processing.dagbag.BundleDagBag","filename":"dagbag.py","lineno":469}
{"timestamp":"2026-09-21T07:43:25.711303Z","level":"info","event":"Filling up the DagBag from /opt/airflow/dags/aws_project.py","logger":"airflow.dag_processing.dagbag.BundleDagBag","filename":"dagbag.py","lineno":469}
{"timestamp":"2026-09-21T07:43:56.503100Z","level":"info","event":"Filling up the DagBag from /opt/airflow/dags/aws_project.py","logger":"airflow.dag_processing.dagbag.BundleDagBag","filename":"dagbag.py","lineno":469}
{"timestamp":"2026-09-21T07:44:27.254907Z","level":"info","event":"Filling up the DagBag from /opt/airflow/dags/aws_project.py","logger":"airflow.dag_processing.dagbag.BundleDagBag","filename":"dagbag.py","lineno":469}
{"timestamp":"2026-09-21T07:44:58.057690Z","level":"info","event":"Filling up the DagBag from /opt/airflow/dags/aws_project.py","logger":"airflow.dag_processing.dagbag.BundleDagBag","filename":"dagbag.py","lineno":469}
{"timestamp":"2026-09-21T07:45:28.895385Z","level":"info","event":"Filling up the DagBag from /opt/airflow/dags/aws_project.py","logger":"airflow.dag_processing.dagbag.BundleDagBag","filename":"dagbag.py","lineno":469}
{"timestamp":"2026-09-21T07:45:59.785486Z","level":"info","event":"Filling up the DagBag from /opt/airflow/dags/aws_project.py","logger":"airflow.dag_processing.dagbag.BundleDagBag","filename":"dagbag.py","lineno":469}
{"timestamp":"2026-09-21T07:46:30.725905Z","level":"info","event":"Filling up the DagBag from /opt/airflow/dags/aws_project.py","logger":"airflow.dag_processing.dagbag.BundleDagBag","filename":"dagbag.py","lineno":469}
{"timestamp":"2026-09-21T07:47:01.534626Z","level":"info","event":"Filling up the DagBag from /opt/airflow/dags/aws_project.py","logger":"airflow.dag_processing.dagbag.BundleDagBag","filename":"dagbag.py","lineno":469}
{"timestamp":"2026-09-21T07:47:32.356061Z","level":"info","event":"Filling up the DagBag from /opt/airflow/dags/aws_project.py","logger":"airflow.dag_processing.dagbag.BundleDagBag","filename":"dagbag.py","lineno":469}
{"timestamp":"2026-09-21T07:48:03.188528Z","level":"info","event":"Filling up the DagBag from /opt/airflow/dags/aws_project.py","logger":"airflow.dag_processing.dagbag.BundleDagBag","filename":"dagbag.py","lineno":469}
{"timestamp":"2026-09-21T07:48:34.301029Z","level":"info","event":"Filling up the DagBag from /opt/airflow/dags/aws_project.py","logger":"airflow.dag_processing.dagbag.BundleDagBag","filename":"dagbag.py","lineno":469}
{"timestamp":"2026-09-21T07:49:05.281860Z","level":"info","event":"Filling up the DagBag from /opt/airflow/dags/aws_project.py","logger":"airflow.dag_processing.dagbag.BundleDagBag","filename":"dagbag.py","lineno":469}
{"timestamp":"2026-09-21T07:49:36.208443Z","level":"info","event":"Filling up the DagBag from /opt/airflow/dags/aws_project.py","logger":"airflow.dag_processing.dagbag.BundleDagBag","filename":"dagbag.py","lineno":469}
{"timestamp":"2026-09-21T07:50:08.148385Z","level":"info","event":"Filling up the DagBag from /opt/airflow/dags/aws_project.py","logger":"airflow.dag_processing.dagbag.BundleDagBag","filename":"dagbag.py","lineno":469}
{"timestamp":"2026-09-21T07:50:38.929363Z","level":"info","event":"Filling up the DagBag from /opt/airflow/dags/aws_project.py","logger":"airflow.dag_processing.dagbag.BundleDagBag","filename":"dagbag.py","lineno":469}
{"timestamp":"2026-09-21T07:51:09.732803Z","level":"info","event":"Filling up the DagBag from /opt/airflow/dags/aws_project.py","logger":"airflow.dag_processing.dagbag.BundleDagBag","filename":"dagbag.py","lineno":469}
{"timestamp":"2026-09-21T07:51:40.551980Z","level":"info","event":"Filling up the DagBag from /opt/airflow/dags/aws_project.py","logger":"airflow.dag_processing.dagbag.BundleDagBag","filename":"dagbag.py","lineno":469}
{"timestamp":"2026-09-21T07:52:11.386122Z","level":"info","event":"Filling up the DagBag from /opt/airflow/dags/aws_project.py","logger":"airflow.dag_processing.dagbag.BundleDagBag","filename":"dagbag.py","lineno":469}
{"timestamp":"2026-09-21T07:52:42.258538Z","level":"info","event":"Filling up the DagBag from /opt/airflow/dags/aws_project.py","logger":"airflow.dag_processing.dagbag.BundleDagBag","filename":"dagbag.py","lineno":469}
{"timestamp":"2026-09-21T07:53:13.253084Z","level":"info","event":"Filling up the DagBag from /opt/airflow/dags/aws_project.py","logger":"airflow.dag_processing.dagbag.BundleDagBag","filename":"dagbag.py","lineno":469}
{"timestamp":"2026-09-21T07:53:44.294479Z","level":"info","event":"Filling up the DagBag from /opt/airflow/dags/aws_project.py","logger":"airflow.dag_processing.dagbag.BundleDagBag","filename":"dagbag.py","lineno":469}
{"timestamp":"2026-09-21T07:54:15.071758Z","level":"info","event":"Filling up the DagBag from /opt/airflow/dags/aws_project.py","logger":"airflow.dag_processing.dagbag.BundleDagBag","filename":"dagbag.py","lineno":469}
{"timestamp":"2026-09-21T07:54:45.864488Z","level":"info","event":"Filling up the DagBag from /opt/airflow/dags/aws_project.py","logger":"airflow.dag_processing.dagbag.BundleDagBag","filename":"dagbag.py","lineno":469}
{"timestamp":"2026-09-21T07:55:16.695180Z","level":"info","event":"Filling up the DagBag from /opt/airflow/dags/aws_project.py","logger":"airflow.dag_processing.dagbag.BundleDagBag","filename":"dagbag.py","lineno":469}
{"timestamp":"2026-09-21T07:55:47.511723Z","level":"info","event":"Filling up the DagBag from /opt/airflow/dags/aws_project.py","logger":"airflow.dag_processing.dagbag.BundleDagBag","filename":"dagbag.py","lineno":469}
{"timestamp":"2026-09-21T07:56:18.394836Z","level":"info","event":"Filling up the DagBag from /opt/airflow/dags/aws_project.py","logger":"airflow.dag_processing.dagbag.BundleDagBag","filename":"dagbag.py","lineno":469}
{"timestamp":"2026-09-21T07:56:49.244015Z","level":"info","event":"Filling up the DagBag from /opt/airflow/dags/aws_project.py","logger":"airflow.dag_processing.dagbag.BundleDagBag","filename":"dagbag.py","lineno":469}
{"timestamp":"2026-09-21T07:57:20.083716Z","level":"info","event":"Filling up the DagBag from /opt/airflow/dags/aws_project.py","logger":"airflow.dag_processing.dagbag.BundleDagBag","filename":"dagbag.py","lineno":469}
{"timestamp":"2026-09-21T07:57:50.951812Z","level":"info","event":"Filling up the DagBag from /opt/airflow/dags/aws_project.py","logger":"airflow.dag_processing.dagbag.BundleDagBag","filename":"dagbag.py","lineno":469}
{"timestamp":"2026-09-21T07:58:21.820926Z","level":"info","event":"Filling up the DagBag from /opt/airflow/dags/aws_project.py","logger":"airflow.dag_processing.dagbag.BundleDagBag","filename":"dagbag.py","lineno":469}
{"timestamp":"2026-09-21T07:58:52.953005Z","level":"info","event":"Filling up the DagBag from /opt/airflow/dags/aws_project.py","logger":"airflow.dag_processing.dagbag.BundleDagBag","filename":"dagbag.py","lineno":469}
{"timestamp":"2026-09-21T07:59:23.756797Z","level":"info","event":"Filling up the DagBag from /opt/airflow/dags/aws_project.py","logger":"airflow.dag_processing.dagbag.BundleDagBag","filename":"dagbag.py","lineno":469}
{"timestamp":"2026-09-21T07:59:54.700439Z","level":"info","event":"Filling up the DagBag from /opt/airflow/dags/aws_project.py","logger":"airflow.dag_processing.dagbag.BundleDagBag","filename":"dagbag.py","lineno":469}
{"timestamp":"2026-09-21T08:00:25.545231Z","level":"info","event":"Filling up the DagBag from /opt/airflow/dags/aws_project.py","logger":"airflow.dag_processing.dagbag.BundleDagBag","filename":"dagbag.py","lineno":469}
{"timestamp":"2026-09-21T08:00:56.349380Z","level":"info","event":"Filling up the DagBag from /opt/airflow/dags/aws_project.py","logger":"airflow.dag_processing.dagbag.BundleDagBag","filename":"dagbag.py","lineno":469}
{"timestamp":"2026-09-21T08:01:27.173575Z","level":"info","event":"Filling up the DagBag from /opt/airflow/dags/aws_project.py","logger":"airflow.dag_processing.dagbag.BundleDagBag","filename":"dagbag.py","lineno":469}
{"timestamp":"2026-09-21T08:01:58.021605Z","level":"info","event":"Filling up the DagBag from /opt/airflow/dags/aws_project.py","logger":"airflow.dag_processing.dagbag.BundleDagBag","filename":"dagbag.py","lineno":469}
{"timestamp":"2026-09-21T08:02:28.882358Z","level":"info","event":"Filling up the DagBag from /opt/airflow/dags/aws_project.py","logger":"airflow.dag_processing.dagbag.BundleDagBag","filename":"dagbag.py","lineno":469}
{"timestamp":"2026-09-21T08:02:59.727115Z","level":"info","event":"Filling up the DagBag from /opt/airflow/dags/aws_project.py","logger":"airflow.dag_processing.dagbag.BundleDagBag","filename":"dagbag.py","lineno":469}
{"timestamp":"2026-09-21T08:03:30.558337Z","level":"info","event":"Filling up the DagBag from /opt/airflow/dags/aws_project.py","logger":"airflow.dag_processing.dagbag.BundleDagBag","filename":"dagbag.py","lineno":469}
{"timestamp":"2026-09-21T08:04:01.681261Z","level":"info","event":"Filling up the DagBag from /opt/airflow/dags/aws_project.py","logger":"airflow.dag_processing.dagbag.BundleDagBag","filename":"dagbag.py","lineno":469}
{"timestamp":"2026-09-21T08:04:32.519048Z","level":"info","event":"Filling up the DagBag from /opt/airflow/dags/aws_project.py","logger":"airflow.dag_processing.dagbag.BundleDagBag","filename":"dagbag.py","lineno":469}
{"timestamp":"2026-09-21T08:05:03.382412Z","level":"info","event":"Filling up the DagBag from /opt/airflow/dags/aws_project.py","logger":"airflow.dag_processing.dagbag.BundleDagBag","filename":"dagbag.py","lineno":469}
{"timestamp":"2026-09-21T08:05:34.227081Z","level":"info","event":"Filling up the DagBag from /opt/airflow/dags/aws_project.py","logger":"airflow.dag_processing.dagbag.BundleDagBag","filename":"dagbag.py","lineno":469}
{"timestamp":"2026-09-21T08:06:05.152810Z","level":"info","event":"Filling up the DagBag from /opt/airflow/dags/aws_project.py","logger":"airflow.dag_processing.dagbag.BundleDagBag","filename":"dagbag.py","lineno":469}
{"timestamp":"2026-09-21T08:06:36.267358Z","level":"info","event":"Filling up the DagBag from /opt/airflow/dags/aws_project.py","logger":"airflow.dag_processing.dagbag.BundleDagBag","filename":"dagbag.py","lineno":469}
{"timestamp":"2026-09-21T08:07:07.191111Z","level":"info","event":"Filling up the DagBag from /opt/airflow/dags/aws_project.py","logger":"airflow.dag_processing.dagbag.BundleDagBag","filename":"dagbag.py","lineno":469}
{"timestamp":"2026-09-21T08:07:38.018593Z","level":"info","event":"Filling up the DagBag from /opt/airflow/dags/aws_project.py","logger":"airflow.dag_processing.dagbag.BundleDagBag","filename":"dagbag.py","lineno":469}
{"timestamp":"2026-09-21T08:08:08.967934Z","level":"info","event":"Filling up the DagBag from /opt/airflow/dags/aws_project.py","logger":"airflow.dag_processing.dagbag.BundleDagBag","filename":"dagbag.py","lineno":469}
{"timestamp":"2026-09-21T08:08:40.124721Z","level":"info","event":"Filling up the DagBag from /opt/airflow/dags/aws_project.py","logger":"airflow.dag_processing.dagbag.BundleDagBag","filename":"dagbag.py","lineno":469}
{"timestamp":"2026-09-21T08:09:11.320960Z","level":"info","event":"Filling up the DagBag from /opt/airflow/dags/aws_project.py","logger":"airflow.dag_processing.dagbag.BundleDagBag","filename":"dagbag.py","lineno":469}
{"timestamp":"2026-09-21T08:09:42.229800Z","level":"info","event":"Filling up the DagBag from /opt/airflow/dags/aws_project.py","logger":"airflow.dag_processing.dagbag.BundleDagBag","filename":"dagbag.py","lineno":469}
{"timestamp":"2026-09-21T08:10:13.626904Z","level":"info","event":"Filling up the DagBag from /opt/airflow/dags/aws_project.py","logger":"airflow.dag_processing.dagbag.BundleDagBag","filename":"dagbag.py","lineno":469}
{"timestamp":"2026-09-21T08:10:44.462238Z","level":"info","event":"Filling up the DagBag from /opt/airflow/dags/aws_project.py","logger":"airflow.dag_processing.dagbag.BundleDagBag","filename":"dagbag.py","lineno":469}
{"timestamp":"2026-09-21T08:11:15.297089Z","level":"info","event":"Filling up the DagBag from /opt/airflow/dags/aws_project.py","logger":"airflow.dag_processing.dagbag.BundleDagBag","filename":"dagbag.py","lineno":469}
{"timestamp":"2026-09-21T08:11:46.164337Z","level":"info","event":"Filling up the DagBag from /opt/airflow/dags/aws_project.py","logger":"airflow.dag_processing.dagbag.BundleDagBag","filename":"dagbag.py","lineno":469}
{"timestamp":"2026-09-21T08:12:17.051268Z","level":"info","event":"Filling up the DagBag from /opt/airflow/dags/aws_project.py","logger":"airflow.dag_processing.dagbag.BundleDagBag","filename":"dagbag.py","lineno":469}
{"timestamp":"2026-09-21T08:12:48.125968Z","level":"info","event":"Filling up the DagBag from /opt/airflow/dags/aws_project.py","logger":"airflow.dag_processing.dagbag.BundleDagBag","filename":"dagbag.py","lineno":469}
{"timestamp":"2026-09-21T08:13:19.008341Z","level":"info","event":"Filling up the DagBag from /opt/airflow/dags/aws_project.py","logger":"airflow.dag_processing.dagbag.BundleDagBag","filename":"dagbag.py","lineno":469}
{"timestamp":"2026-09-21T08:13:49.842148Z","level":"info","event":"Filling up the DagBag from /opt/airflow/dags/aws_project.py","logger":"airflow.dag_processing.dagbag.BundleDagBag","filename":"dagbag.py","lineno":469}
{"timestamp":"2026-09-21T08:14:20.927766Z","level":"info","event":"Filling up the DagBag from /opt/airflow/dags/aws_project.py","logger":"airflow.dag_processing.dagbag.BundleDagBag","filename":"dagbag.py","lineno":469}
{"timestamp":"2026-09-21T08:14:51.687926Z","level":"info","event":"Filling up the DagBag from /opt/airflow/dags/aws_project.py","logger":"airflow.dag_processing.dagbag.BundleDagBag","filename":"dagbag.py","lineno":469}
{"timestamp":"2026-09-21T08:15:22.452571Z","level":"info","event":"Filling up the DagBag from /opt/airflow/dags/aws_project.py","logger":"airflow.dag_processing.dagbag.BundleDagBag","filename":"dagbag.py","lineno":469}
{"timestamp":"2026-09-21T08:15:53.187115Z","level":"info","event":"Filling up the DagBag from /opt/airflow/dags/aws_project.py","logger":"airflow.dag_processing.dagbag.BundleDagBag","filename":"dagbag.py","lineno":469}
{"timestamp":"2026-09-21T08:16:23.979174Z","level":"info","event":"Filling up the DagBag from /opt/airflow/dags/aws_project.py","logger":"airflow.dag_processing.dagbag.BundleDagBag","filename":"dagbag.py","lineno":469}
{"timestamp":"2026-09-21T08:16:54.825186Z","level":"info","event":"Filling up the DagBag from /opt/airflow/dags/aws_project.py","logger":"airflow.dag_processing.dagbag.BundleDagBag","filename":"dagbag.py","lineno":469}
{"timestamp":"2026-09-21T08:17:25.612626Z","level":"info","event":"Filling up the DagBag from /opt/airflow/dags/aws_project.py","logger":"airflow.dag_processing.dagbag.BundleDagBag","filename":"dagbag.py","lineno":469}
{"timestamp":"2026-09-21T08:17:56.393203Z","level":"info","event":"Filling up the DagBag from /opt/airflow/dags/aws_project.py","logger":"airflow.dag_processing.dagbag.BundleDagBag","filename":"dagbag.py","lineno":469}
{"timestamp":"2026-09-21T08:18:27.149221Z","level":"info","event":"Filling up the DagBag from /opt/airflow/dags/aws_project.py","logger":"airflow.dag_processing.dagbag.BundleDagBag","filename":"dagbag.py","lineno":469}
{"timestamp":"2026-09-21T08:18:57.898676Z","level":"info","event":"Filling up the DagBag from /opt/airflow/dags/aws_project.py","logger":"airflow.dag_processing.dagbag.BundleDagBag","filename":"dagbag.py","lineno":469}
{"timestamp":"2026-09-21T08:19:28.987122Z","level":"info","event":"Filling up the DagBag from /opt/airflow/dags/aws_project.py","logger":"airflow.dag_processing.dagbag.BundleDagBag","filename":"dagbag.py","lineno":469}
{"timestamp":"2026-09-21T08:19:59.785811Z","level":"info","event":"Filling up the DagBag from /opt/airflow/dags/aws_project.py","logger":"airflow.dag_processing.dagbag.BundleDagBag","filename":"dagbag.py","lineno":469}
{"timestamp":"2026-09-21T08:20:30.877494Z","level":"info","event":"Filling up the DagBag from /opt/airflow/dags/aws_project.py","logger":"airflow.dag_processing.dagbag.BundleDagBag","filename":"dagbag.py","lineno":469}
{"timestamp":"2026-09-21T08:20:30.913150Z","level":"info","event":"None","logger":"task.stdout"}
{"timestamp":"2026-09-21T08:21:01.728374Z","level":"info","event":"Filling up the DagBag from /opt/airflow/dags/aws_project.py","logger":"airflow.dag_processing.dagbag.BundleDagBag","filename":"dagbag.py","lineno":469}
{"timestamp":"2026-09-21T08:21:01.737610Z","level":"info","event":"None","logger":"task.stdout"}
{"timestamp":"2026-09-21T08:21:32.494308Z","level":"info","event":"Filling up the DagBag from /opt/airflow/dags/aws_project.py","logger":"airflow.dag_processing.dagbag.BundleDagBag","filename":"dagbag.py","lineno":469}
{"timestamp":"2026-09-21T08:21:32.503502Z","level":"info","event":"None","logger":"task.stdout"}
{"timestamp":"2026-09-21T08:22:03.274515Z","level":"info","event":"Filling up the DagBag from /opt/airflow/dags/aws_project.py","logger":"airflow.dag_processing.dagbag.BundleDagBag","filename":"dagbag.py","lineno":469}
{"timestamp":"2026-09-21T08:22:03.284302Z","level":"info","event":"None","logger":"task.stdout"}
{"timestamp":"2026-09-21T08:22:34.092361Z","level":"info","event":"Filling up the DagBag from /opt/airflow/dags/aws_project.py","logger":"airflow.dag_processing.dagbag.BundleDagBag","filename":"dagbag.py","lineno":469}
{"timestamp":"2026-09-21T08:22:34.109096Z","level":"info","event":"None","logger":"task.stdout"}
{"timestamp":"2026-09-21T08:23:04.887380Z","level":"info","event":"Filling up the DagBag from /opt/airflow/dags/aws_project.py","logger":"airflow.dag_processing.dagbag.BundleDagBag","filename":"dagbag.py","lineno":469}
{"timestamp":"2026-09-21T08:23:04.896737Z","level":"info","event":"None","logger":"task.stdout"}
{"timestamp":"2026-09-21T08:23:35.613056Z","level":"info","event":"Filling up the DagBag from /opt/airflow/dags/aws_project.py","logger":"airflow.dag_processing.dagbag.BundleDagBag","filename":"dagbag.py","lineno":469}
{"timestamp":"2026-09-21T08:23:35.624878Z","level":"info","event":"None","logger":"task.stdout"}
{"timestamp":"2026-09-21T08:23:57.350113Z","level":"info","event":"Filling up the DagBag from /opt/airflow/dags/aws_project.py","logger":"airflow.dag_processing.dagbag.BundleDagBag","filename":"dagbag.py","lineno":469}
{"timestamp":"2026-09-21T08:23:57.368676Z","level":"info","event":"None","logger":"task.stdout"}
{"timestamp":"2026-09-21T08:24:10.078012Z","level":"info","event":"Filling up the DagBag from /opt/airflow/dags/aws_project.py","logger":"airflow.dag_processing.dagbag.BundleDagBag","filename":"dagbag.py","lineno":469}
{"timestamp":"2026-09-21T08:24:10.088319Z","level":"info","event":"None","logger":"task.stdout"}
{"timestamp":"2026-09-21T08:24:41.397477Z","level":"info","event":"Filling up the DagBag from /opt/airflow/dags/aws_project.py","logger":"airflow.dag_processing.dagbag.BundleDagBag","filename":"dagbag.py","lineno":469}
{"timestamp":"2026-09-21T08:24:41.406538Z","level":"info","event":"None","logger":"task.stdout"}
{"timestamp":"2026-09-21T08:25:12.163311Z","level":"info","event":"Filling up the DagBag from /opt/airflow/dags/aws_project.py","logger":"airflow.dag_processing.dagbag.BundleDagBag","filename":"dagbag.py","lineno":469}
{"timestamp":"2026-09-21T08:25:12.173827Z","level":"info","event":"None","logger":"task.stdout"}
{"timestamp":"2026-09-21T08:25:42.935214Z","level":"info","event":"Filling up the DagBag from /opt/airflow/dags/aws_project.py","logger":"airflow.dag_processing.dagbag.BundleDagBag","filename":"dagbag.py","lineno":469}
{"timestamp":"2026-09-21T08:25:42.944435Z","level":"info","event":"None","logger":"task.stdout"}
{"timestamp":"2026-09-21T08:26:13.709400Z","level":"info","event":"Filling up the DagBag from /opt/airflow/dags/aws_project.py","logger":"airflow.dag_processing.dagbag.BundleDagBag","filename":"dagbag.py","lineno":469}
{"timestamp":"2026-09-21T08:26:13.720400Z","level":"info","event":"None","logger":"task.stdout"}
{"timestamp":"2026-09-21T08:26:44.463313Z","level":"info","event":"Filling up the DagBag from /opt/airflow/dags/aws_project.py","logger":"airflow.dag_processing.dagbag.BundleDagBag","filename":"dagbag.py","lineno":469}
{"timestamp":"2026-09-21T08:26:44.472725Z","level":"info","event":"None","logger":"task.stdout"}
{"timestamp":"2026-09-21T08:27:15.264859Z","level":"info","event":"Filling up the DagBag from /opt/airflow/dags/aws_project.py","logger":"airflow.dag_processing.dagbag.BundleDagBag","filename":"dagbag.py","lineno":469}
{"timestamp":"2026-09-21T08:27:15.276261Z","level":"info","event":"None","logger":"task.stdout"}
{"timestamp":"2026-09-21T08:27:46.128025Z","level":"info","event":"Filling up the DagBag from /opt/airflow/dags/aws_project.py","logger":"airflow.dag_processing.dagbag.BundleDagBag","filename":"dagbag.py","lineno":469}
{"timestamp":"2026-09-21T08:27:46.136828Z","level":"info","event":"None","logger":"task.stdout"}
{"timestamp":"2026-09-21T08:28:16.929662Z","level":"info","event":"Filling up the DagBag from /opt/airflow/dags/aws_project.py","logger":"airflow.dag_processing.dagbag.BundleDagBag","filename":"dagbag.py","lineno":469}
{"timestamp":"2026-09-21T08:28:16.941989Z","level":"info","event":"None","logger":"task.stdout"}
{"timestamp":"2026-09-21T08:28:47.778134Z","level":"info","event":"Filling up the DagBag from /opt/airflow/dags/aws_project.py","logger":"airflow.dag_processing.dagbag.BundleDagBag","filename":"dagbag.py","lineno":469}
{"timestamp":"2026-09-21T08:28:47.790971Z","level":"info","event":"None","logger":"task.stdout"}
{"timestamp":"2026-09-21T08:29:18.649993Z","level":"info","event":"Filling up the DagBag from /opt/airflow/dags/aws_project.py","logger":"airflow.dag_processing.dagbag.BundleDagBag","filename":"dagbag.py","lineno":469}
{"timestamp":"2026-09-21T08:29:18.661311Z","level":"info","event":"None","logger":"task.stdout"}
{"timestamp":"2026-09-21T08:29:49.754797Z","level":"info","event":"Filling up the DagBag from /opt/airflow/dags/aws_project.py","logger":"airflow.dag_processing.dagbag.BundleDagBag","filename":"dagbag.py","lineno":469}
{"timestamp":"2026-09-21T08:29:49.764110Z","level":"info","event":"None","logger":"task.stdout"}
{"timestamp":"2026-09-21T08:30:20.508216Z","level":"info","event":"Filling up the DagBag from /opt/airflow/dags/aws_project.py","logger":"airflow.dag_processing.dagbag.BundleDagBag","filename":"dagbag.py","lineno":469}
{"timestamp":"2026-09-21T08:30:20.519646Z","level":"info","event":"None","logger":"task.stdout"}
{"timestamp":"2026-09-21T08:30:51.265591Z","level":"info","event":"Filling up the DagBag from /opt/airflow/dags/aws_project.py","logger":"airflow.dag_processing.dagbag.BundleDagBag","filename":"dagbag.py","lineno":469}
{"timestamp":"2026-09-21T08:30:51.274765Z","level":"info","event":"None","logger":"task.stdout"}
{"timestamp":"2026-09-21T08:31:22.019215Z","level":"info","event":"Filling up the DagBag from /opt/airflow/dags/aws_project.py","logger":"airflow.dag_processing.dagbag.BundleDagBag","filename":"dagbag.py","lineno":469}
{"timestamp":"2026-09-21T08:31:22.031439Z","level":"info","event":"None","logger":"task.stdout"}
{"timestamp":"2026-09-21T08:31:52.784513Z","level":"info","event":"Filling up the DagBag from /opt/airflow/dags/aws_project.py","logger":"airflow.dag_processing.dagbag.BundleDagBag","filename":"dagbag.py","lineno":469}
{"timestamp":"2026-09-21T08:31:52.793723Z","level":"info","event":"None","logger":"task.stdout"}
{"timestamp":"2026-09-21T08:32:23.535536Z","level":"info","event":"Filling up the DagBag from /opt/airflow/dags/aws_project.py","logger":"airflow.dag_processing.dagbag.BundleDagBag","filename":"dagbag.py","lineno":469}
{"timestamp":"2026-09-21T08:32:23.546688Z","level":"info","event":"None","logger":"task.stdout"}
{"timestamp":"2026-09-21T08:32:28.130258Z","level":"info","event":"Filling up the DagBag from /opt/airflow/dags/aws_project.py","logger":"airflow.dag_processing.dagbag.BundleDagBag","filename":"dagbag.py","lineno":469}
{"timestamp":"2026-09-21T08:32:28.139610Z","level":"info","event":"None","logger":"task.stdout"}
{"timestamp":"2026-09-21T08:32:34.715976Z","level":"info","event":"Filling up the DagBag from /opt/airflow/dags/aws_project.py","logger":"airflow.dag_processing.dagbag.BundleDagBag","filename":"dagbag.py","lineno":469}
{"timestamp":"2026-09-21T08:32:34.727758Z","level":"info","event":"None","logger":"task.stdout"}
{"timestamp":"2026-09-21T08:33:05.473254Z","level":"info","event":"Filling up the DagBag from /opt/airflow/dags/aws_project.py","logger":"airflow.dag_processing.dagbag.BundleDagBag","filename":"dagbag.py","lineno":469}
{"timestamp":"2026-09-21T08:33:05.485644Z","level":"info","event":"None","logger":"task.stdout"}
{"timestamp":"2026-09-21T08:33:36.265974Z","level":"info","event":"Filling up the DagBag from /opt/airflow/dags/aws_project.py","logger":"airflow.dag_processing.dagbag.BundleDagBag","filename":"dagbag.py","lineno":469}
{"timestamp":"2026-09-21T08:33:36.276707Z","level":"info","event":"None","logger":"task.stdout"}
{"timestamp":"2026-09-21T08:34:07.139385Z","level":"info","event":"Filling up the DagBag from /opt/airflow/dags/aws_project.py","logger":"airflow.dag_processing.dagbag.BundleDagBag","filename":"dagbag.py","lineno":469}
{"timestamp":"2026-09-21T08:34:07.148436Z","level":"info","event":"None","logger":"task.stdout"}
{"timestamp":"2026-09-21T08:34:37.971947Z","level":"info","event":"Filling up the DagBag from /opt/airflow/dags/aws_project.py","logger":"airflow.dag_processing.dagbag.BundleDagBag","filename":"dagbag.py","lineno":469}
{"timestamp":"2026-09-21T08:34:37.983128Z","level":"info","event":"None","logger":"task.stdout"}
{"timestamp":"2026-09-21T08:35:09.097874Z","level":"info","event":"Filling up the DagBag from /opt/airflow/dags/aws_project.py","logger":"airflow.dag_processing.dagbag.BundleDagBag","filename":"dagbag.py","lineno":469}
{"timestamp":"2026-09-21T08:35:09.107229Z","level":"info","event":"None","logger":"task.stdout"}
{"timestamp":"2026-09-21T08:35:39.889033Z","level":"info","event":"Filling up the DagBag from /opt/airflow/dags/aws_project.py","logger":"airflow.dag_processing.dagbag.BundleDagBag","filename":"dagbag.py","lineno":469}
{"timestamp":"2026-09-21T08:35:39.898197Z","level":"info","event":"None","logger":"task.stdout"}
{"timestamp":"2026-09-21T08:36:10.653173Z","level":"info","event":"Filling up the DagBag from /opt/airflow/dags/aws_project.py","logger":"airflow.dag_processing.dagbag.BundleDagBag","filename":"dagbag.py","lineno":469}
{"timestamp":"2026-09-21T08:36:10.662384Z","level":"info","event":"None","logger":"task.stdout"}
{"timestamp":"2026-09-21T08:36:41.376769Z","level":"info","event":"Filling up the DagBag from /opt/airflow/dags/aws_project.py","logger":"airflow.dag_processing.dagbag.BundleDagBag","filename":"dagbag.py","lineno":469}
{"timestamp":"2026-09-21T08:36:41.387792Z","level":"info","event":"None","logger":"task.stdout"}
{"timestamp":"2026-09-21T08:37:12.120143Z","level":"info","event":"Filling up the DagBag from /opt/airflow/dags/aws_project.py","logger":"airflow.dag_processing.dagbag.BundleDagBag","filename":"dagbag.py","lineno":469}
{"timestamp":"2026-09-21T08:37:12.135475Z","level":"info","event":"None","logger":"task.stdout"}
{"timestamp":"2026-09-21T08:37:42.889706Z","level":"info","event":"Filling up the DagBag from /opt/airflow/dags/aws_project.py","logger":"airflow.dag_processing.dagbag.BundleDagBag","filename":"dagbag.py","lineno":469}
{"timestamp":"2026-09-21T08:37:42.901770Z","level":"info","event":"None","logger":"task.stdout"}
{"timestamp":"2026-09-21T08:38:13.658571Z","level":"info","event":"Filling up the DagBag from /opt/airflow/dags/aws_project.py","logger":"airflow.dag_processing.dagbag.BundleDagBag","filename":"dagbag.py","lineno":469}
{"timestamp":"2026-09-21T08:38:13.670129Z","level":"info","event":"None","logger":"task.stdout"}
{"timestamp":"2026-09-21T08:38:44.463252Z","level":"info","event":"Filling up the DagBag from /opt/airflow/dags/aws_project.py","logger":"airflow.dag_processing.dagbag.BundleDagBag","filename":"dagbag.py","lineno":469}
{"timestamp":"2026-09-21T08:38:44.474870Z","level":"info","event":"None","logger":"task.stdout"}
{"timestamp":"2026-09-21T08:39:15.334397Z","level":"info","event":"Filling up the DagBag from /opt/airflow/dags/aws_project.py","logger":"airflow.dag_processing.dagbag.BundleDagBag","filename":"dagbag.py","lineno":469}
{"timestamp":"2026-09-21T08:39:15.368392Z","level":"info","event":"None","logger":"task.stdout"}
{"timestamp":"2026-09-21T08:39:49.984508Z","level":"info","event":"Filling up the DagBag from /opt/airflow/dags/aws_project.py","logger":"airflow.dag_processing.dagbag.BundleDagBag","filename":"dagbag.py","lineno":469}
{"timestamp":"2026-09-21T08:39:50.030963Z","level":"info","event":"None","logger":"task.stdout"}
{"timestamp":"2026-09-21T08:40:22.371263Z","level":"info","event":"Filling up the DagBag from /opt/airflow/dags/aws_project.py","logger":"airflow.dag_processing.dagbag.BundleDagBag","filename":"dagbag.py","lineno":469}
{"timestamp":"2026-09-21T08:40:22.391522Z","level":"info","event":"None","logger":"task.stdout"}
{"timestamp":"2026-09-21T08:40:53.633102Z","level":"info","event":"Filling up the DagBag from /opt/airflow/dags/aws_project.py","logger":"airflow.dag_processing.dagbag.BundleDagBag","filename":"dagbag.py","lineno":469}
{"timestamp":"2026-09-21T08:40:53.651153Z","level":"info","event":"None","logger":"task.stdout"}
{"timestamp":"2026-09-21T08:41:19.675371Z","level":"info","event":"Filling up the DagBag from /opt/airflow/dags/aws_project.py","logger":"airflow.dag_processing.dagbag.BundleDagBag","filename":"dagbag.py","lineno":469}
{"timestamp":"2026-09-21T08:41:19.718139Z","level":"info","event":"None","logger":"task.stdout"}
{"timestamp":"2026-09-21T08:41:20.594394Z","level":"error","event":"Failed to import: /opt/airflow/dags/aws_project.py","logger":"airflow.dag_processing.importers.python_importer","filename":"python_importer.py","lineno":244,"error_detail":[{"exc_type":"AttributeError","exc_value":"'NoneType' object has no attribute 'strip'","exc_notes":[],"syntax_error":null,"is_cause":false,"frames":[{"filename":"/home/airflow/.local/lib/python3.13/site-packages/airflow/dag_processing/importers/python_importer.py","lineno":238,"name":"parse"},{"filename":"<frozen importlib._bootstrap_external>","lineno":1023,"name":"exec_module"},{"filename":"<frozen importlib._bootstrap>","lineno":488,"name":"_call_with_frames_removed"},{"filename":"/opt/airflow/dags/aws_project.py","lineno":21,"name":"<module>"}],"is_group":false,"exceptions":[]}]}
{"timestamp":"2026-09-21T08:41:20.596222Z","level":"error","event":"Error loading DAG from aws_project.py: 'NoneType' object has no attribute 'strip'","logger":"airflow.dag_processing.dagbag.BundleDagBag","filename":"dagbag.py","lineno":327}
{"timestamp":"2026-09-21T08:41:21.715405Z","level":"info","event":"Filling up the DagBag from /opt/airflow/dags/aws_project.py","logger":"airflow.dag_processing.dagbag.BundleDagBag","filename":"dagbag.py","lineno":469}
{"timestamp":"2026-09-21T08:41:21.728011Z","level":"info","event":"None","logger":"task.stdout"}
{"timestamp":"2026-09-21T08:41:22.279958Z","level":"error","event":"Failed to import: /opt/airflow/dags/aws_project.py","logger":"airflow.dag_processing.importers.python_importer","filename":"python_importer.py","lineno":244,"error_detail":[{"exc_type":"AttributeError","exc_value":"'NoneType' object has no attribute 'strip'","exc_notes":[],"syntax_error":null,"is_cause":false,"frames":[{"filename":"/home/airflow/.local/lib/python3.13/site-packages/airflow/dag_processing/importers/python_importer.py","lineno":238,"name":"parse"},{"filename":"<frozen importlib._bootstrap_external>","lineno":1023,"name":"exec_module"},{"filename":"<frozen importlib._bootstrap>","lineno":488,"name":"_call_with_frames_removed"},{"filename":"/opt/airflow/dags/aws_project.py","lineno":21,"name":"<module>"}],"is_group":false,"exceptions":[]}]}
{"timestamp":"2026-09-21T08:41:22.281624Z","level":"error","event":"Error loading DAG from aws_project.py: 'NoneType' object has no attribute 'strip'","logger":"airflow.dag_processing.dagbag.BundleDagBag","filename":"dagbag.py","lineno":327}
{"timestamp":"2026-09-21T08:41:52.534677Z","level":"info","event":"Filling up the DagBag from /opt/airflow/dags/aws_project.py","logger":"airflow.dag_processing.dagbag.BundleDagBag","filename":"dagbag.py","lineno":469}
{"timestamp":"2026-09-21T08:41:52.545723Z","level":"info","event":"None","logger":"task.stdout"}
{"timestamp":"2026-09-21T08:41:53.139835Z","level":"error","event":"Failed to import: /opt/airflow/dags/aws_project.py","logger":"airflow.dag_processing.importers.python_importer","filename":"python_importer.py","lineno":244,"error_detail":[{"exc_type":"AttributeError","exc_value":"'NoneType' object has no attribute 'strip'","exc_notes":[],"syntax_error":null,"is_cause":false,"frames":[{"filename":"/home/airflow/.local/lib/python3.13/site-packages/airflow/dag_processing/importers/python_importer.py","lineno":238,"name":"parse"},{"filename":"<frozen importlib._bootstrap_external>","lineno":1023,"name":"exec_module"},{"filename":"<frozen importlib._bootstrap>","lineno":488,"name":"_call_with_frames_removed"},{"filename":"/opt/airflow/dags/aws_project.py","lineno":21,"name":"<module>"}],"is_group":false,"exceptions":[]}]}
{"timestamp":"2026-09-21T08:41:53.141789Z","level":"error","event":"Error loading DAG from aws_project.py: 'NoneType' object has no attribute 'strip'","logger":"airflow.dag_processing.dagbag.BundleDagBag","filename":"dagbag.py","lineno":327}
{"timestamp":"2026-09-21T08:42:23.427088Z","level":"info","event":"Filling up the DagBag from /opt/airflow/dags/aws_project.py","logger":"airflow.dag_processing.dagbag.BundleDagBag","filename":"dagbag.py","lineno":469}
{"timestamp":"2026-09-21T08:42:23.443106Z","level":"info","event":"None","logger":"task.stdout"}
{"timestamp":"2026-09-21T08:42:24.278619Z","level":"error","event":"Failed to import: /opt/airflow/dags/aws_project.py","logger":"airflow.dag_processing.importers.python_importer","filename":"python_importer.py","lineno":244,"error_detail":[{"exc_type":"AttributeError","exc_value":"'NoneType' object has no attribute 'strip'","exc_notes":[],"syntax_error":null,"is_cause":false,"frames":[{"filename":"/home/airflow/.local/lib/python3.13/site-packages/airflow/dag_processing/importers/python_importer.py","lineno":238,"name":"parse"},{"filename":"<frozen importlib._bootstrap_external>","lineno":1023,"name":"exec_module"},{"filename":"<frozen importlib._bootstrap>","lineno":488,"name":"_call_with_frames_removed"},{"filename":"/opt/airflow/dags/aws_project.py","lineno":21,"name":"<module>"}],"is_group":false,"exceptions":[]}]}
{"timestamp":"2026-09-21T08:42:24.281704Z","level":"error","event":"Error loading DAG from aws_project.py: 'NoneType' object has no attribute 'strip'","logger":"airflow.dag_processing.dagbag.BundleDagBag","filename":"dagbag.py","lineno":327}
{"timestamp":"2026-09-21T08:42:54.528869Z","level":"info","event":"Filling up the DagBag from /opt/airflow/dags/aws_project.py","logger":"airflow.dag_processing.dagbag.BundleDagBag","filename":"dagbag.py","lineno":469}
{"timestamp":"2026-09-21T08:42:54.543516Z","level":"info","event":"None","logger":"task.stdout"}
{"timestamp":"2026-09-21T08:42:55.163519Z","level":"error","event":"Failed to import: /opt/airflow/dags/aws_project.py","logger":"airflow.dag_processing.importers.python_importer","filename":"python_importer.py","lineno":244,"error_detail":[{"exc_type":"AttributeError","exc_value":"'NoneType' object has no attribute 'strip'","exc_notes":[],"syntax_error":null,"is_cause":false,"frames":[{"filename":"/home/airflow/.local/lib/python3.13/site-packages/airflow/dag_processing/importers/python_importer.py","lineno":238,"name":"parse"},{"filename":"<frozen importlib._bootstrap_external>","lineno":1023,"name":"exec_module"},{"filename":"<frozen importlib._bootstrap>","lineno":488,"name":"_call_with_frames_removed"},{"filename":"/opt/airflow/dags/aws_project.py","lineno":21,"name":"<module>"}],"is_group":false,"exceptions":[]}]}
{"timestamp":"2026-09-21T08:42:55.168250Z","level":"error","event":"Error loading DAG from aws_project.py: 'NoneType' object has no attribute 'strip'","logger":"airflow.dag_processing.dagbag.BundleDagBag","filename":"dagbag.py","lineno":327}
{"timestamp":"2026-09-21T08:43:25.406955Z","level":"info","event":"Filling up the DagBag from /opt/airflow/dags/aws_project.py","logger":"airflow.dag_processing.dagbag.BundleDagBag","filename":"dagbag.py","lineno":469}
{"timestamp":"2026-09-21T08:43:25.416355Z","level":"info","event":"None","logger":"task.stdout"}
{"timestamp":"2026-09-21T08:43:25.942125Z","level":"error","event":"Failed to import: /opt/airflow/dags/aws_project.py","logger":"airflow.dag_processing.importers.python_importer","filename":"python_importer.py","lineno":244,"error_detail":[{"exc_type":"AttributeError","exc_value":"'NoneType' object has no attribute 'strip'","exc_notes":[],"syntax_error":null,"is_cause":false,"frames":[{"filename":"/home/airflow/.local/lib/python3.13/site-packages/airflow/dag_processing/importers/python_importer.py","lineno":238,"name":"parse"},{"filename":"<frozen importlib._bootstrap_external>","lineno":1023,"name":"exec_module"},{"filename":"<frozen importlib._bootstrap>","lineno":488,"name":"_call_with_frames_removed"},{"filename":"/opt/airflow/dags/aws_project.py","lineno":21,"name":"<module>"}],"is_group":false,"exceptions":[]}]}
{"timestamp":"2026-09-21T08:43:25.943499Z","level":"error","event":"Error loading DAG from aws_project.py: 'NoneType' object has no attribute 'strip'","logger":"airflow.dag_processing.dagbag.BundleDagBag","filename":"dagbag.py","lineno":327}
{"timestamp":"2026-09-21T08:43:56.178940Z","level":"info","event":"Filling up the DagBag from /opt/airflow/dags/aws_project.py","logger":"airflow.dag_processing.dagbag.BundleDagBag","filename":"dagbag.py","lineno":469}
{"timestamp":"2026-09-21T08:43:56.186476Z","level":"info","event":"None","logger":"task.stdout"}
{"timestamp":"2026-09-21T08:43:56.684381Z","level":"error","event":"Failed to import: /opt/airflow/dags/aws_project.py","logger":"airflow.dag_processing.importers.python_importer","filename":"python_importer.py","lineno":244,"error_detail":[{"exc_type":"AttributeError","exc_value":"'NoneType' object has no attribute 'strip'","exc_notes":[],"syntax_error":null,"is_cause":false,"frames":[{"filename":"/home/airflow/.local/lib/python3.13/site-packages/airflow/dag_processing/importers/python_importer.py","lineno":238,"name":"parse"},{"filename":"<frozen importlib._bootstrap_external>","lineno":1023,"name":"exec_module"},{"filename":"<frozen importlib._bootstrap>","lineno":488,"name":"_call_with_frames_removed"},{"filename":"/opt/airflow/dags/aws_project.py","lineno":21,"name":"<module>"}],"is_group":false,"exceptions":[]}]}
{"timestamp":"2026-09-21T08:43:56.685947Z","level":"error","event":"Error loading DAG from aws_project.py: 'NoneType' object has no attribute 'strip'","logger":"airflow.dag_processing.dagbag.BundleDagBag","filename":"dagbag.py","lineno":327}
{"timestamp":"2026-09-21T08:44:26.913081Z","level":"info","event":"Filling up the DagBag from /opt/airflow/dags/aws_project.py","logger":"airflow.dag_processing.dagbag.BundleDagBag","filename":"dagbag.py","lineno":469}
{"timestamp":"2026-09-21T08:44:26.922951Z","level":"info","event":"None","logger":"task.stdout"}
{"timestamp":"2026-09-21T08:44:27.416903Z","level":"error","event":"Failed to import: /opt/airflow/dags/aws_project.py","logger":"airflow.dag_processing.importers.python_importer","filename":"python_importer.py","lineno":244,"error_detail":[{"exc_type":"AttributeError","exc_value":"'NoneType' object has no attribute 'strip'","exc_notes":[],"syntax_error":null,"is_cause":false,"frames":[{"filename":"/home/airflow/.local/lib/python3.13/site-packages/airflow/dag_processing/importers/python_importer.py","lineno":238,"name":"parse"},{"filename":"<frozen importlib._bootstrap_external>","lineno":1023,"name":"exec_module"},{"filename":"<frozen importlib._bootstrap>","lineno":488,"name":"_call_with_frames_removed"},{"filename":"/opt/airflow/dags/aws_project.py","lineno":21,"name":"<module>"}],"is_group":false,"exceptions":[]}]}
{"timestamp":"2026-09-21T08:44:27.418239Z","level":"error","event":"Error loading DAG from aws_project.py: 'NoneType' object has no attribute 'strip'","logger":"airflow.dag_processing.dagbag.BundleDagBag","filename":"dagbag.py","lineno":327}
{"timestamp":"2026-09-21T08:44:57.654597Z","level":"info","event":"Filling up the DagBag from /opt/airflow/dags/aws_project.py","logger":"airflow.dag_processing.dagbag.BundleDagBag","filename":"dagbag.py","lineno":469}
{"timestamp":"2026-09-21T08:44:57.662386Z","level":"info","event":"None","logger":"task.stdout"}
{"timestamp":"2026-09-21T08:44:58.479419Z","level":"error","event":"Failed to import: /opt/airflow/dags/aws_project.py","logger":"airflow.dag_processing.importers.python_importer","filename":"python_importer.py","lineno":244,"error_detail":[{"exc_type":"AttributeError","exc_value":"'NoneType' object has no attribute 'strip'","exc_notes":[],"syntax_error":null,"is_cause":false,"frames":[{"filename":"/home/airflow/.local/lib/python3.13/site-packages/airflow/dag_processing/importers/python_importer.py","lineno":238,"name":"parse"},{"filename":"<frozen importlib._bootstrap_external>","lineno":1023,"name":"exec_module"},{"filename":"<frozen importlib._bootstrap>","lineno":488,"name":"_call_with_frames_removed"},{"filename":"/opt/airflow/dags/aws_project.py","lineno":21,"name":"<module>"}],"is_group":false,"exceptions":[]}]}
{"timestamp":"2026-09-21T08:44:58.481041Z","level":"error","event":"Error loading DAG from aws_project.py: 'NoneType' object has no attribute 'strip'","logger":"airflow.dag_processing.dagbag.BundleDagBag","filename":"dagbag.py","lineno":327}
{"timestamp":"2026-09-21T08:45:28.719416Z","level":"info","event":"Filling up the DagBag from /opt/airflow/dags/aws_project.py","logger":"airflow.dag_processing.dagbag.BundleDagBag","filename":"dagbag.py","lineno":469}
{"timestamp":"2026-09-21T08:45:28.726520Z","level":"info","event":"None","logger":"task.stdout"}
{"timestamp":"2026-09-21T08:45:29.234419Z","level":"error","event":"Failed to import: /opt/airflow/dags/aws_project.py","logger":"airflow.dag_processing.importers.python_importer","filename":"python_importer.py","lineno":244,"error_detail":[{"exc_type":"AttributeError","exc_value":"'NoneType' object has no attribute 'strip'","exc_notes":[],"syntax_error":null,"is_cause":false,"frames":[{"filename":"/home/airflow/.local/lib/python3.13/site-packages/airflow/dag_processing/importers/python_importer.py","lineno":238,"name":"parse"},{"filename":"<frozen importlib._bootstrap_external>","lineno":1023,"name":"exec_module"},{"filename":"<frozen importlib._bootstrap>","lineno":488,"name":"_call_with_frames_removed"},{"filename":"/opt/airflow/dags/aws_project.py","lineno":21,"name":"<module>"}],"is_group":false,"exceptions":[]}]}
{"timestamp":"2026-09-21T08:45:29.235763Z","level":"error","event":"Error loading DAG from aws_project.py: 'NoneType' object has no attribute 'strip'","logger":"airflow.dag_processing.dagbag.BundleDagBag","filename":"dagbag.py","lineno":327}
{"timestamp":"2026-09-21T08:45:59.465193Z","level":"info","event":"Filling up the DagBag from /opt/airflow/dags/aws_project.py","logger":"airflow.dag_processing.dagbag.BundleDagBag","filename":"dagbag.py","lineno":469}
{"timestamp":"2026-09-21T08:45:59.480750Z","level":"info","event":"None","logger":"task.stdout"}
{"timestamp":"2026-09-21T08:46:00.012117Z","level":"error","event":"Failed to import: /opt/airflow/dags/aws_project.py","logger":"airflow.dag_processing.importers.python_importer","filename":"python_importer.py","lineno":244,"error_detail":[{"exc_type":"AttributeError","exc_value":"'NoneType' object has no attribute 'strip'","exc_notes":[],"syntax_error":null,"is_cause":false,"frames":[{"filename":"/home/airflow/.local/lib/python3.13/site-packages/airflow/dag_processing/importers/python_importer.py","lineno":238,"name":"parse"},{"filename":"<frozen importlib._bootstrap_external>","lineno":1023,"name":"exec_module"},{"filename":"<frozen importlib._bootstrap>","lineno":488,"name":"_call_with_frames_removed"},{"filename":"/opt/airflow/dags/aws_project.py","lineno":21,"name":"<module>"}],"is_group":false,"exceptions":[]}]}
{"timestamp":"2026-09-21T08:46:00.013692Z","level":"error","event":"Error loading DAG from aws_project.py: 'NoneType' object has no attribute 'strip'","logger":"airflow.dag_processing.dagbag.BundleDagBag","filename":"dagbag.py","lineno":327}
{"timestamp":"2026-09-21T08:46:30.238996Z","level":"info","event":"Filling up the DagBag from /opt/airflow/dags/aws_project.py","logger":"airflow.dag_processing.dagbag.BundleDagBag","filename":"dagbag.py","lineno":469}
{"timestamp":"2026-09-21T08:46:30.245692Z","level":"info","event":"None","logger":"task.stdout"}
{"timestamp":"2026-09-21T08:46:30.727629Z","level":"error","event":"Failed to import: /opt/airflow/dags/aws_project.py","logger":"airflow.dag_processing.importers.python_importer","filename":"python_importer.py","lineno":244,"error_detail":[{"exc_type":"AttributeError","exc_value":"'NoneType' object has no attribute 'strip'","exc_notes":[],"syntax_error":null,"is_cause":false,"frames":[{"filename":"/home/airflow/.local/lib/python3.13/site-packages/airflow/dag_processing/importers/python_importer.py","lineno":238,"name":"parse"},{"filename":"<frozen importlib._bootstrap_external>","lineno":1023,"name":"exec_module"},{"filename":"<frozen importlib._bootstrap>","lineno":488,"name":"_call_with_frames_removed"},{"filename":"/opt/airflow/dags/aws_project.py","lineno":21,"name":"<module>"}],"is_group":false,"exceptions":[]}]}
{"timestamp":"2026-09-21T08:46:30.729053Z","level":"error","event":"Error loading DAG from aws_project.py: 'NoneType' object has no attribute 'strip'","logger":"airflow.dag_processing.dagbag.BundleDagBag","filename":"dagbag.py","lineno":327}
{"timestamp":"2026-09-21T08:47:00.950973Z","level":"info","event":"Filling up the DagBag from /opt/airflow/dags/aws_project.py","logger":"airflow.dag_processing.dagbag.BundleDagBag","filename":"dagbag.py","lineno":469}
{"timestamp":"2026-09-21T08:47:00.958737Z","level":"info","event":"None","logger":"task.stdout"}
{"timestamp":"2026-09-21T08:47:01.445038Z","level":"error","event":"Failed to import: /opt/airflow/dags/aws_project.py","logger":"airflow.dag_processing.importers.python_importer","filename":"python_importer.py","lineno":244,"error_detail":[{"exc_type":"AttributeError","exc_value":"'NoneType' object has no attribute 'strip'","exc_notes":[],"syntax_error":null,"is_cause":false,"frames":[{"filename":"/home/airflow/.local/lib/python3.13/site-packages/airflow/dag_processing/importers/python_importer.py","lineno":238,"name":"parse"},{"filename":"<frozen importlib._bootstrap_external>","lineno":1023,"name":"exec_module"},{"filename":"<frozen importlib._bootstrap>","lineno":488,"name":"_call_with_frames_removed"},{"filename":"/opt/airflow/dags/aws_project.py","lineno":21,"name":"<module>"}],"is_group":false,"exceptions":[]}]}
{"timestamp":"2026-09-21T08:47:01.446325Z","level":"error","event":"Error loading DAG from aws_project.py: 'NoneType' object has no attribute 'strip'","logger":"airflow.dag_processing.dagbag.BundleDagBag","filename":"dagbag.py","lineno":327}
{"timestamp":"2026-09-21T08:47:31.680971Z","level":"info","event":"Filling up the DagBag from /opt/airflow/dags/aws_project.py","logger":"airflow.dag_processing.dagbag.BundleDagBag","filename":"dagbag.py","lineno":469}
{"timestamp":"2026-09-21T08:47:31.688698Z","level":"info","event":"None","logger":"task.stdout"}
{"timestamp":"2026-09-21T08:47:32.193428Z","level":"error","event":"Failed to import: /opt/airflow/dags/aws_project.py","logger":"airflow.dag_processing.importers.python_importer","filename":"python_importer.py","lineno":244,"error_detail":[{"exc_type":"AttributeError","exc_value":"'NoneType' object has no attribute 'strip'","exc_notes":[],"syntax_error":null,"is_cause":false,"frames":[{"filename":"/home/airflow/.local/lib/python3.13/site-packages/airflow/dag_processing/importers/python_importer.py","lineno":238,"name":"parse"},{"filename":"<frozen importlib._bootstrap_external>","lineno":1023,"name":"exec_module"},{"filename":"<frozen importlib._bootstrap>","lineno":488,"name":"_call_with_frames_removed"},{"filename":"/opt/airflow/dags/aws_project.py","lineno":21,"name":"<module>"}],"is_group":false,"exceptions":[]}]}
{"timestamp":"2026-09-21T08:47:32.195048Z","level":"error","event":"Error loading DAG from aws_project.py: 'NoneType' object has no attribute 'strip'","logger":"airflow.dag_processing.dagbag.BundleDagBag","filename":"dagbag.py","lineno":327}
{"timestamp":"2026-09-21T08:48:02.421506Z","level":"info","event":"Filling up the DagBag from /opt/airflow/dags/aws_project.py","logger":"airflow.dag_processing.dagbag.BundleDagBag","filename":"dagbag.py","lineno":469}
{"timestamp":"2026-09-21T08:48:02.428143Z","level":"info","event":"None","logger":"task.stdout"}
{"timestamp":"2026-09-21T08:48:02.907461Z","level":"error","event":"Failed to import: /opt/airflow/dags/aws_project.py","logger":"airflow.dag_processing.importers.python_importer","filename":"python_importer.py","lineno":244,"error_detail":[{"exc_type":"AttributeError","exc_value":"'NoneType' object has no attribute 'strip'","exc_notes":[],"syntax_error":null,"is_cause":false,"frames":[{"filename":"/home/airflow/.local/lib/python3.13/site-packages/airflow/dag_processing/importers/python_importer.py","lineno":238,"name":"parse"},{"filename":"<frozen importlib._bootstrap_external>","lineno":1023,"name":"exec_module"},{"filename":"<frozen importlib._bootstrap>","lineno":488,"name":"_call_with_frames_removed"},{"filename":"/opt/airflow/dags/aws_project.py","lineno":21,"name":"<module>"}],"is_group":false,"exceptions":[]}]}
{"timestamp":"2026-09-21T08:48:02.908775Z","level":"error","event":"Error loading DAG from aws_project.py: 'NoneType' object has no attribute 'strip'","logger":"airflow.dag_processing.dagbag.BundleDagBag","filename":"dagbag.py","lineno":327}
{"timestamp":"2026-09-21T08:48:33.135417Z","level":"info","event":"Filling up the DagBag from /opt/airflow/dags/aws_project.py","logger":"airflow.dag_processing.dagbag.BundleDagBag","filename":"dagbag.py","lineno":469}
{"timestamp":"2026-09-21T08:48:33.143010Z","level":"info","event":"None","logger":"task.stdout"}
{"timestamp":"2026-09-21T08:48:33.617746Z","level":"error","event":"Failed to import: /opt/airflow/dags/aws_project.py","logger":"airflow.dag_processing.importers.python_importer","filename":"python_importer.py","lineno":244,"error_detail":[{"exc_type":"AttributeError","exc_value":"'NoneType' object has no attribute 'strip'","exc_notes":[],"syntax_error":null,"is_cause":false,"frames":[{"filename":"/home/airflow/.local/lib/python3.13/site-packages/airflow/dag_processing/importers/python_importer.py","lineno":238,"name":"parse"},{"filename":"<frozen importlib._bootstrap_external>","lineno":1023,"name":"exec_module"},{"filename":"<frozen importlib._bootstrap>","lineno":488,"name":"_call_with_frames_removed"},{"filename":"/opt/airflow/dags/aws_project.py","lineno":21,"name":"<module>"}],"is_group":false,"exceptions":[]}]}
{"timestamp":"2026-09-21T08:48:33.619131Z","level":"error","event":"Error loading DAG from aws_project.py: 'NoneType' object has no attribute 'strip'","logger":"airflow.dag_processing.dagbag.BundleDagBag","filename":"dagbag.py","lineno":327}
{"timestamp":"2026-09-21T08:49:03.848259Z","level":"info","event":"Filling up the DagBag from /opt/airflow/dags/aws_project.py","logger":"airflow.dag_processing.dagbag.BundleDagBag","filename":"dagbag.py","lineno":469}
{"timestamp":"2026-09-21T08:49:03.855364Z","level":"info","event":"None","logger":"task.stdout"}
{"timestamp":"2026-09-21T08:49:04.381754Z","level":"error","event":"Failed to import: /opt/airflow/dags/aws_project.py","logger":"airflow.dag_processing.importers.python_importer","filename":"python_importer.py","lineno":244,"error_detail":[{"exc_type":"AttributeError","exc_value":"'NoneType' object has no attribute 'strip'","exc_notes":[],"syntax_error":null,"is_cause":false,"frames":[{"filename":"/home/airflow/.local/lib/python3.13/site-packages/airflow/dag_processing/importers/python_importer.py","lineno":238,"name":"parse"},{"filename":"<frozen importlib._bootstrap_external>","lineno":1023,"name":"exec_module"},{"filename":"<frozen importlib._bootstrap>","lineno":488,"name":"_call_with_frames_removed"},{"filename":"/opt/airflow/dags/aws_project.py","lineno":21,"name":"<module>"}],"is_group":false,"exceptions":[]}]}
{"timestamp":"2026-09-21T08:49:04.383067Z","level":"error","event":"Error loading DAG from aws_project.py: 'NoneType' object has no attribute 'strip'","logger":"airflow.dag_processing.dagbag.BundleDagBag","filename":"dagbag.py","lineno":327}
{"timestamp":"2026-09-21T08:49:34.611086Z","level":"info","event":"Filling up the DagBag from /opt/airflow/dags/aws_project.py","logger":"airflow.dag_processing.dagbag.BundleDagBag","filename":"dagbag.py","lineno":469}
{"timestamp":"2026-09-21T08:49:34.619381Z","level":"info","event":"None","logger":"task.stdout"}
{"timestamp":"2026-09-21T08:49:35.300979Z","level":"error","event":"Failed to import: /opt/airflow/dags/aws_project.py","logger":"airflow.dag_processing.importers.python_importer","filename":"python_importer.py","lineno":244,"error_detail":[{"exc_type":"AttributeError","exc_value":"'NoneType' object has no attribute 'strip'","exc_notes":[],"syntax_error":null,"is_cause":false,"frames":[{"filename":"/home/airflow/.local/lib/python3.13/site-packages/airflow/dag_processing/importers/python_importer.py","lineno":238,"name":"parse"},{"filename":"<frozen importlib._bootstrap_external>","lineno":1023,"name":"exec_module"},{"filename":"<frozen importlib._bootstrap>","lineno":488,"name":"_call_with_frames_removed"},{"filename":"/opt/airflow/dags/aws_project.py","lineno":21,"name":"<module>"}],"is_group":false,"exceptions":[]}]}
{"timestamp":"2026-09-21T08:49:35.305873Z","level":"error","event":"Error loading DAG from aws_project.py: 'NoneType' object has no attribute 'strip'","logger":"airflow.dag_processing.dagbag.BundleDagBag","filename":"dagbag.py","lineno":327}
{"timestamp":"2026-09-21T08:50:05.529343Z","level":"info","event":"Filling up the DagBag from /opt/airflow/dags/aws_project.py","logger":"airflow.dag_processing.dagbag.BundleDagBag","filename":"dagbag.py","lineno":469}
{"timestamp":"2026-09-21T08:50:05.540966Z","level":"info","event":"None","logger":"task.stdout"}
{"timestamp":"2026-09-21T08:50:06.364529Z","level":"error","event":"Failed to import: /opt/airflow/dags/aws_project.py","logger":"airflow.dag_processing.importers.python_importer","filename":"python_importer.py","lineno":244,"error_detail":[{"exc_type":"AttributeError","exc_value":"'NoneType' object has no attribute 'strip'","exc_notes":[],"syntax_error":null,"is_cause":false,"frames":[{"filename":"/home/airflow/.local/lib/python3.13/site-packages/airflow/dag_processing/importers/python_importer.py","lineno":238,"name":"parse"},{"filename":"<frozen importlib._bootstrap_external>","lineno":1023,"name":"exec_module"},{"filename":"<frozen importlib._bootstrap>","lineno":488,"name":"_call_with_frames_removed"},{"filename":"/opt/airflow/dags/aws_project.py","lineno":21,"name":"<module>"}],"is_group":false,"exceptions":[]}]}
{"timestamp":"2026-09-21T08:50:06.366546Z","level":"error","event":"Error loading DAG from aws_project.py: 'NoneType' object has no attribute 'strip'","logger":"airflow.dag_processing.dagbag.BundleDagBag","filename":"dagbag.py","lineno":327}
{"timestamp":"2026-09-21T08:50:36.583609Z","level":"info","event":"Filling up the DagBag from /opt/airflow/dags/aws_project.py","logger":"airflow.dag_processing.dagbag.BundleDagBag","filename":"dagbag.py","lineno":469}
{"timestamp":"2026-09-21T08:50:36.593153Z","level":"info","event":"None","logger":"task.stdout"}
{"timestamp":"2026-09-21T08:50:37.108148Z","level":"error","event":"Failed to import: /opt/airflow/dags/aws_project.py","logger":"airflow.dag_processing.importers.python_importer","filename":"python_importer.py","lineno":244,"error_detail":[{"exc_type":"AttributeError","exc_value":"'NoneType' object has no attribute 'strip'","exc_notes":[],"syntax_error":null,"is_cause":false,"frames":[{"filename":"/home/airflow/.local/lib/python3.13/site-packages/airflow/dag_processing/importers/python_importer.py","lineno":238,"name":"parse"},{"filename":"<frozen importlib._bootstrap_external>","lineno":1023,"name":"exec_module"},{"filename":"<frozen importlib._bootstrap>","lineno":488,"name":"_call_with_frames_removed"},{"filename":"/opt/airflow/dags/aws_project.py","lineno":21,"name":"<module>"}],"is_group":false,"exceptions":[]}]}
{"timestamp":"2026-09-21T08:50:37.110520Z","level":"error","event":"Error loading DAG from aws_project.py: 'NoneType' object has no attribute 'strip'","logger":"airflow.dag_processing.dagbag.BundleDagBag","filename":"dagbag.py","lineno":327}
{"timestamp":"2026-09-21T08:51:07.327136Z","level":"info","event":"Filling up the DagBag from /opt/airflow/dags/aws_project.py","logger":"airflow.dag_processing.dagbag.BundleDagBag","filename":"dagbag.py","lineno":469}
{"timestamp":"2026-09-21T08:51:07.339172Z","level":"info","event":"None","logger":"task.stdout"}
{"timestamp":"2026-09-21T08:51:07.894302Z","level":"error","event":"Failed to import: /opt/airflow/dags/aws_project.py","logger":"airflow.dag_processing.importers.python_importer","filename":"python_importer.py","lineno":244,"error_detail":[{"exc_type":"AttributeError","exc_value":"'NoneType' object has no attribute 'strip'","exc_notes":[],"syntax_error":null,"is_cause":false,"frames":[{"filename":"/home/airflow/.local/lib/python3.13/site-packages/airflow/dag_processing/importers/python_importer.py","lineno":238,"name":"parse"},{"filename":"<frozen importlib._bootstrap_external>","lineno":1023,"name":"exec_module"},{"filename":"<frozen importlib._bootstrap>","lineno":488,"name":"_call_with_frames_removed"},{"filename":"/opt/airflow/dags/aws_project.py","lineno":21,"name":"<module>"}],"is_group":false,"exceptions":[]}]}
{"timestamp":"2026-09-21T08:51:07.896053Z","level":"error","event":"Error loading DAG from aws_project.py: 'NoneType' object has no attribute 'strip'","logger":"airflow.dag_processing.dagbag.BundleDagBag","filename":"dagbag.py","lineno":327}
{"timestamp":"2026-09-21T08:51:38.131444Z","level":"info","event":"Filling up the DagBag from /opt/airflow/dags/aws_project.py","logger":"airflow.dag_processing.dagbag.BundleDagBag","filename":"dagbag.py","lineno":469}
{"timestamp":"2026-09-21T08:51:38.141598Z","level":"info","event":"None","logger":"task.stdout"}
{"timestamp":"2026-09-21T08:51:38.675700Z","level":"error","event":"Failed to import: /opt/airflow/dags/aws_project.py","logger":"airflow.dag_processing.importers.python_importer","filename":"python_importer.py","lineno":244,"error_detail":[{"exc_type":"AttributeError","exc_value":"'NoneType' object has no attribute 'strip'","exc_notes":[],"syntax_error":null,"is_cause":false,"frames":[{"filename":"/home/airflow/.local/lib/python3.13/site-packages/airflow/dag_processing/importers/python_importer.py","lineno":238,"name":"parse"},{"filename":"<frozen importlib._bootstrap_external>","lineno":1023,"name":"exec_module"},{"filename":"<frozen importlib._bootstrap>","lineno":488,"name":"_call_with_frames_removed"},{"filename":"/opt/airflow/dags/aws_project.py","lineno":21,"name":"<module>"}],"is_group":false,"exceptions":[]}]}
{"timestamp":"2026-09-21T08:51:38.677355Z","level":"error","event":"Error loading DAG from aws_project.py: 'NoneType' object has no attribute 'strip'","logger":"airflow.dag_processing.dagbag.BundleDagBag","filename":"dagbag.py","lineno":327}
{"timestamp":"2026-09-21T08:51:59.856574Z","level":"info","event":"Filling up the DagBag from /opt/airflow/dags/aws_project.py","logger":"airflow.dag_processing.dagbag.BundleDagBag","filename":"dagbag.py","lineno":469}
{"timestamp":"2026-09-21T08:51:59.864042Z","level":"info","event":"None","logger":"task.stdout"}
{"timestamp":"2026-09-21T08:52:30.641061Z","level":"info","event":"Filling up the DagBag from /opt/airflow/dags/aws_project.py","logger":"airflow.dag_processing.dagbag.BundleDagBag","filename":"dagbag.py","lineno":469}
{"timestamp":"2026-09-21T08:52:30.649745Z","level":"info","event":"None","logger":"task.stdout"}
{"timestamp":"2026-09-21T08:53:01.408747Z","level":"info","event":"Filling up the DagBag from /opt/airflow/dags/aws_project.py","logger":"airflow.dag_processing.dagbag.BundleDagBag","filename":"dagbag.py","lineno":469}
{"timestamp":"2026-09-21T08:53:01.418201Z","level":"info","event":"None","logger":"task.stdout"}
{"timestamp":"2026-09-21T08:53:32.189799Z","level":"info","event":"Filling up the DagBag from /opt/airflow/dags/aws_project.py","logger":"airflow.dag_processing.dagbag.BundleDagBag","filename":"dagbag.py","lineno":469}
{"timestamp":"2026-09-21T08:53:32.199266Z","level":"info","event":"None","logger":"task.stdout"}
{"timestamp":"2026-09-21T08:54:02.947123Z","level":"info","event":"Filling up the DagBag from /opt/airflow/dags/aws_project.py","logger":"airflow.dag_processing.dagbag.BundleDagBag","filename":"dagbag.py","lineno":469}
{"timestamp":"2026-09-21T08:54:02.956231Z","level":"info","event":"None","logger":"task.stdout"}
{"timestamp":"2026-09-21T08:54:33.690953Z","level":"info","event":"Filling up the DagBag from /opt/airflow/dags/aws_project.py","logger":"airflow.dag_processing.dagbag.BundleDagBag","filename":"dagbag.py","lineno":469}
{"timestamp":"2026-09-21T08:54:33.718683Z","level":"info","event":"None","logger":"task.stdout"}
{"timestamp":"2026-09-21T08:55:04.522259Z","level":"info","event":"Filling up the DagBag from /opt/airflow/dags/aws_project.py","logger":"airflow.dag_processing.dagbag.BundleDagBag","filename":"dagbag.py","lineno":469}
{"timestamp":"2026-09-21T08:55:04.548651Z","level":"info","event":"None","logger":"task.stdout"}
{"timestamp":"2026-09-21T08:55:35.581595Z","level":"info","event":"Filling up the DagBag from /opt/airflow/dags/aws_project.py","logger":"airflow.dag_processing.dagbag.BundleDagBag","filename":"dagbag.py","lineno":469}
{"timestamp":"2026-09-21T08:55:35.594160Z","level":"info","event":"None","logger":"task.stdout"}
{"timestamp":"2026-09-21T08:56:06.741996Z","level":"info","event":"Filling up the DagBag from /opt/airflow/dags/aws_project.py","logger":"airflow.dag_processing.dagbag.BundleDagBag","filename":"dagbag.py","lineno":469}
{"timestamp":"2026-09-21T08:56:06.750759Z","level":"info","event":"None","logger":"task.stdout"}
{"timestamp":"2026-09-21T08:56:37.544429Z","level":"info","event":"Filling up the DagBag from /opt/airflow/dags/aws_project.py","logger":"airflow.dag_processing.dagbag.BundleDagBag","filename":"dagbag.py","lineno":469}
{"timestamp":"2026-09-21T08:56:37.554706Z","level":"info","event":"None","logger":"task.stdout"}
{"timestamp":"2026-09-21T08:57:08.284701Z","level":"info","event":"Filling up the DagBag from /opt/airflow/dags/aws_project.py","logger":"airflow.dag_processing.dagbag.BundleDagBag","filename":"dagbag.py","lineno":469}
{"timestamp":"2026-09-21T08:57:08.294387Z","level":"info","event":"None","logger":"task.stdout"}
{"timestamp":"2026-09-21T08:57:39.030557Z","level":"info","event":"Filling up the DagBag from /opt/airflow/dags/aws_project.py","logger":"airflow.dag_processing.dagbag.BundleDagBag","filename":"dagbag.py","lineno":469}
{"timestamp":"2026-09-21T08:57:39.040226Z","level":"info","event":"None","logger":"task.stdout"}
{"timestamp":"2026-09-21T08:58:06.790869Z","level":"info","event":"Filling up the DagBag from /opt/airflow/dags/aws_project.py","logger":"airflow.dag_processing.dagbag.BundleDagBag","filename":"dagbag.py","lineno":469}
{"timestamp":"2026-09-21T08:58:06.801449Z","level":"info","event":"None","logger":"task.stdout"}
{"timestamp":"2026-09-21T08:58:15.432405Z","level":"info","event":"Filling up the DagBag from /opt/airflow/dags/aws_project.py","logger":"airflow.dag_processing.dagbag.BundleDagBag","filename":"dagbag.py","lineno":469}
{"timestamp":"2026-09-21T08:58:15.446545Z","level":"info","event":"None","logger":"task.stdout"}
{"timestamp":"2026-09-21T08:58:17.168726Z","level":"info","event":"Filling up the DagBag from /opt/airflow/dags/aws_project.py","logger":"airflow.dag_processing.dagbag.BundleDagBag","filename":"dagbag.py","lineno":469}
{"timestamp":"2026-09-21T08:58:17.181364Z","level":"info","event":"None","logger":"task.stdout"}
{"timestamp":"2026-09-21T08:58:37.992753Z","level":"info","event":"Filling up the DagBag from /opt/airflow/dags/aws_project.py","logger":"airflow.dag_processing.dagbag.BundleDagBag","filename":"dagbag.py","lineno":469}
{"timestamp":"2026-09-21T08:58:38.002491Z","level":"info","event":"None","logger":"task.stdout"}
{"timestamp":"2026-09-21T08:59:08.847543Z","level":"info","event":"Filling up the DagBag from /opt/airflow/dags/aws_project.py","logger":"airflow.dag_processing.dagbag.BundleDagBag","filename":"dagbag.py","lineno":469}
{"timestamp":"2026-09-21T08:59:08.861280Z","level":"info","event":"None","logger":"task.stdout"}
{"timestamp":"2026-09-21T08:59:39.766210Z","level":"info","event":"Filling up the DagBag from /opt/airflow/dags/aws_project.py","logger":"airflow.dag_processing.dagbag.BundleDagBag","filename":"dagbag.py","lineno":469}
{"timestamp":"2026-09-21T08:59:39.775957Z","level":"info","event":"None","logger":"task.stdout"}
{"timestamp":"2026-09-21T09:00:10.598526Z","level":"info","event":"Filling up the DagBag from /opt/airflow/dags/aws_project.py","logger":"airflow.dag_processing.dagbag.BundleDagBag","filename":"dagbag.py","lineno":469}
{"timestamp":"2026-09-21T09:00:10.608796Z","level":"info","event":"None","logger":"task.stdout"}
{"timestamp":"2026-09-21T09:00:41.464660Z","level":"info","event":"Filling up the DagBag from /opt/airflow/dags/aws_project.py","logger":"airflow.dag_processing.dagbag.BundleDagBag","filename":"dagbag.py","lineno":469}
{"timestamp":"2026-09-21T09:00:41.474549Z","level":"info","event":"None","logger":"task.stdout"}
{"timestamp":"2026-09-21T09:01:12.596421Z","level":"info","event":"Filling up the DagBag from /opt/airflow/dags/aws_project.py","logger":"airflow.dag_processing.dagbag.BundleDagBag","filename":"dagbag.py","lineno":469}
{"timestamp":"2026-09-21T09:01:12.607451Z","level":"info","event":"None","logger":"task.stdout"}
{"timestamp":"2026-09-21T09:01:43.446873Z","level":"info","event":"Filling up the DagBag from /opt/airflow/dags/aws_project.py","logger":"airflow.dag_processing.dagbag.BundleDagBag","filename":"dagbag.py","lineno":469}
{"timestamp":"2026-09-21T09:01:43.459303Z","level":"info","event":"None","logger":"task.stdout"}
{"timestamp":"2026-09-21T09:02:14.523205Z","level":"info","event":"Filling up the DagBag from /opt/airflow/dags/aws_project.py","logger":"airflow.dag_processing.dagbag.BundleDagBag","filename":"dagbag.py","lineno":469}
{"timestamp":"2026-09-21T09:02:14.535663Z","level":"info","event":"None","logger":"task.stdout"}
{"timestamp":"2026-09-21T09:02:45.526923Z","level":"info","event":"Filling up the DagBag from /opt/airflow/dags/aws_project.py","logger":"airflow.dag_processing.dagbag.BundleDagBag","filename":"dagbag.py","lineno":469}
{"timestamp":"2026-09-21T09:02:45.537535Z","level":"info","event":"None","logger":"task.stdout"}
{"timestamp":"2026-09-21T09:03:16.398111Z","level":"info","event":"Filling up the DagBag from /opt/airflow/dags/aws_project.py","logger":"airflow.dag_processing.dagbag.BundleDagBag","filename":"dagbag.py","lineno":469}
{"timestamp":"2026-09-21T09:03:16.409971Z","level":"info","event":"None","logger":"task.stdout"}
{"timestamp":"2026-09-21T09:03:47.208722Z","level":"info","event":"Filling up the DagBag from /opt/airflow/dags/aws_project.py","logger":"airflow.dag_processing.dagbag.BundleDagBag","filename":"dagbag.py","lineno":469}
{"timestamp":"2026-09-21T09:03:47.218284Z","level":"info","event":"None","logger":"task.stdout"}
{"timestamp":"2026-09-21T09:04:18.001969Z","level":"info","event":"Filling up the DagBag from /opt/airflow/dags/aws_project.py","logger":"airflow.dag_processing.dagbag.BundleDagBag","filename":"dagbag.py","lineno":469}
{"timestamp":"2026-09-21T09:04:18.014494Z","level":"info","event":"None","logger":"task.stdout"}
{"timestamp":"2026-09-21T09:04:48.910549Z","level":"info","event":"Filling up the DagBag from /opt/airflow/dags/aws_project.py","logger":"airflow.dag_processing.dagbag.BundleDagBag","filename":"dagbag.py","lineno":469}
{"timestamp":"2026-09-21T09:04:48.920342Z","level":"info","event":"None","logger":"task.stdout"}
{"timestamp":"2026-09-21T09:05:19.778917Z","level":"info","event":"Filling up the DagBag from /opt/airflow/dags/aws_project.py","logger":"airflow.dag_processing.dagbag.BundleDagBag","filename":"dagbag.py","lineno":469}
{"timestamp":"2026-09-21T09:05:19.788210Z","level":"info","event":"None","logger":"task.stdout"}
{"timestamp":"2026-09-21T09:05:50.589734Z","level":"info","event":"Filling up the DagBag from /opt/airflow/dags/aws_project.py","logger":"airflow.dag_processing.dagbag.BundleDagBag","filename":"dagbag.py","lineno":469}
{"timestamp":"2026-09-21T09:05:50.599507Z","level":"info","event":"None","logger":"task.stdout"}
{"timestamp":"2026-09-21T09:06:09.618953Z","level":"info","event":"Filling up the DagBag from /opt/airflow/dags/aws_project.py","logger":"airflow.dag_processing.dagbag.BundleDagBag","filename":"dagbag.py","lineno":469}
{"timestamp":"2026-09-21T09:06:09.632527Z","level":"info","event":"None","logger":"task.stdout"}
{"timestamp":"2026-09-21T09:06:27.571090Z","level":"info","event":"Filling up the DagBag from /opt/airflow/dags/aws_project.py","logger":"airflow.dag_processing.dagbag.BundleDagBag","filename":"dagbag.py","lineno":469}
{"timestamp":"2026-09-21T09:06:27.580546Z","level":"info","event":"None","logger":"task.stdout"}
{"timestamp":"2026-09-21T09:06:40.253105Z","level":"info","event":"Filling up the DagBag from /opt/airflow/dags/aws_project.py","logger":"airflow.dag_processing.dagbag.BundleDagBag","filename":"dagbag.py","lineno":469}
{"timestamp":"2026-09-21T09:06:40.263687Z","level":"info","event":"None","logger":"task.stdout"}
{"timestamp":"2026-09-21T09:07:11.080961Z","level":"info","event":"Filling up the DagBag from /opt/airflow/dags/aws_project.py","logger":"airflow.dag_processing.dagbag.BundleDagBag","filename":"dagbag.py","lineno":469}
{"timestamp":"2026-09-21T09:07:11.093657Z","level":"info","event":"None","logger":"task.stdout"}
{"timestamp":"2026-09-21T09:07:41.975078Z","level":"info","event":"Filling up the DagBag from /opt/airflow/dags/aws_project.py","logger":"airflow.dag_processing.dagbag.BundleDagBag","filename":"dagbag.py","lineno":469}
{"timestamp":"2026-09-21T09:07:41.984643Z","level":"info","event":"None","logger":"task.stdout"}
{"timestamp":"2026-09-21T09:08:12.831775Z","level":"info","event":"Filling up the DagBag from /opt/airflow/dags/aws_project.py","logger":"airflow.dag_processing.dagbag.BundleDagBag","filename":"dagbag.py","lineno":469}
{"timestamp":"2026-09-21T09:08:12.841295Z","level":"info","event":"None","logger":"task.stdout"}
{"timestamp":"2026-09-21T09:08:43.640482Z","level":"info","event":"Filling up the DagBag from /opt/airflow/dags/aws_project.py","logger":"airflow.dag_processing.dagbag.BundleDagBag","filename":"dagbag.py","lineno":469}
{"timestamp":"2026-09-21T09:08:43.650247Z","level":"info","event":"None","logger":"task.stdout"}
{"timestamp":"2026-09-21T09:09:14.508967Z","level":"info","event":"Filling up the DagBag from /opt/airflow/dags/aws_project.py","logger":"airflow.dag_processing.dagbag.BundleDagBag","filename":"dagbag.py","lineno":469}
{"timestamp":"2026-09-21T09:09:14.518449Z","level":"info","event":"None","logger":"task.stdout"}
{"timestamp":"2026-09-21T09:09:45.457052Z","level":"info","event":"Filling up the DagBag from /opt/airflow/dags/aws_project.py","logger":"airflow.dag_processing.dagbag.BundleDagBag","filename":"dagbag.py","lineno":469}
{"timestamp":"2026-09-21T09:09:45.466680Z","level":"info","event":"None","logger":"task.stdout"}
{"timestamp":"2026-09-21T09:10:16.297618Z","level":"info","event":"Filling up the DagBag from /opt/airflow/dags/aws_project.py","logger":"airflow.dag_processing.dagbag.BundleDagBag","filename":"dagbag.py","lineno":469}
{"timestamp":"2026-09-21T09:10:16.307007Z","level":"info","event":"None","logger":"task.stdout"}
{"timestamp":"2026-09-21T09:10:47.130743Z","level":"info","event":"Filling up the DagBag from /opt/airflow/dags/aws_project.py","logger":"airflow.dag_processing.dagbag.BundleDagBag","filename":"dagbag.py","lineno":469}
{"timestamp":"2026-09-21T09:10:47.140244Z","level":"info","event":"None","logger":"task.stdout"}
{"timestamp":"2026-09-21T09:11:17.970495Z","level":"info","event":"Filling up the DagBag from /opt/airflow/dags/aws_project.py","logger":"airflow.dag_processing.dagbag.BundleDagBag","filename":"dagbag.py","lineno":469}
{"timestamp":"2026-09-21T09:11:17.980986Z","level":"info","event":"None","logger":"task.stdout"}
{"timestamp":"2026-09-21T09:11:49.146273Z","level":"info","event":"Filling up the DagBag from /opt/airflow/dags/aws_project.py","logger":"airflow.dag_processing.dagbag.BundleDagBag","filename":"dagbag.py","lineno":469}
{"timestamp":"2026-09-21T09:11:49.156130Z","level":"info","event":"None","logger":"task.stdout"}
{"timestamp":"2026-09-21T09:12:19.959866Z","level":"info","event":"Filling up the DagBag from /opt/airflow/dags/aws_project.py","logger":"airflow.dag_processing.dagbag.BundleDagBag","filename":"dagbag.py","lineno":469}
{"timestamp":"2026-09-21T09:12:19.979463Z","level":"info","event":"None","logger":"task.stdout"}
{"timestamp":"2026-09-21T09:12:46.747653Z","level":"info","event":"Filling up the DagBag from /opt/airflow/dags/aws_project.py","logger":"airflow.dag_processing.dagbag.BundleDagBag","filename":"dagbag.py","lineno":469}
{"timestamp":"2026-09-21T09:12:46.757623Z","level":"info","event":"None","logger":"task.stdout"}
{"timestamp":"2026-09-21T09:13:17.907166Z","level":"info","event":"Filling up the DagBag from /opt/airflow/dags/aws_project.py","logger":"airflow.dag_processing.dagbag.BundleDagBag","filename":"dagbag.py","lineno":469}
{"timestamp":"2026-09-21T09:13:17.916907Z","level":"info","event":"None","logger":"task.stdout"}
{"timestamp":"2026-09-21T09:13:48.718687Z","level":"info","event":"Filling up the DagBag from /opt/airflow/dags/aws_project.py","logger":"airflow.dag_processing.dagbag.BundleDagBag","filename":"dagbag.py","lineno":469}
{"timestamp":"2026-09-21T09:13:48.727970Z","level":"info","event":"None","logger":"task.stdout"}
{"timestamp":"2026-09-21T09:13:53.387399Z","level":"info","event":"Filling up the DagBag from /opt/airflow/dags/aws_project.py","logger":"airflow.dag_processing.dagbag.BundleDagBag","filename":"dagbag.py","lineno":469}
{"timestamp":"2026-09-21T09:13:53.391234Z","level":"error","event":"Failed to import: /opt/airflow/dags/aws_project.py","logger":"airflow.dag_processing.importers.python_importer","filename":"python_importer.py","lineno":244,"error_detail":[{"exc_type":"IndentationError","exc_value":"unindent does not match any outer indentation level (aws_project.py, line 75)","exc_notes":[],"syntax_error":{"offset":64,"filename":"/opt/airflow/dags/aws_project.py","line":"        api_token = Variable.get(\"dbt_cloud_api_token\").strip()\n","lineno":75,"msg":"unindent does not match any outer indentation level"},"is_cause":false,"frames":[{"filename":"/home/airflow/.local/lib/python3.13/site-packages/airflow/dag_processing/importers/python_importer.py","lineno":238,"name":"parse"},{"filename":"<frozen importlib._bootstrap_external>","lineno":1019,"name":"exec_module"},{"filename":"<frozen importlib._bootstrap_external>","lineno":1157,"name":"get_code"},{"filename":"<frozen importlib._bootstrap_external>","lineno":1087,"name":"source_to_code"},{"filename":"<frozen importlib._bootstrap>","lineno":488,"name":"_call_with_frames_removed"}],"is_group":false,"exceptions":[]}]}
{"timestamp":"2026-09-21T09:13:53.392581Z","level":"error","event":"Error loading DAG from aws_project.py: unindent does not match any outer indentation level (aws_project.py, line 75)","logger":"airflow.dag_processing.dagbag.BundleDagBag","filename":"dagbag.py","lineno":327}
{"timestamp":"2026-09-21T09:13:58.493677Z","level":"info","event":"Filling up the DagBag from /opt/airflow/dags/aws_project.py","logger":"airflow.dag_processing.dagbag.BundleDagBag","filename":"dagbag.py","lineno":469}
{"timestamp":"2026-09-21T09:13:58.497060Z","level":"error","event":"Failed to import: /opt/airflow/dags/aws_project.py","logger":"airflow.dag_processing.importers.python_importer","filename":"python_importer.py","lineno":244,"error_detail":[{"exc_type":"IndentationError","exc_value":"unindent does not match any outer indentation level (aws_project.py, line 75)","exc_notes":[],"syntax_error":{"offset":64,"filename":"/opt/airflow/dags/aws_project.py","line":"        api_token = Variable.get(\"dbt_cloud_api_token\").strip()\n","lineno":75,"msg":"unindent does not match any outer indentation level"},"is_cause":false,"frames":[{"filename":"/home/airflow/.local/lib/python3.13/site-packages/airflow/dag_processing/importers/python_importer.py","lineno":238,"name":"parse"},{"filename":"<frozen importlib._bootstrap_external>","lineno":1019,"name":"exec_module"},{"filename":"<frozen importlib._bootstrap_external>","lineno":1157,"name":"get_code"},{"filename":"<frozen importlib._bootstrap_external>","lineno":1087,"name":"source_to_code"},{"filename":"<frozen importlib._bootstrap>","lineno":488,"name":"_call_with_frames_removed"}],"is_group":false,"exceptions":[]}]}
{"timestamp":"2026-09-21T09:13:58.498263Z","level":"error","event":"Error loading DAG from aws_project.py: unindent does not match any outer indentation level (aws_project.py, line 75)","logger":"airflow.dag_processing.dagbag.BundleDagBag","filename":"dagbag.py","lineno":327}
{"timestamp":"2026-09-21T09:14:02.565525Z","level":"info","event":"Filling up the DagBag from /opt/airflow/dags/aws_project.py","logger":"airflow.dag_processing.dagbag.BundleDagBag","filename":"dagbag.py","lineno":469}
{"timestamp":"2026-09-21T09:14:02.568461Z","level":"error","event":"Failed to import: /opt/airflow/dags/aws_project.py","logger":"airflow.dag_processing.importers.python_importer","filename":"python_importer.py","lineno":244,"error_detail":[{"exc_type":"IndentationError","exc_value":"unindent does not match any outer indentation level (aws_project.py, line 76)","exc_notes":[],"syntax_error":{"offset":25,"filename":"/opt/airflow/dags/aws_project.py","line":"        except KeyError:\n","lineno":76,"msg":"unindent does not match any outer indentation level"},"is_cause":false,"frames":[{"filename":"/home/airflow/.local/lib/python3.13/site-packages/airflow/dag_processing/importers/python_importer.py","lineno":238,"name":"parse"},{"filename":"<frozen importlib._bootstrap_external>","lineno":1019,"name":"exec_module"},{"filename":"<frozen importlib._bootstrap_external>","lineno":1157,"name":"get_code"},{"filename":"<frozen importlib._bootstrap_external>","lineno":1087,"name":"source_to_code"},{"filename":"<frozen importlib._bootstrap>","lineno":488,"name":"_call_with_frames_removed"}],"is_group":false,"exceptions":[]}]}
{"timestamp":"2026-09-21T09:14:02.569650Z","level":"error","event":"Error loading DAG from aws_project.py: unindent does not match any outer indentation level (aws_project.py, line 76)","logger":"airflow.dag_processing.dagbag.BundleDagBag","filename":"dagbag.py","lineno":327}
{"timestamp":"2026-09-21T09:14:05.639799Z","level":"info","event":"Filling up the DagBag from /opt/airflow/dags/aws_project.py","logger":"airflow.dag_processing.dagbag.BundleDagBag","filename":"dagbag.py","lineno":469}
{"timestamp":"2026-09-21T09:14:05.643373Z","level":"error","event":"Failed to import: /opt/airflow/dags/aws_project.py","logger":"airflow.dag_processing.importers.python_importer","filename":"python_importer.py","lineno":244,"error_detail":[{"exc_type":"IndentationError","exc_value":"unindent does not match any outer indentation level (aws_project.py, line 76)","exc_notes":[],"syntax_error":{"offset":29,"filename":"/opt/airflow/dags/aws_project.py","line":"            except KeyError:\n","lineno":76,"msg":"unindent does not match any outer indentation level"},"is_cause":false,"frames":[{"filename":"/home/airflow/.local/lib/python3.13/site-packages/airflow/dag_processing/importers/python_importer.py","lineno":238,"name":"parse"},{"filename":"<frozen importlib._bootstrap_external>","lineno":1019,"name":"exec_module"},{"filename":"<frozen importlib._bootstrap_external>","lineno":1157,"name":"get_code"},{"filename":"<frozen importlib._bootstrap_external>","lineno":1087,"name":"source_to_code"},{"filename":"<frozen importlib._bootstrap>","lineno":488,"name":"_call_with_frames_removed"}],"is_group":false,"exceptions":[]}]}
{"timestamp":"2026-09-21T09:14:05.644625Z","level":"error","event":"Error loading DAG from aws_project.py: unindent does not match any outer indentation level (aws_project.py, line 76)","logger":"airflow.dag_processing.dagbag.BundleDagBag","filename":"dagbag.py","lineno":327}
{"timestamp":"2026-09-21T09:14:08.709449Z","level":"info","event":"Filling up the DagBag from /opt/airflow/dags/aws_project.py","logger":"airflow.dag_processing.dagbag.BundleDagBag","filename":"dagbag.py","lineno":469}
{"timestamp":"2026-09-21T09:14:08.712247Z","level":"error","event":"Failed to import: /opt/airflow/dags/aws_project.py","logger":"airflow.dag_processing.importers.python_importer","filename":"python_importer.py","lineno":244,"error_detail":[{"exc_type":"IndentationError","exc_value":"unindent does not match any outer indentation level (aws_project.py, line 76)","exc_notes":[],"syntax_error":{"offset":25,"filename":"/opt/airflow/dags/aws_project.py","line":"        except KeyError:\n","lineno":76,"msg":"unindent does not match any outer indentation level"},"is_cause":false,"frames":[{"filename":"/home/airflow/.local/lib/python3.13/site-packages/airflow/dag_processing/importers/python_importer.py","lineno":238,"name":"parse"},{"filename":"<frozen importlib._bootstrap_external>","lineno":1019,"name":"exec_module"},{"filename":"<frozen importlib._bootstrap_external>","lineno":1157,"name":"get_code"},{"filename":"<frozen importlib._bootstrap_external>","lineno":1087,"name":"source_to_code"},{"filename":"<frozen importlib._bootstrap>","lineno":488,"name":"_call_with_frames_removed"}],"is_group":false,"exceptions":[]}]}
{"timestamp":"2026-09-21T09:14:08.713355Z","level":"error","event":"Error loading DAG from aws_project.py: unindent does not match any outer indentation level (aws_project.py, line 76)","logger":"airflow.dag_processing.dagbag.BundleDagBag","filename":"dagbag.py","lineno":327}
{"timestamp":"2026-09-21T09:14:13.798030Z","level":"info","event":"Filling up the DagBag from /opt/airflow/dags/aws_project.py","logger":"airflow.dag_processing.dagbag.BundleDagBag","filename":"dagbag.py","lineno":469}
{"timestamp":"2026-09-21T09:14:13.809783Z","level":"info","event":"None","logger":"task.stdout"}
{"timestamp":"2026-09-21T09:14:22.531095Z","level":"info","event":"Filling up the DagBag from /opt/airflow/dags/aws_project.py","logger":"airflow.dag_processing.dagbag.BundleDagBag","filename":"dagbag.py","lineno":469}
{"timestamp":"2026-09-21T09:14:22.541991Z","level":"info","event":"None","logger":"task.stdout"}
{"timestamp":"2026-09-21T09:14:24.171477Z","level":"info","event":"Filling up the DagBag from /opt/airflow/dags/aws_project.py","logger":"airflow.dag_processing.dagbag.BundleDagBag","filename":"dagbag.py","lineno":469}
{"timestamp":"2026-09-21T09:14:24.181195Z","level":"info","event":"None","logger":"task.stdout"}
{"timestamp":"2026-09-21T09:14:55.081772Z","level":"info","event":"Filling up the DagBag from /opt/airflow/dags/aws_project.py","logger":"airflow.dag_processing.dagbag.BundleDagBag","filename":"dagbag.py","lineno":469}
{"timestamp":"2026-09-21T09:14:55.091352Z","level":"info","event":"None","logger":"task.stdout"}
{"timestamp":"2026-09-21T09:15:17.852814Z","level":"info","event":"Filling up the DagBag from /opt/airflow/dags/aws_project.py","logger":"airflow.dag_processing.dagbag.BundleDagBag","filename":"dagbag.py","lineno":469}
{"timestamp":"2026-09-21T09:15:17.862446Z","level":"info","event":"None","logger":"task.stdout"}
{"timestamp":"2026-09-21T09:15:48.659382Z","level":"info","event":"Filling up the DagBag from /opt/airflow/dags/aws_project.py","logger":"airflow.dag_processing.dagbag.BundleDagBag","filename":"dagbag.py","lineno":469}
{"timestamp":"2026-09-21T09:15:48.668966Z","level":"info","event":"None","logger":"task.stdout"}
{"timestamp":"2026-09-21T09:16:19.545259Z","level":"info","event":"Filling up the DagBag from /opt/airflow/dags/aws_project.py","logger":"airflow.dag_processing.dagbag.BundleDagBag","filename":"dagbag.py","lineno":469}
{"timestamp":"2026-09-21T09:16:19.556097Z","level":"info","event":"None","logger":"task.stdout"}
{"timestamp":"2026-09-21T09:16:50.684812Z","level":"info","event":"Filling up the DagBag from /opt/airflow/dags/aws_project.py","logger":"airflow.dag_processing.dagbag.BundleDagBag","filename":"dagbag.py","lineno":469}
{"timestamp":"2026-09-21T09:16:50.694581Z","level":"info","event":"None","logger":"task.stdout"}
{"timestamp":"2026-09-21T09:17:21.514377Z","level":"info","event":"Filling up the DagBag from /opt/airflow/dags/aws_project.py","logger":"airflow.dag_processing.dagbag.BundleDagBag","filename":"dagbag.py","lineno":469}
{"timestamp":"2026-09-21T09:17:21.523754Z","level":"info","event":"None","logger":"task.stdout"}
{"timestamp":"2026-09-21T09:17:52.368007Z","level":"info","event":"Filling up the DagBag from /opt/airflow/dags/aws_project.py","logger":"airflow.dag_processing.dagbag.BundleDagBag","filename":"dagbag.py","lineno":469}
{"timestamp":"2026-09-21T09:17:52.377296Z","level":"info","event":"None","logger":"task.stdout"}
{"timestamp":"2026-09-21T09:18:23.262943Z","level":"info","event":"Filling up the DagBag from /opt/airflow/dags/aws_project.py","logger":"airflow.dag_processing.dagbag.BundleDagBag","filename":"dagbag.py","lineno":469}
{"timestamp":"2026-09-21T09:18:23.277264Z","level":"info","event":"None","logger":"task.stdout"}
{"timestamp":"2026-09-21T10:06:18.909276Z","level":"info","event":"Filling up the DagBag from /opt/airflow/dags/aws_project.py","logger":"airflow.dag_processing.dagbag.BundleDagBag","filename":"dagbag.py","lineno":469}
{"timestamp":"2026-09-21T10:06:18.970084Z","level":"info","event":"None","logger":"task.stdout"}
{"timestamp":"2026-09-21T10:07:02.520357Z","level":"info","event":"Filling up the DagBag from /opt/airflow/dags/aws_project.py","logger":"airflow.dag_processing.dagbag.BundleDagBag","filename":"dagbag.py","lineno":469}
{"timestamp":"2026-09-21T10:07:02.530674Z","level":"info","event":"None","logger":"task.stdout"}
{"timestamp":"2026-09-21T10:07:33.342714Z","level":"info","event":"Filling up the DagBag from /opt/airflow/dags/aws_project.py","logger":"airflow.dag_processing.dagbag.BundleDagBag","filename":"dagbag.py","lineno":469}
{"timestamp":"2026-09-21T10:07:33.352466Z","level":"info","event":"None","logger":"task.stdout"}
{"timestamp":"2026-09-21T10:08:04.202570Z","level":"info","event":"Filling up the DagBag from /opt/airflow/dags/aws_project.py","logger":"airflow.dag_processing.dagbag.BundleDagBag","filename":"dagbag.py","lineno":469}
{"timestamp":"2026-09-21T10:08:04.211720Z","level":"info","event":"None","logger":"task.stdout"}
{"timestamp":"2026-09-21T10:08:35.017111Z","level":"info","event":"Filling up the DagBag from /opt/airflow/dags/aws_project.py","logger":"airflow.dag_processing.dagbag.BundleDagBag","filename":"dagbag.py","lineno":469}
{"timestamp":"2026-09-21T10:08:35.027203Z","level":"info","event":"None","logger":"task.stdout"}
{"timestamp":"2026-09-21T10:09:05.851236Z","level":"info","event":"Filling up the DagBag from /opt/airflow/dags/aws_project.py","logger":"airflow.dag_processing.dagbag.BundleDagBag","filename":"dagbag.py","lineno":469}
{"timestamp":"2026-09-21T10:09:05.860980Z","level":"info","event":"None","logger":"task.stdout"}
{"timestamp":"2026-09-21T10:09:36.664192Z","level":"info","event":"Filling up the DagBag from /opt/airflow/dags/aws_project.py","logger":"airflow.dag_processing.dagbag.BundleDagBag","filename":"dagbag.py","lineno":469}
{"timestamp":"2026-09-21T10:09:36.674109Z","level":"info","event":"None","logger":"task.stdout"}
{"timestamp":"2026-09-21T10:10:07.475370Z","level":"info","event":"Filling up the DagBag from /opt/airflow/dags/aws_project.py","logger":"airflow.dag_processing.dagbag.BundleDagBag","filename":"dagbag.py","lineno":469}
{"timestamp":"2026-09-21T10:10:07.488423Z","level":"info","event":"None","logger":"task.stdout"}
{"timestamp":"2026-09-21T10:10:38.287517Z","level":"info","event":"Filling up the DagBag from /opt/airflow/dags/aws_project.py","logger":"airflow.dag_processing.dagbag.BundleDagBag","filename":"dagbag.py","lineno":469}
{"timestamp":"2026-09-21T10:10:38.300062Z","level":"info","event":"None","logger":"task.stdout"}
