{"timestamp":"2026-09-19T10:51:25.927976Z","level":"info","event":"Filling up the DagBag from /opt/airflow/dags/aws_project.py","logger":"airflow.dag_processing.dagbag.BundleDagBag","filename":"dagbag.py","lineno":469}
{"timestamp":"2026-09-19T10:52:12.587562Z","level":"info","event":"Filling up the DagBag from /opt/airflow/dags/aws_project.py","logger":"airflow.dag_processing.dagbag.BundleDagBag","filename":"dagbag.py","lineno":469}
{"timestamp":"2026-09-19T10:52:43.375952Z","level":"info","event":"Filling up the DagBag from /opt/airflow/dags/aws_project.py","logger":"airflow.dag_processing.dagbag.BundleDagBag","filename":"dagbag.py","lineno":469}
{"timestamp":"2026-09-19T10:53:14.142421Z","level":"info","event":"Filling up the DagBag from /opt/airflow/dags/aws_project.py","logger":"airflow.dag_processing.dagbag.BundleDagBag","filename":"dagbag.py","lineno":469}
{"timestamp":"2026-09-19T10:53:45.122270Z","level":"info","event":"Filling up the DagBag from /opt/airflow/dags/aws_project.py","logger":"airflow.dag_processing.dagbag.BundleDagBag","filename":"dagbag.py","lineno":469}
{"timestamp":"2026-09-19T10:54:16.253999Z","level":"info","event":"Filling up the DagBag from /opt/airflow/dags/aws_project.py","logger":"airflow.dag_processing.dagbag.BundleDagBag","filename":"dagbag.py","lineno":469}
{"timestamp":"2026-09-19T10:54:47.014998Z","level":"info","event":"Filling up the DagBag from /opt/airflow/dags/aws_project.py","logger":"airflow.dag_processing.dagbag.BundleDagBag","filename":"dagbag.py","lineno":469}
{"timestamp":"2026-09-19T10:55:17.737202Z","level":"info","event":"Filling up the DagBag from /opt/airflow/dags/aws_project.py","logger":"airflow.dag_processing.dagbag.BundleDagBag","filename":"dagbag.py","lineno":469}
{"timestamp":"2026-09-19T10:55:48.510208Z","level":"info","event":"Filling up the DagBag from /opt/airflow/dags/aws_project.py","logger":"airflow.dag_processing.dagbag.BundleDagBag","filename":"dagbag.py","lineno":469}
{"timestamp":"2026-09-19T10:56:19.266903Z","level":"info","event":"Filling up the DagBag from /opt/airflow/dags/aws_project.py","logger":"airflow.dag_processing.dagbag.BundleDagBag","filename":"dagbag.py","lineno":469}
{"timestamp":"2026-09-19T10:56:50.002779Z","level":"info","event":"Filling up the DagBag from /opt/airflow/dags/aws_project.py","logger":"airflow.dag_processing.dagbag.BundleDagBag","filename":"dagbag.py","lineno":469}
{"timestamp":"2026-09-19T10:57:21.024888Z","level":"info","event":"Filling up the DagBag from /opt/airflow/dags/aws_project.py","logger":"airflow.dag_processing.dagbag.BundleDagBag","filename":"dagbag.py","lineno":469}
{"timestamp":"2026-09-19T10:57:51.749756Z","level":"info","event":"Filling up the DagBag from /opt/airflow/dags/aws_project.py","logger":"airflow.dag_processing.dagbag.BundleDagBag","filename":"dagbag.py","lineno":469}
{"timestamp":"2026-09-19T10:58:22.495134Z","level":"info","event":"Filling up the DagBag from /opt/airflow/dags/aws_project.py","logger":"airflow.dag_processing.dagbag.BundleDagBag","filename":"dagbag.py","lineno":469}
{"timestamp":"2026-09-19T10:58:53.253982Z","level":"info","event":"Filling up the DagBag from /opt/airflow/dags/aws_project.py","logger":"airflow.dag_processing.dagbag.BundleDagBag","filename":"dagbag.py","lineno":469}
{"timestamp":"2026-09-19T10:59:24.000887Z","level":"info","event":"Filling up the DagBag from /opt/airflow/dags/aws_project.py","logger":"airflow.dag_processing.dagbag.BundleDagBag","filename":"dagbag.py","lineno":469}
{"timestamp":"2026-09-19T10:59:54.710636Z","level":"info","event":"Filling up the DagBag from /opt/airflow/dags/aws_project.py","logger":"airflow.dag_processing.dagbag.BundleDagBag","filename":"dagbag.py","lineno":469}
{"timestamp":"2026-09-19T11:00:25.421199Z","level":"info","event":"Filling up the DagBag from /opt/airflow/dags/aws_project.py","logger":"airflow.dag_processing.dagbag.BundleDagBag","filename":"dagbag.py","lineno":469}
{"timestamp":"2026-09-19T11:00:56.611521Z","level":"info","event":"Filling up the DagBag from /opt/airflow/dags/aws_project.py","logger":"airflow.dag_processing.dagbag.BundleDagBag","filename":"dagbag.py","lineno":469}
{"timestamp":"2026-09-19T11:01:27.650116Z","level":"info","event":"Filling up the DagBag from /opt/airflow/dags/aws_project.py","logger":"airflow.dag_processing.dagbag.BundleDagBag","filename":"dagbag.py","lineno":469}
{"timestamp":"2026-09-19T11:01:58.806544Z","level":"info","event":"Filling up the DagBag from /opt/airflow/dags/aws_project.py","logger":"airflow.dag_processing.dagbag.BundleDagBag","filename":"dagbag.py","lineno":469}
{"timestamp":"2026-09-19T11:02:29.847617Z","level":"info","event":"Filling up the DagBag from /opt/airflow/dags/aws_project.py","logger":"airflow.dag_processing.dagbag.BundleDagBag","filename":"dagbag.py","lineno":469}
{"timestamp":"2026-09-19T11:03:00.567902Z","level":"info","event":"Filling up the DagBag from /opt/airflow/dags/aws_project.py","logger":"airflow.dag_processing.dagbag.BundleDagBag","filename":"dagbag.py","lineno":469}
{"timestamp":"2026-09-19T11:03:31.336283Z","level":"info","event":"Filling up the DagBag from /opt/airflow/dags/aws_project.py","logger":"airflow.dag_processing.dagbag.BundleDagBag","filename":"dagbag.py","lineno":469}
{"timestamp":"2026-09-19T11:04:02.056353Z","level":"info","event":"Filling up the DagBag from /opt/airflow/dags/aws_project.py","logger":"airflow.dag_processing.dagbag.BundleDagBag","filename":"dagbag.py","lineno":469}
{"timestamp":"2026-09-19T11:04:32.799256Z","level":"info","event":"Filling up the DagBag from /opt/airflow/dags/aws_project.py","logger":"airflow.dag_processing.dagbag.BundleDagBag","filename":"dagbag.py","lineno":469}
{"timestamp":"2026-09-19T11:05:03.554409Z","level":"info","event":"Filling up the DagBag from /opt/airflow/dags/aws_project.py","logger":"airflow.dag_processing.dagbag.BundleDagBag","filename":"dagbag.py","lineno":469}
{"timestamp":"2026-09-19T11:05:34.330778Z","level":"info","event":"Filling up the DagBag from /opt/airflow/dags/aws_project.py","logger":"airflow.dag_processing.dagbag.BundleDagBag","filename":"dagbag.py","lineno":469}
{"timestamp":"2026-09-19T11:06:05.085932Z","level":"info","event":"Filling up the DagBag from /opt/airflow/dags/aws_project.py","logger":"airflow.dag_processing.dagbag.BundleDagBag","filename":"dagbag.py","lineno":469}
{"timestamp":"2026-09-19T11:06:35.816014Z","level":"info","event":"Filling up the DagBag from /opt/airflow/dags/aws_project.py","logger":"airflow.dag_processing.dagbag.BundleDagBag","filename":"dagbag.py","lineno":469}
{"timestamp":"2026-09-19T11:07:06.576690Z","level":"info","event":"Filling up the DagBag from /opt/airflow/dags/aws_project.py","logger":"airflow.dag_processing.dagbag.BundleDagBag","filename":"dagbag.py","lineno":469}
{"timestamp":"2026-09-19T11:07:37.613096Z","level":"info","event":"Filling up the DagBag from /opt/airflow/dags/aws_project.py","logger":"airflow.dag_processing.dagbag.BundleDagBag","filename":"dagbag.py","lineno":469}
{"timestamp":"2026-09-19T11:08:08.566624Z","level":"info","event":"Filling up the DagBag from /opt/airflow/dags/aws_project.py","logger":"airflow.dag_processing.dagbag.BundleDagBag","filename":"dagbag.py","lineno":469}
{"timestamp":"2026-09-19T11:08:39.700686Z","level":"info","event":"Filling up the DagBag from /opt/airflow/dags/aws_project.py","logger":"airflow.dag_processing.dagbag.BundleDagBag","filename":"dagbag.py","lineno":469}
{"timestamp":"2026-09-19T11:09:10.455562Z","level":"info","event":"Filling up the DagBag from /opt/airflow/dags/aws_project.py","logger":"airflow.dag_processing.dagbag.BundleDagBag","filename":"dagbag.py","lineno":469}
{"timestamp":"2026-09-19T11:09:41.248751Z","level":"info","event":"Filling up the DagBag from /opt/airflow/dags/aws_project.py","logger":"airflow.dag_processing.dagbag.BundleDagBag","filename":"dagbag.py","lineno":469}
{"timestamp":"2026-09-19T11:10:12.003434Z","level":"info","event":"Filling up the DagBag from /opt/airflow/dags/aws_project.py","logger":"airflow.dag_processing.dagbag.BundleDagBag","filename":"dagbag.py","lineno":469}
{"timestamp":"2026-09-19T11:10:42.816567Z","level":"info","event":"Filling up the DagBag from /opt/airflow/dags/aws_project.py","logger":"airflow.dag_processing.dagbag.BundleDagBag","filename":"dagbag.py","lineno":469}
{"timestamp":"2026-09-19T11:11:13.600924Z","level":"info","event":"Filling up the DagBag from /opt/airflow/dags/aws_project.py","logger":"airflow.dag_processing.dagbag.BundleDagBag","filename":"dagbag.py","lineno":469}
{"timestamp":"2026-09-19T11:11:44.439957Z","level":"info","event":"Filling up the DagBag from /opt/airflow/dags/aws_project.py","logger":"airflow.dag_processing.dagbag.BundleDagBag","filename":"dagbag.py","lineno":469}
{"timestamp":"2026-09-19T11:12:15.222880Z","level":"info","event":"Filling up the DagBag from /opt/airflow/dags/aws_project.py","logger":"airflow.dag_processing.dagbag.BundleDagBag","filename":"dagbag.py","lineno":469}
{"timestamp":"2026-09-19T11:12:46.317371Z","level":"info","event":"Filling up the DagBag from /opt/airflow/dags/aws_project.py","logger":"airflow.dag_processing.dagbag.BundleDagBag","filename":"dagbag.py","lineno":469}
{"timestamp":"2026-09-19T11:13:17.103514Z","level":"info","event":"Filling up the DagBag from /opt/airflow/dags/aws_project.py","logger":"airflow.dag_processing.dagbag.BundleDagBag","filename":"dagbag.py","lineno":469}
{"timestamp":"2026-09-19T11:13:47.869321Z","level":"info","event":"Filling up the DagBag from /opt/airflow/dags/aws_project.py","logger":"airflow.dag_processing.dagbag.BundleDagBag","filename":"dagbag.py","lineno":469}
{"timestamp":"2026-09-19T11:14:18.631280Z","level":"info","event":"Filling up the DagBag from /opt/airflow/dags/aws_project.py","logger":"airflow.dag_processing.dagbag.BundleDagBag","filename":"dagbag.py","lineno":469}
{"timestamp":"2026-09-19T11:14:49.416780Z","level":"info","event":"Filling up the DagBag from /opt/airflow/dags/aws_project.py","logger":"airflow.dag_processing.dagbag.BundleDagBag","filename":"dagbag.py","lineno":469}
{"timestamp":"2026-09-19T11:15:20.204643Z","level":"info","event":"Filling up the DagBag from /opt/airflow/dags/aws_project.py","logger":"airflow.dag_processing.dagbag.BundleDagBag","filename":"dagbag.py","lineno":469}
{"timestamp":"2026-09-19T11:15:51.163272Z","level":"info","event":"Filling up the DagBag from /opt/airflow/dags/aws_project.py","logger":"airflow.dag_processing.dagbag.BundleDagBag","filename":"dagbag.py","lineno":469}
{"timestamp":"2026-09-19T11:16:22.165650Z","level":"info","event":"Filling up the DagBag from /opt/airflow/dags/aws_project.py","logger":"airflow.dag_processing.dagbag.BundleDagBag","filename":"dagbag.py","lineno":469}
{"timestamp":"2026-09-19T11:16:52.983863Z","level":"info","event":"Filling up the DagBag from /opt/airflow/dags/aws_project.py","logger":"airflow.dag_processing.dagbag.BundleDagBag","filename":"dagbag.py","lineno":469}
{"timestamp":"2026-09-19T11:17:23.774854Z","level":"info","event":"Filling up the DagBag from /opt/airflow/dags/aws_project.py","logger":"airflow.dag_processing.dagbag.BundleDagBag","filename":"dagbag.py","lineno":469}
{"timestamp":"2026-09-19T11:17:54.811809Z","level":"info","event":"Filling up the DagBag from /opt/airflow/dags/aws_project.py","logger":"airflow.dag_processing.dagbag.BundleDagBag","filename":"dagbag.py","lineno":469}
{"timestamp":"2026-09-19T11:18:25.579057Z","level":"info","event":"Filling up the DagBag from /opt/airflow/dags/aws_project.py","logger":"airflow.dag_processing.dagbag.BundleDagBag","filename":"dagbag.py","lineno":469}
{"timestamp":"2026-09-19T11:18:56.344729Z","level":"info","event":"Filling up the DagBag from /opt/airflow/dags/aws_project.py","logger":"airflow.dag_processing.dagbag.BundleDagBag","filename":"dagbag.py","lineno":469}
{"timestamp":"2026-09-19T11:19:27.126541Z","level":"info","event":"Filling up the DagBag from /opt/airflow/dags/aws_project.py","logger":"airflow.dag_processing.dagbag.BundleDagBag","filename":"dagbag.py","lineno":469}
{"timestamp":"2026-09-19T11:19:58.043564Z","level":"info","event":"Filling up the DagBag from /opt/airflow/dags/aws_project.py","logger":"airflow.dag_processing.dagbag.BundleDagBag","filename":"dagbag.py","lineno":469}
{"timestamp":"2026-09-19T11:20:28.821689Z","level":"info","event":"Filling up the DagBag from /opt/airflow/dags/aws_project.py","logger":"airflow.dag_processing.dagbag.BundleDagBag","filename":"dagbag.py","lineno":469}
{"timestamp":"2026-09-19T11:20:59.682511Z","level":"info","event":"Filling up the DagBag from /opt/airflow/dags/aws_project.py","logger":"airflow.dag_processing.dagbag.BundleDagBag","filename":"dagbag.py","lineno":469}
{"timestamp":"2026-09-19T11:21:30.473671Z","level":"info","event":"Filling up the DagBag from /opt/airflow/dags/aws_project.py","logger":"airflow.dag_processing.dagbag.BundleDagBag","filename":"dagbag.py","lineno":469}
{"timestamp":"2026-09-19T11:22:01.278292Z","level":"info","event":"Filling up the DagBag from /opt/airflow/dags/aws_project.py","logger":"airflow.dag_processing.dagbag.BundleDagBag","filename":"dagbag.py","lineno":469}
{"timestamp":"2026-09-19T11:22:32.057444Z","level":"info","event":"Filling up the DagBag from /opt/airflow/dags/aws_project.py","logger":"airflow.dag_processing.dagbag.BundleDagBag","filename":"dagbag.py","lineno":469}
{"timestamp":"2026-09-19T11:23:03.107367Z","level":"info","event":"Filling up the DagBag from /opt/airflow/dags/aws_project.py","logger":"airflow.dag_processing.dagbag.BundleDagBag","filename":"dagbag.py","lineno":469}
{"timestamp":"2026-09-19T11:23:33.905296Z","level":"info","event":"Filling up the DagBag from /opt/airflow/dags/aws_project.py","logger":"airflow.dag_processing.dagbag.BundleDagBag","filename":"dagbag.py","lineno":469}
{"timestamp":"2026-09-19T11:24:04.924298Z","level":"info","event":"Filling up the DagBag from /opt/airflow/dags/aws_project.py","logger":"airflow.dag_processing.dagbag.BundleDagBag","filename":"dagbag.py","lineno":469}
{"timestamp":"2026-09-19T11:24:35.696911Z","level":"info","event":"Filling up the DagBag from /opt/airflow/dags/aws_project.py","logger":"airflow.dag_processing.dagbag.BundleDagBag","filename":"dagbag.py","lineno":469}
{"timestamp":"2026-09-19T11:25:06.481896Z","level":"info","event":"Filling up the DagBag from /opt/airflow/dags/aws_project.py","logger":"airflow.dag_processing.dagbag.BundleDagBag","filename":"dagbag.py","lineno":469}
{"timestamp":"2026-09-19T11:25:37.276446Z","level":"info","event":"Filling up the DagBag from /opt/airflow/dags/aws_project.py","logger":"airflow.dag_processing.dagbag.BundleDagBag","filename":"dagbag.py","lineno":469}
{"timestamp":"2026-09-19T11:26:08.062278Z","level":"info","event":"Filling up the DagBag from /opt/airflow/dags/aws_project.py","logger":"airflow.dag_processing.dagbag.BundleDagBag","filename":"dagbag.py","lineno":469}
{"timestamp":"2026-09-19T11:26:38.846018Z","level":"info","event":"Filling up the DagBag from /opt/airflow/dags/aws_project.py","logger":"airflow.dag_processing.dagbag.BundleDagBag","filename":"dagbag.py","lineno":469}
{"timestamp":"2026-09-19T11:27:09.671642Z","level":"info","event":"Filling up the DagBag from /opt/airflow/dags/aws_project.py","logger":"airflow.dag_processing.dagbag.BundleDagBag","filename":"dagbag.py","lineno":469}
{"timestamp":"2026-09-19T11:27:40.426645Z","level":"info","event":"Filling up the DagBag from /opt/airflow/dags/aws_project.py","logger":"airflow.dag_processing.dagbag.BundleDagBag","filename":"dagbag.py","lineno":469}
{"timestamp":"2026-09-19T11:28:11.416078Z","level":"info","event":"Filling up the DagBag from /opt/airflow/dags/aws_project.py","logger":"airflow.dag_processing.dagbag.BundleDagBag","filename":"dagbag.py","lineno":469}
{"timestamp":"2026-09-19T11:28:42.183364Z","level":"info","event":"Filling up the DagBag from /opt/airflow/dags/aws_project.py","logger":"airflow.dag_processing.dagbag.BundleDagBag","filename":"dagbag.py","lineno":469}
{"timestamp":"2026-09-19T11:29:12.948084Z","level":"info","event":"Filling up the DagBag from /opt/airflow/dags/aws_project.py","logger":"airflow.dag_processing.dagbag.BundleDagBag","filename":"dagbag.py","lineno":469}
{"timestamp":"2026-09-19T11:29:43.689011Z","level":"info","event":"Filling up the DagBag from /opt/airflow/dags/aws_project.py","logger":"airflow.dag_processing.dagbag.BundleDagBag","filename":"dagbag.py","lineno":469}
{"timestamp":"2026-09-19T11:30:14.481637Z","level":"info","event":"Filling up the DagBag from /opt/airflow/dags/aws_project.py","logger":"airflow.dag_processing.dagbag.BundleDagBag","filename":"dagbag.py","lineno":469}
{"timestamp":"2026-09-19T11:30:45.214880Z","level":"info","event":"Filling up the DagBag from /opt/airflow/dags/aws_project.py","logger":"airflow.dag_processing.dagbag.BundleDagBag","filename":"dagbag.py","lineno":469}
{"timestamp":"2026-09-19T11:31:16.019883Z","level":"info","event":"Filling up the DagBag from /opt/airflow/dags/aws_project.py","logger":"airflow.dag_processing.dagbag.BundleDagBag","filename":"dagbag.py","lineno":469}
{"timestamp":"2026-09-19T11:31:46.940659Z","level":"info","event":"Filling up the DagBag from /opt/airflow/dags/aws_project.py","logger":"airflow.dag_processing.dagbag.BundleDagBag","filename":"dagbag.py","lineno":469}
{"timestamp":"2026-09-19T11:32:17.705148Z","level":"info","event":"Filling up the DagBag from /opt/airflow/dags/aws_project.py","logger":"airflow.dag_processing.dagbag.BundleDagBag","filename":"dagbag.py","lineno":469}
{"timestamp":"2026-09-19T11:32:48.536051Z","level":"info","event":"Filling up the DagBag from /opt/airflow/dags/aws_project.py","logger":"airflow.dag_processing.dagbag.BundleDagBag","filename":"dagbag.py","lineno":469}
{"timestamp":"2026-09-19T11:33:19.556568Z","level":"info","event":"Filling up the DagBag from /opt/airflow/dags/aws_project.py","logger":"airflow.dag_processing.dagbag.BundleDagBag","filename":"dagbag.py","lineno":469}
{"timestamp":"2026-09-19T11:33:50.323094Z","level":"info","event":"Filling up the DagBag from /opt/airflow/dags/aws_project.py","logger":"airflow.dag_processing.dagbag.BundleDagBag","filename":"dagbag.py","lineno":469}
{"timestamp":"2026-09-19T11:34:21.066828Z","level":"info","event":"Filling up the DagBag from /opt/airflow/dags/aws_project.py","logger":"airflow.dag_processing.dagbag.BundleDagBag","filename":"dagbag.py","lineno":469}
{"timestamp":"2026-09-19T12:10:10.755276Z","level":"info","event":"Filling up the DagBag from /opt/airflow/dags/aws_project.py","logger":"airflow.dag_processing.dagbag.BundleDagBag","filename":"dagbag.py","lineno":469}
{"timestamp":"2026-09-19T12:10:55.004049Z","level":"info","event":"Filling up the DagBag from /opt/airflow/dags/aws_project.py","logger":"airflow.dag_processing.dagbag.BundleDagBag","filename":"dagbag.py","lineno":469}
{"timestamp":"2026-09-19T12:11:25.769621Z","level":"info","event":"Filling up the DagBag from /opt/airflow/dags/aws_project.py","logger":"airflow.dag_processing.dagbag.BundleDagBag","filename":"dagbag.py","lineno":469}
{"timestamp":"2026-09-19T12:11:56.566847Z","level":"info","event":"Filling up the DagBag from /opt/airflow/dags/aws_project.py","logger":"airflow.dag_processing.dagbag.BundleDagBag","filename":"dagbag.py","lineno":469}
{"timestamp":"2026-09-19T12:12:27.323802Z","level":"info","event":"Filling up the DagBag from /opt/airflow/dags/aws_project.py","logger":"airflow.dag_processing.dagbag.BundleDagBag","filename":"dagbag.py","lineno":469}
{"timestamp":"2026-09-19T12:12:58.077469Z","level":"info","event":"Filling up the DagBag from /opt/airflow/dags/aws_project.py","logger":"airflow.dag_processing.dagbag.BundleDagBag","filename":"dagbag.py","lineno":469}
{"timestamp":"2026-09-19T12:13:28.843621Z","level":"info","event":"Filling up the DagBag from /opt/airflow/dags/aws_project.py","logger":"airflow.dag_processing.dagbag.BundleDagBag","filename":"dagbag.py","lineno":469}
{"timestamp":"2026-09-19T12:13:59.898546Z","level":"info","event":"Filling up the DagBag from /opt/airflow/dags/aws_project.py","logger":"airflow.dag_processing.dagbag.BundleDagBag","filename":"dagbag.py","lineno":469}
{"timestamp":"2026-09-19T12:14:30.994352Z","level":"info","event":"Filling up the DagBag from /opt/airflow/dags/aws_project.py","logger":"airflow.dag_processing.dagbag.BundleDagBag","filename":"dagbag.py","lineno":469}
{"timestamp":"2026-09-19T12:15:01.780921Z","level":"info","event":"Filling up the DagBag from /opt/airflow/dags/aws_project.py","logger":"airflow.dag_processing.dagbag.BundleDagBag","filename":"dagbag.py","lineno":469}
{"timestamp":"2026-09-19T12:15:32.575240Z","level":"info","event":"Filling up the DagBag from /opt/airflow/dags/aws_project.py","logger":"airflow.dag_processing.dagbag.BundleDagBag","filename":"dagbag.py","lineno":469}
{"timestamp":"2026-09-19T12:16:03.618201Z","level":"info","event":"Filling up the DagBag from /opt/airflow/dags/aws_project.py","logger":"airflow.dag_processing.dagbag.BundleDagBag","filename":"dagbag.py","lineno":469}
{"timestamp":"2026-09-19T12:16:34.357925Z","level":"info","event":"Filling up the DagBag from /opt/airflow/dags/aws_project.py","logger":"airflow.dag_processing.dagbag.BundleDagBag","filename":"dagbag.py","lineno":469}
{"timestamp":"2026-09-19T12:17:05.175295Z","level":"info","event":"Filling up the DagBag from /opt/airflow/dags/aws_project.py","logger":"airflow.dag_processing.dagbag.BundleDagBag","filename":"dagbag.py","lineno":469}
{"timestamp":"2026-09-19T12:17:35.926499Z","level":"info","event":"Filling up the DagBag from /opt/airflow/dags/aws_project.py","logger":"airflow.dag_processing.dagbag.BundleDagBag","filename":"dagbag.py","lineno":469}
{"timestamp":"2026-09-19T12:18:06.698561Z","level":"info","event":"Filling up the DagBag from /opt/airflow/dags/aws_project.py","logger":"airflow.dag_processing.dagbag.BundleDagBag","filename":"dagbag.py","lineno":469}
{"timestamp":"2026-09-19T12:18:37.466861Z","level":"info","event":"Filling up the DagBag from /opt/airflow/dags/aws_project.py","logger":"airflow.dag_processing.dagbag.BundleDagBag","filename":"dagbag.py","lineno":469}
{"timestamp":"2026-09-19T12:18:47.104045Z","level":"info","event":"Filling up the DagBag from /opt/airflow/dags/aws_project.py","logger":"airflow.dag_processing.dagbag.BundleDagBag","filename":"dagbag.py","lineno":469}
{"timestamp":"2026-09-19T12:18:49.709241Z","level":"info","event":"Filling up the DagBag from /opt/airflow/dags/aws_project.py","logger":"airflow.dag_processing.dagbag.BundleDagBag","filename":"dagbag.py","lineno":469}
{"timestamp":"2026-09-19T12:19:20.508883Z","level":"info","event":"Filling up the DagBag from /opt/airflow/dags/aws_project.py","logger":"airflow.dag_processing.dagbag.BundleDagBag","filename":"dagbag.py","lineno":469}
{"timestamp":"2026-09-19T12:19:51.268838Z","level":"info","event":"Filling up the DagBag from /opt/airflow/dags/aws_project.py","logger":"airflow.dag_processing.dagbag.BundleDagBag","filename":"dagbag.py","lineno":469}
{"timestamp":"2026-09-19T12:20:22.020671Z","level":"info","event":"Filling up the DagBag from /opt/airflow/dags/aws_project.py","logger":"airflow.dag_processing.dagbag.BundleDagBag","filename":"dagbag.py","lineno":469}
{"timestamp":"2026-09-19T12:20:52.753868Z","level":"info","event":"Filling up the DagBag from /opt/airflow/dags/aws_project.py","logger":"airflow.dag_processing.dagbag.BundleDagBag","filename":"dagbag.py","lineno":469}
{"timestamp":"2026-09-19T12:21:23.796168Z","level":"info","event":"Filling up the DagBag from /opt/airflow/dags/aws_project.py","logger":"airflow.dag_processing.dagbag.BundleDagBag","filename":"dagbag.py","lineno":469}
{"timestamp":"2026-09-19T12:21:25.379192Z","level":"info","event":"Filling up the DagBag from /opt/airflow/dags/aws_project.py","logger":"airflow.dag_processing.dagbag.BundleDagBag","filename":"dagbag.py","lineno":469}
{"timestamp":"2026-09-19T12:21:56.131727Z","level":"info","event":"Filling up the DagBag from /opt/airflow/dags/aws_project.py","logger":"airflow.dag_processing.dagbag.BundleDagBag","filename":"dagbag.py","lineno":469}
{"timestamp":"2026-09-19T12:22:26.912782Z","level":"info","event":"Filling up the DagBag from /opt/airflow/dags/aws_project.py","logger":"airflow.dag_processing.dagbag.BundleDagBag","filename":"dagbag.py","lineno":469}
{"timestamp":"2026-09-19T12:22:57.667423Z","level":"info","event":"Filling up the DagBag from /opt/airflow/dags/aws_project.py","logger":"airflow.dag_processing.dagbag.BundleDagBag","filename":"dagbag.py","lineno":469}
{"timestamp":"2026-09-19T12:23:28.458770Z","level":"info","event":"Filling up the DagBag from /opt/airflow/dags/aws_project.py","logger":"airflow.dag_processing.dagbag.BundleDagBag","filename":"dagbag.py","lineno":469}
{"timestamp":"2026-09-19T12:23:59.242253Z","level":"info","event":"Filling up the DagBag from /opt/airflow/dags/aws_project.py","logger":"airflow.dag_processing.dagbag.BundleDagBag","filename":"dagbag.py","lineno":469}
{"timestamp":"2026-09-19T12:24:30.098748Z","level":"info","event":"Filling up the DagBag from /opt/airflow/dags/aws_project.py","logger":"airflow.dag_processing.dagbag.BundleDagBag","filename":"dagbag.py","lineno":469}
{"timestamp":"2026-09-19T12:25:00.875809Z","level":"info","event":"Filling up the DagBag from /opt/airflow/dags/aws_project.py","logger":"airflow.dag_processing.dagbag.BundleDagBag","filename":"dagbag.py","lineno":469}
{"timestamp":"2026-09-19T12:25:31.614865Z","level":"info","event":"Filling up the DagBag from /opt/airflow/dags/aws_project.py","logger":"airflow.dag_processing.dagbag.BundleDagBag","filename":"dagbag.py","lineno":469}
{"timestamp":"2026-09-19T12:26:02.404087Z","level":"info","event":"Filling up the DagBag from /opt/airflow/dags/aws_project.py","logger":"airflow.dag_processing.dagbag.BundleDagBag","filename":"dagbag.py","lineno":469}
{"timestamp":"2026-09-19T12:26:33.696397Z","level":"info","event":"Filling up the DagBag from /opt/airflow/dags/aws_project.py","logger":"airflow.dag_processing.dagbag.BundleDagBag","filename":"dagbag.py","lineno":469}
{"timestamp":"2026-09-19T12:27:04.479264Z","level":"info","event":"Filling up the DagBag from /opt/airflow/dags/aws_project.py","logger":"airflow.dag_processing.dagbag.BundleDagBag","filename":"dagbag.py","lineno":469}
{"timestamp":"2026-09-19T12:27:35.275046Z","level":"info","event":"Filling up the DagBag from /opt/airflow/dags/aws_project.py","logger":"airflow.dag_processing.dagbag.BundleDagBag","filename":"dagbag.py","lineno":469}
{"timestamp":"2026-09-19T12:28:06.112459Z","level":"info","event":"Filling up the DagBag from /opt/airflow/dags/aws_project.py","logger":"airflow.dag_processing.dagbag.BundleDagBag","filename":"dagbag.py","lineno":469}
{"timestamp":"2026-09-19T12:28:21.866699Z","level":"info","event":"Filling up the DagBag from /opt/airflow/dags/aws_project.py","logger":"airflow.dag_processing.dagbag.BundleDagBag","filename":"dagbag.py","lineno":469}
{"timestamp":"2026-09-19T12:28:23.996513Z","level":"info","event":"Filling up the DagBag from /opt/airflow/dags/aws_project.py","logger":"airflow.dag_processing.dagbag.BundleDagBag","filename":"dagbag.py","lineno":469}
{"timestamp":"2026-09-19T12:28:24.002336Z","level":"error","event":"Failed to import: /opt/airflow/dags/aws_project.py","logger":"airflow.dag_processing.importers.python_importer","filename":"python_importer.py","lineno":244,"error_detail":[{"exc_type":"IndentationError","exc_value":"unexpected indent (aws_project.py, line 16)","exc_notes":[],"syntax_error":{"offset":8,"filename":"/opt/airflow/dags/aws_project.py","line":"        =\n","lineno":16,"msg":"unexpected indent"},"is_cause":false,"frames":[{"filename":"/home/airflow/.local/lib/python3.13/site-packages/airflow/dag_processing/importers/python_importer.py","lineno":238,"name":"parse"},{"filename":"<frozen importlib._bootstrap_external>","lineno":1019,"name":"exec_module"},{"filename":"<frozen importlib._bootstrap_external>","lineno":1157,"name":"get_code"},{"filename":"<frozen importlib._bootstrap_external>","lineno":1087,"name":"source_to_code"},{"filename":"<frozen importlib._bootstrap>","lineno":488,"name":"_call_with_frames_removed"}],"is_group":false,"exceptions":[]}]}
{"timestamp":"2026-09-19T12:28:24.006660Z","level":"error","event":"Error loading DAG from aws_project.py: unexpected indent (aws_project.py, line 16)","logger":"airflow.dag_processing.dagbag.BundleDagBag","filename":"dagbag.py","lineno":327}
{"timestamp":"2026-09-19T12:28:27.111451Z","level":"info","event":"Filling up the DagBag from /opt/airflow/dags/aws_project.py","logger":"airflow.dag_processing.dagbag.BundleDagBag","filename":"dagbag.py","lineno":469}
{"timestamp":"2026-09-19T12:28:27.115341Z","level":"error","event":"Failed to import: /opt/airflow/dags/aws_project.py","logger":"airflow.dag_processing.importers.python_importer","filename":"python_importer.py","lineno":244,"error_detail":[{"exc_type":"IndentationError","exc_value":"unexpected indent (aws_project.py, line 16)","exc_notes":[],"syntax_error":{"offset":8,"filename":"/opt/airflow/dags/aws_project.py","line":"        = \"\"\n","lineno":16,"msg":"unexpected indent"},"is_cause":false,"frames":[{"filename":"/home/airflow/.local/lib/python3.13/site-packages/airflow/dag_processing/importers/python_importer.py","lineno":238,"name":"parse"},{"filename":"<frozen importlib._bootstrap_external>","lineno":1019,"name":"exec_module"},{"filename":"<frozen importlib._bootstrap_external>","lineno":1157,"name":"get_code"},{"filename":"<frozen importlib._bootstrap_external>","lineno":1087,"name":"source_to_code"},{"filename":"<frozen importlib._bootstrap>","lineno":488,"name":"_call_with_frames_removed"}],"is_group":false,"exceptions":[]}]}
{"timestamp":"2026-09-19T12:28:27.116862Z","level":"error","event":"Error loading DAG from aws_project.py: unexpected indent (aws_project.py, line 16)","logger":"airflow.dag_processing.dagbag.BundleDagBag","filename":"dagbag.py","lineno":327}
{"timestamp":"2026-09-19T12:28:28.162110Z","level":"info","event":"Filling up the DagBag from /opt/airflow/dags/aws_project.py","logger":"airflow.dag_processing.dagbag.BundleDagBag","filename":"dagbag.py","lineno":469}
{"timestamp":"2026-09-19T12:28:28.165100Z","level":"error","event":"Failed to import: /opt/airflow/dags/aws_project.py","logger":"airflow.dag_processing.importers.python_importer","filename":"python_importer.py","lineno":244,"error_detail":[{"exc_type":"IndentationError","exc_value":"unexpected indent (aws_project.py, line 16)","exc_notes":[],"syntax_error":{"offset":8,"filename":"/opt/airflow/dags/aws_project.py","line":"        = \"dbtu_dnK3NQsRT4llqyl0WzBFKO2TGIGask7jfyFgko3u4BDeEzw-Go\"\n","lineno":16,"msg":"unexpected indent"},"is_cause":false,"frames":[{"filename":"/home/airflow/.local/lib/python3.13/site-packages/airflow/dag_processing/importers/python_importer.py","lineno":238,"name":"parse"},{"filename":"<frozen importlib._bootstrap_external>","lineno":1019,"name":"exec_module"},{"filename":"<frozen importlib._bootstrap_external>","lineno":1157,"name":"get_code"},{"filename":"<frozen importlib._bootstrap_external>","lineno":1087,"name":"source_to_code"},{"filename":"<frozen importlib._bootstrap>","lineno":488,"name":"_call_with_frames_removed"}],"is_group":false,"exceptions":[]}]}
{"timestamp":"2026-09-19T12:28:28.166044Z","level":"error","event":"Error loading DAG from aws_project.py: unexpected indent (aws_project.py, line 16)","logger":"airflow.dag_processing.dagbag.BundleDagBag","filename":"dagbag.py","lineno":327}
{"timestamp":"2026-09-19T12:28:37.265966Z","level":"info","event":"Filling up the DagBag from /opt/airflow/dags/aws_project.py","logger":"airflow.dag_processing.dagbag.BundleDagBag","filename":"dagbag.py","lineno":469}
{"timestamp":"2026-09-19T12:28:37.268620Z","level":"error","event":"Failed to import: /opt/airflow/dags/aws_project.py","logger":"airflow.dag_processing.importers.python_importer","filename":"python_importer.py","lineno":244,"error_detail":[{"exc_type":"IndentationError","exc_value":"unexpected indent (aws_project.py, line 16)","exc_notes":[],"syntax_error":{"offset":8,"filename":"/opt/airflow/dags/aws_project.py","line":"        = \"dbtu_dnK3NQsRT4llqyl0WzBFKO2TGIGask7jfyFgko3u4BDeEzw-Go\"\n","lineno":16,"msg":"unexpected indent"},"is_cause":false,"frames":[{"filename":"/home/airflow/.local/lib/python3.13/site-packages/airflow/dag_processing/importers/python_importer.py","lineno":238,"name":"parse"},{"filename":"<frozen importlib._bootstrap_external>","lineno":1019,"name":"exec_module"},{"filename":"<frozen importlib._bootstrap_external>","lineno":1157,"name":"get_code"},{"filename":"<frozen importlib._bootstrap_external>","lineno":1087,"name":"source_to_code"},{"filename":"<frozen importlib._bootstrap>","lineno":488,"name":"_call_with_frames_removed"}],"is_group":false,"exceptions":[]}]}
{"timestamp":"2026-09-19T12:28:37.269859Z","level":"error","event":"Error loading DAG from aws_project.py: unexpected indent (aws_project.py, line 16)","logger":"airflow.dag_processing.dagbag.BundleDagBag","filename":"dagbag.py","lineno":327}
{"timestamp":"2026-09-19T12:28:44.450624Z","level":"info","event":"Filling up the DagBag from /opt/airflow/dags/aws_project.py","logger":"airflow.dag_processing.dagbag.BundleDagBag","filename":"dagbag.py","lineno":469}
{"timestamp":"2026-09-19T12:28:44.464529Z","level":"error","event":"Failed to import: /opt/airflow/dags/aws_project.py","logger":"airflow.dag_processing.importers.python_importer","filename":"python_importer.py","lineno":244,"error_detail":[{"exc_type":"IndentationError","exc_value":"unexpected indent (aws_project.py, line 16)","exc_notes":[],"syntax_error":{"offset":8,"filename":"/opt/airflow/dags/aws_project.py","line":"        = \"dbtu_dnK3NQsRT4llqyl0WzBFKO2TGIGask7jfyFgko3u4BDeEzw-Go\"\n","lineno":16,"msg":"unexpected indent"},"is_cause":false,"frames":[{"filename":"/home/airflow/.local/lib/python3.13/site-packages/airflow/dag_processing/importers/python_importer.py","lineno":238,"name":"parse"},{"filename":"<frozen importlib._bootstrap_external>","lineno":1019,"name":"exec_module"},{"filename":"<frozen importlib._bootstrap_external>","lineno":1157,"name":"get_code"},{"filename":"<frozen importlib._bootstrap_external>","lineno":1087,"name":"source_to_code"},{"filename":"<frozen importlib._bootstrap>","lineno":488,"name":"_call_with_frames_removed"}],"is_group":false,"exceptions":[]}]}
{"timestamp":"2026-09-19T12:28:44.476865Z","level":"error","event":"Error loading DAG from aws_project.py: unexpected indent (aws_project.py, line 16)","logger":"airflow.dag_processing.dagbag.BundleDagBag","filename":"dagbag.py","lineno":327}
{"timestamp":"2026-09-19T12:28:50.554381Z","level":"info","event":"Filling up the DagBag from /opt/airflow/dags/aws_project.py","logger":"airflow.dag_processing.dagbag.BundleDagBag","filename":"dagbag.py","lineno":469}
{"timestamp":"2026-09-19T12:28:52.275617Z","level":"info","event":"Filling up the DagBag from /opt/airflow/dags/aws_project.py","logger":"airflow.dag_processing.dagbag.BundleDagBag","filename":"dagbag.py","lineno":469}
{"timestamp":"2026-09-19T12:29:23.097474Z","level":"info","event":"Filling up the DagBag from /opt/airflow/dags/aws_project.py","logger":"airflow.dag_processing.dagbag.BundleDagBag","filename":"dagbag.py","lineno":469}
{"timestamp":"2026-09-19T12:29:53.939139Z","level":"info","event":"Filling up the DagBag from /opt/airflow/dags/aws_project.py","logger":"airflow.dag_processing.dagbag.BundleDagBag","filename":"dagbag.py","lineno":469}
{"timestamp":"2026-09-19T12:30:24.765896Z","level":"info","event":"Filling up the DagBag from /opt/airflow/dags/aws_project.py","logger":"airflow.dag_processing.dagbag.BundleDagBag","filename":"dagbag.py","lineno":469}
{"timestamp":"2026-09-19T12:30:55.645855Z","level":"info","event":"Filling up the DagBag from /opt/airflow/dags/aws_project.py","logger":"airflow.dag_processing.dagbag.BundleDagBag","filename":"dagbag.py","lineno":469}
{"timestamp":"2026-09-19T12:31:26.449931Z","level":"info","event":"Filling up the DagBag from /opt/airflow/dags/aws_project.py","logger":"airflow.dag_processing.dagbag.BundleDagBag","filename":"dagbag.py","lineno":469}
{"timestamp":"2026-09-19T12:31:57.538621Z","level":"info","event":"Filling up the DagBag from /opt/airflow/dags/aws_project.py","logger":"airflow.dag_processing.dagbag.BundleDagBag","filename":"dagbag.py","lineno":469}
{"timestamp":"2026-09-19T12:32:28.349398Z","level":"info","event":"Filling up the DagBag from /opt/airflow/dags/aws_project.py","logger":"airflow.dag_processing.dagbag.BundleDagBag","filename":"dagbag.py","lineno":469}
{"timestamp":"2026-09-19T12:32:59.158172Z","level":"info","event":"Filling up the DagBag from /opt/airflow/dags/aws_project.py","logger":"airflow.dag_processing.dagbag.BundleDagBag","filename":"dagbag.py","lineno":469}
{"timestamp":"2026-09-19T12:33:29.951836Z","level":"info","event":"Filling up the DagBag from /opt/airflow/dags/aws_project.py","logger":"airflow.dag_processing.dagbag.BundleDagBag","filename":"dagbag.py","lineno":469}
{"timestamp":"2026-09-19T12:34:00.800098Z","level":"info","event":"Filling up the DagBag from /opt/airflow/dags/aws_project.py","logger":"airflow.dag_processing.dagbag.BundleDagBag","filename":"dagbag.py","lineno":469}
{"timestamp":"2026-09-19T12:34:31.661743Z","level":"info","event":"Filling up the DagBag from /opt/airflow/dags/aws_project.py","logger":"airflow.dag_processing.dagbag.BundleDagBag","filename":"dagbag.py","lineno":469}
{"timestamp":"2026-09-19T12:34:36.453551Z","level":"info","event":"Filling up the DagBag from /opt/airflow/dags/aws_project.py","logger":"airflow.dag_processing.dagbag.BundleDagBag","filename":"dagbag.py","lineno":469}
{"timestamp":"2026-09-19T12:34:40.189736Z","level":"info","event":"Filling up the DagBag from /opt/airflow/dags/aws_project.py","logger":"airflow.dag_processing.dagbag.BundleDagBag","filename":"dagbag.py","lineno":469}
{"timestamp":"2026-09-19T12:34:45.880942Z","level":"info","event":"Filling up the DagBag from /opt/airflow/dags/aws_project.py","logger":"airflow.dag_processing.dagbag.BundleDagBag","filename":"dagbag.py","lineno":469}
{"timestamp":"2026-09-19T12:35:12.744150Z","level":"info","event":"Filling up the DagBag from /opt/airflow/dags/aws_project.py","logger":"airflow.dag_processing.dagbag.BundleDagBag","filename":"dagbag.py","lineno":469}
{"timestamp":"2026-09-19T12:35:43.566434Z","level":"info","event":"Filling up the DagBag from /opt/airflow/dags/aws_project.py","logger":"airflow.dag_processing.dagbag.BundleDagBag","filename":"dagbag.py","lineno":469}
{"timestamp":"2026-09-19T12:36:14.352193Z","level":"info","event":"Filling up the DagBag from /opt/airflow/dags/aws_project.py","logger":"airflow.dag_processing.dagbag.BundleDagBag","filename":"dagbag.py","lineno":469}
{"timestamp":"2026-09-19T12:36:45.140837Z","level":"info","event":"Filling up the DagBag from /opt/airflow/dags/aws_project.py","logger":"airflow.dag_processing.dagbag.BundleDagBag","filename":"dagbag.py","lineno":469}
{"timestamp":"2026-09-19T12:37:16.216356Z","level":"info","event":"Filling up the DagBag from /opt/airflow/dags/aws_project.py","logger":"airflow.dag_processing.dagbag.BundleDagBag","filename":"dagbag.py","lineno":469}
{"timestamp":"2026-09-19T12:37:47.206178Z","level":"info","event":"Filling up the DagBag from /opt/airflow/dags/aws_project.py","logger":"airflow.dag_processing.dagbag.BundleDagBag","filename":"dagbag.py","lineno":469}
{"timestamp":"2026-09-19T12:38:17.988146Z","level":"info","event":"Filling up the DagBag from /opt/airflow/dags/aws_project.py","logger":"airflow.dag_processing.dagbag.BundleDagBag","filename":"dagbag.py","lineno":469}
{"timestamp":"2026-09-19T12:38:48.820259Z","level":"info","event":"Filling up the DagBag from /opt/airflow/dags/aws_project.py","logger":"airflow.dag_processing.dagbag.BundleDagBag","filename":"dagbag.py","lineno":469}
{"timestamp":"2026-09-19T12:38:52.597671Z","level":"info","event":"Filling up the DagBag from /opt/airflow/dags/aws_project.py","logger":"airflow.dag_processing.dagbag.BundleDagBag","filename":"dagbag.py","lineno":469}
{"timestamp":"2026-09-19T12:38:53.148205Z","level":"error","event":"Failed to import: /opt/airflow/dags/aws_project.py","logger":"airflow.dag_processing.importers.python_importer","filename":"python_importer.py","lineno":244,"error_detail":[{"exc_type":"DuplicateTaskIdFound","exc_value":"Task id 'trigger_dbt_via_api' has already been added to the Dag","exc_notes":[],"syntax_error":null,"is_cause":false,"frames":[{"filename":"/home/airflow/.local/lib/python3.13/site-packages/airflow/dag_processing/importers/python_importer.py","lineno":238,"name":"parse"},{"filename":"<frozen importlib._bootstrap_external>","lineno":1023,"name":"exec_module"},{"filename":"<frozen importlib._bootstrap>","lineno":488,"name":"_call_with_frames_removed"},{"filename":"/opt/airflow/dags/aws_project.py","lineno":88,"name":"<module>"},{"filename":"/home/airflow/.local/lib/python3.13/site-packages/airflow/sdk/definitions/dag.py","lineno":1629,"name":"factory"},{"filename":"/opt/airflow/dags/aws_project.py","lineno":72,"name":"aws_project"},{"filename":"/home/airflow/.local/lib/python3.13/site-packages/airflow/sdk/bases/operator.py","lineno":548,"name":"apply_defaults"},{"filename":"/home/airflow/.local/lib/python3.13/site-packages/airflow/providers/http/operators/http.py","lineno":125,"name":"__init__"},{"filename":"/home/airflow/.local/lib/python3.13/site-packages/airflow/sdk/bases/operator.py","lineno":548,"name":"apply_defaults"},{"filename":"/home/airflow/.local/lib/python3.13/site-packages/airflow/sdk/bases/operator.py","lineno":1070,"name":"__init__"},{"filename":"/home/airflow/.local/lib/python3.13/site-packages/airflow/sdk/definitions/taskgroup.py","lineno":242,"name":"add"}],"is_group":false,"exceptions":[]}]}
{"timestamp":"2026-09-19T12:38:53.211409Z","level":"error","event":"Error loading DAG from aws_project.py: Task id 'trigger_dbt_via_api' has already been added to the Dag","logger":"airflow.dag_processing.dagbag.BundleDagBag","filename":"dagbag.py","lineno":327}
{"timestamp":"2026-09-19T12:39:19.407709Z","level":"info","event":"Filling up the DagBag from /opt/airflow/dags/aws_project.py","logger":"airflow.dag_processing.dagbag.BundleDagBag","filename":"dagbag.py","lineno":469}
{"timestamp":"2026-09-19T12:39:27.059837Z","level":"info","event":"Filling up the DagBag from /opt/airflow/dags/aws_project.py","logger":"airflow.dag_processing.dagbag.BundleDagBag","filename":"dagbag.py","lineno":469}
{"timestamp":"2026-09-19T12:39:33.726476Z","level":"info","event":"Filling up the DagBag from /opt/airflow/dags/aws_project.py","logger":"airflow.dag_processing.dagbag.BundleDagBag","filename":"dagbag.py","lineno":469}
{"timestamp":"2026-09-19T12:40:04.537159Z","level":"info","event":"Filling up the DagBag from /opt/airflow/dags/aws_project.py","logger":"airflow.dag_processing.dagbag.BundleDagBag","filename":"dagbag.py","lineno":469}
{"timestamp":"2026-09-19T12:40:35.336975Z","level":"info","event":"Filling up the DagBag from /opt/airflow/dags/aws_project.py","logger":"airflow.dag_processing.dagbag.BundleDagBag","filename":"dagbag.py","lineno":469}
{"timestamp":"2026-09-19T12:41:06.193198Z","level":"info","event":"Filling up the DagBag from /opt/airflow/dags/aws_project.py","logger":"airflow.dag_processing.dagbag.BundleDagBag","filename":"dagbag.py","lineno":469}
{"timestamp":"2026-09-19T12:41:37.008168Z","level":"info","event":"Filling up the DagBag from /opt/airflow/dags/aws_project.py","logger":"airflow.dag_processing.dagbag.BundleDagBag","filename":"dagbag.py","lineno":469}
{"timestamp":"2026-09-19T12:42:07.797487Z","level":"info","event":"Filling up the DagBag from /opt/airflow/dags/aws_project.py","logger":"airflow.dag_processing.dagbag.BundleDagBag","filename":"dagbag.py","lineno":469}
{"timestamp":"2026-09-19T12:42:38.584363Z","level":"info","event":"Filling up the DagBag from /opt/airflow/dags/aws_project.py","logger":"airflow.dag_processing.dagbag.BundleDagBag","filename":"dagbag.py","lineno":469}
{"timestamp":"2026-09-19T12:43:09.411875Z","level":"info","event":"Filling up the DagBag from /opt/airflow/dags/aws_project.py","logger":"airflow.dag_processing.dagbag.BundleDagBag","filename":"dagbag.py","lineno":469}
{"timestamp":"2026-09-19T12:43:40.174262Z","level":"info","event":"Filling up the DagBag from /opt/airflow/dags/aws_project.py","logger":"airflow.dag_processing.dagbag.BundleDagBag","filename":"dagbag.py","lineno":469}
{"timestamp":"2026-09-19T12:44:10.987397Z","level":"info","event":"Filling up the DagBag from /opt/airflow/dags/aws_project.py","logger":"airflow.dag_processing.dagbag.BundleDagBag","filename":"dagbag.py","lineno":469}
{"timestamp":"2026-09-19T12:44:41.723911Z","level":"info","event":"Filling up the DagBag from /opt/airflow/dags/aws_project.py","logger":"airflow.dag_processing.dagbag.BundleDagBag","filename":"dagbag.py","lineno":469}
{"timestamp":"2026-09-19T12:45:12.474764Z","level":"info","event":"Filling up the DagBag from /opt/airflow/dags/aws_project.py","logger":"airflow.dag_processing.dagbag.BundleDagBag","filename":"dagbag.py","lineno":469}
{"timestamp":"2026-09-19T12:45:43.297721Z","level":"info","event":"Filling up the DagBag from /opt/airflow/dags/aws_project.py","logger":"airflow.dag_processing.dagbag.BundleDagBag","filename":"dagbag.py","lineno":469}
{"timestamp":"2026-09-19T12:46:14.163809Z","level":"info","event":"Filling up the DagBag from /opt/airflow/dags/aws_project.py","logger":"airflow.dag_processing.dagbag.BundleDagBag","filename":"dagbag.py","lineno":469}
{"timestamp":"2026-09-19T12:46:44.954899Z","level":"info","event":"Filling up the DagBag from /opt/airflow/dags/aws_project.py","logger":"airflow.dag_processing.dagbag.BundleDagBag","filename":"dagbag.py","lineno":469}
{"timestamp":"2026-09-19T12:47:15.733276Z","level":"info","event":"Filling up the DagBag from /opt/airflow/dags/aws_project.py","logger":"airflow.dag_processing.dagbag.BundleDagBag","filename":"dagbag.py","lineno":469}
{"timestamp":"2026-09-19T12:47:30.657543Z","level":"info","event":"Filling up the DagBag from /opt/airflow/dags/aws_project.py","logger":"airflow.dag_processing.dagbag.BundleDagBag","filename":"dagbag.py","lineno":469}
{"timestamp":"2026-09-19T12:47:32.399444Z","level":"info","event":"Filling up the DagBag from /opt/airflow/dags/aws_project.py","logger":"airflow.dag_processing.dagbag.BundleDagBag","filename":"dagbag.py","lineno":469}
{"timestamp":"2026-09-19T12:47:34.969745Z","level":"info","event":"Filling up the DagBag from /opt/airflow/dags/aws_project.py","logger":"airflow.dag_processing.dagbag.BundleDagBag","filename":"dagbag.py","lineno":469}
{"timestamp":"2026-09-19T12:48:05.803491Z","level":"info","event":"Filling up the DagBag from /opt/airflow/dags/aws_project.py","logger":"airflow.dag_processing.dagbag.BundleDagBag","filename":"dagbag.py","lineno":469}
{"timestamp":"2026-09-19T12:48:36.585085Z","level":"info","event":"Filling up the DagBag from /opt/airflow/dags/aws_project.py","logger":"airflow.dag_processing.dagbag.BundleDagBag","filename":"dagbag.py","lineno":469}
{"timestamp":"2026-09-19T12:49:07.363830Z","level":"info","event":"Filling up the DagBag from /opt/airflow/dags/aws_project.py","logger":"airflow.dag_processing.dagbag.BundleDagBag","filename":"dagbag.py","lineno":469}
{"timestamp":"2026-09-19T12:49:38.138853Z","level":"info","event":"Filling up the DagBag from /opt/airflow/dags/aws_project.py","logger":"airflow.dag_processing.dagbag.BundleDagBag","filename":"dagbag.py","lineno":469}
{"timestamp":"2026-09-19T12:50:08.875163Z","level":"info","event":"Filling up the DagBag from /opt/airflow/dags/aws_project.py","logger":"airflow.dag_processing.dagbag.BundleDagBag","filename":"dagbag.py","lineno":469}
{"timestamp":"2026-09-19T12:50:39.638825Z","level":"info","event":"Filling up the DagBag from /opt/airflow/dags/aws_project.py","logger":"airflow.dag_processing.dagbag.BundleDagBag","filename":"dagbag.py","lineno":469}
{"timestamp":"2026-09-19T12:51:10.448426Z","level":"info","event":"Filling up the DagBag from /opt/airflow/dags/aws_project.py","logger":"airflow.dag_processing.dagbag.BundleDagBag","filename":"dagbag.py","lineno":469}
{"timestamp":"2026-09-19T12:51:41.230347Z","level":"info","event":"Filling up the DagBag from /opt/airflow/dags/aws_project.py","logger":"airflow.dag_processing.dagbag.BundleDagBag","filename":"dagbag.py","lineno":469}
{"timestamp":"2026-09-19T12:52:11.978078Z","level":"info","event":"Filling up the DagBag from /opt/airflow/dags/aws_project.py","logger":"airflow.dag_processing.dagbag.BundleDagBag","filename":"dagbag.py","lineno":469}
{"timestamp":"2026-09-19T12:52:42.917753Z","level":"info","event":"Filling up the DagBag from /opt/airflow/dags/aws_project.py","logger":"airflow.dag_processing.dagbag.BundleDagBag","filename":"dagbag.py","lineno":469}
{"timestamp":"2026-09-19T12:52:55.925620Z","level":"info","event":"Filling up the DagBag from /opt/airflow/dags/aws_project.py","logger":"airflow.dag_processing.dagbag.BundleDagBag","filename":"dagbag.py","lineno":469}
{"timestamp":"2026-09-19T12:53:26.767063Z","level":"info","event":"Filling up the DagBag from /opt/airflow/dags/aws_project.py","logger":"airflow.dag_processing.dagbag.BundleDagBag","filename":"dagbag.py","lineno":469}
{"timestamp":"2026-09-19T12:53:57.512554Z","level":"info","event":"Filling up the DagBag from /opt/airflow/dags/aws_project.py","logger":"airflow.dag_processing.dagbag.BundleDagBag","filename":"dagbag.py","lineno":469}
{"timestamp":"2026-09-19T12:54:28.279407Z","level":"info","event":"Filling up the DagBag from /opt/airflow/dags/aws_project.py","logger":"airflow.dag_processing.dagbag.BundleDagBag","filename":"dagbag.py","lineno":469}
{"timestamp":"2026-09-19T12:54:59.129193Z","level":"info","event":"Filling up the DagBag from /opt/airflow/dags/aws_project.py","logger":"airflow.dag_processing.dagbag.BundleDagBag","filename":"dagbag.py","lineno":469}
{"timestamp":"2026-09-19T12:55:29.955194Z","level":"info","event":"Filling up the DagBag from /opt/airflow/dags/aws_project.py","logger":"airflow.dag_processing.dagbag.BundleDagBag","filename":"dagbag.py","lineno":469}
{"timestamp":"2026-09-19T12:56:00.885933Z","level":"info","event":"Filling up the DagBag from /opt/airflow/dags/aws_project.py","logger":"airflow.dag_processing.dagbag.BundleDagBag","filename":"dagbag.py","lineno":469}
{"timestamp":"2026-09-19T12:56:31.632929Z","level":"info","event":"Filling up the DagBag from /opt/airflow/dags/aws_project.py","logger":"airflow.dag_processing.dagbag.BundleDagBag","filename":"dagbag.py","lineno":469}
{"timestamp":"2026-09-19T12:57:02.362838Z","level":"info","event":"Filling up the DagBag from /opt/airflow/dags/aws_project.py","logger":"airflow.dag_processing.dagbag.BundleDagBag","filename":"dagbag.py","lineno":469}
{"timestamp":"2026-09-19T12:57:33.123351Z","level":"info","event":"Filling up the DagBag from /opt/airflow/dags/aws_project.py","logger":"airflow.dag_processing.dagbag.BundleDagBag","filename":"dagbag.py","lineno":469}
{"timestamp":"2026-09-19T12:58:03.877612Z","level":"info","event":"Filling up the DagBag from /opt/airflow/dags/aws_project.py","logger":"airflow.dag_processing.dagbag.BundleDagBag","filename":"dagbag.py","lineno":469}
{"timestamp":"2026-09-19T12:58:34.915133Z","level":"info","event":"Filling up the DagBag from /opt/airflow/dags/aws_project.py","logger":"airflow.dag_processing.dagbag.BundleDagBag","filename":"dagbag.py","lineno":469}
{"timestamp":"2026-09-19T12:59:05.697745Z","level":"info","event":"Filling up the DagBag from /opt/airflow/dags/aws_project.py","logger":"airflow.dag_processing.dagbag.BundleDagBag","filename":"dagbag.py","lineno":469}
{"timestamp":"2026-09-19T12:59:36.453126Z","level":"info","event":"Filling up the DagBag from /opt/airflow/dags/aws_project.py","logger":"airflow.dag_processing.dagbag.BundleDagBag","filename":"dagbag.py","lineno":469}
{"timestamp":"2026-09-19T12:59:47.121065Z","level":"info","event":"Filling up the DagBag from /opt/airflow/dags/aws_project.py","logger":"airflow.dag_processing.dagbag.BundleDagBag","filename":"dagbag.py","lineno":469}
{"timestamp":"2026-09-19T13:00:17.889668Z","level":"info","event":"Filling up the DagBag from /opt/airflow/dags/aws_project.py","logger":"airflow.dag_processing.dagbag.BundleDagBag","filename":"dagbag.py","lineno":469}
{"timestamp":"2026-09-19T13:00:34.564999Z","level":"info","event":"Filling up the DagBag from /opt/airflow/dags/aws_project.py","logger":"airflow.dag_processing.dagbag.BundleDagBag","filename":"dagbag.py","lineno":469}
{"timestamp":"2026-09-19T13:01:05.322374Z","level":"info","event":"Filling up the DagBag from /opt/airflow/dags/aws_project.py","logger":"airflow.dag_processing.dagbag.BundleDagBag","filename":"dagbag.py","lineno":469}
{"timestamp":"2026-09-19T13:01:29.324206Z","level":"info","event":"Filling up the DagBag from /opt/airflow/dags/aws_project.py","logger":"airflow.dag_processing.dagbag.BundleDagBag","filename":"dagbag.py","lineno":469}
{"timestamp":"2026-09-19T13:02:00.139782Z","level":"info","event":"Filling up the DagBag from /opt/airflow/dags/aws_project.py","logger":"airflow.dag_processing.dagbag.BundleDagBag","filename":"dagbag.py","lineno":469}
{"timestamp":"2026-09-19T13:02:30.952977Z","level":"info","event":"Filling up the DagBag from /opt/airflow/dags/aws_project.py","logger":"airflow.dag_processing.dagbag.BundleDagBag","filename":"dagbag.py","lineno":469}
{"timestamp":"2026-09-19T13:03:01.718103Z","level":"info","event":"Filling up the DagBag from /opt/airflow/dags/aws_project.py","logger":"airflow.dag_processing.dagbag.BundleDagBag","filename":"dagbag.py","lineno":469}
{"timestamp":"2026-09-19T13:03:32.469970Z","level":"info","event":"Filling up the DagBag from /opt/airflow/dags/aws_project.py","logger":"airflow.dag_processing.dagbag.BundleDagBag","filename":"dagbag.py","lineno":469}
{"timestamp":"2026-09-19T13:04:03.502135Z","level":"info","event":"Filling up the DagBag from /opt/airflow/dags/aws_project.py","logger":"airflow.dag_processing.dagbag.BundleDagBag","filename":"dagbag.py","lineno":469}
{"timestamp":"2026-09-19T13:04:34.247609Z","level":"info","event":"Filling up the DagBag from /opt/airflow/dags/aws_project.py","logger":"airflow.dag_processing.dagbag.BundleDagBag","filename":"dagbag.py","lineno":469}
{"timestamp":"2026-09-19T13:05:04.995553Z","level":"info","event":"Filling up the DagBag from /opt/airflow/dags/aws_project.py","logger":"airflow.dag_processing.dagbag.BundleDagBag","filename":"dagbag.py","lineno":469}
{"timestamp":"2026-09-19T13:05:35.747709Z","level":"info","event":"Filling up the DagBag from /opt/airflow/dags/aws_project.py","logger":"airflow.dag_processing.dagbag.BundleDagBag","filename":"dagbag.py","lineno":469}
{"timestamp":"2026-09-19T13:06:06.514931Z","level":"info","event":"Filling up the DagBag from /opt/airflow/dags/aws_project.py","logger":"airflow.dag_processing.dagbag.BundleDagBag","filename":"dagbag.py","lineno":469}
{"timestamp":"2026-09-19T13:06:37.615508Z","level":"info","event":"Filling up the DagBag from /opt/airflow/dags/aws_project.py","logger":"airflow.dag_processing.dagbag.BundleDagBag","filename":"dagbag.py","lineno":469}
{"timestamp":"2026-09-19T13:07:08.760554Z","level":"info","event":"Filling up the DagBag from /opt/airflow/dags/aws_project.py","logger":"airflow.dag_processing.dagbag.BundleDagBag","filename":"dagbag.py","lineno":469}
{"timestamp":"2026-09-19T13:07:16.404051Z","level":"info","event":"Filling up the DagBag from /opt/airflow/dags/aws_project.py","logger":"airflow.dag_processing.dagbag.BundleDagBag","filename":"dagbag.py","lineno":469}
{"timestamp":"2026-09-19T13:07:47.185980Z","level":"info","event":"Filling up the DagBag from /opt/airflow/dags/aws_project.py","logger":"airflow.dag_processing.dagbag.BundleDagBag","filename":"dagbag.py","lineno":469}
{"timestamp":"2026-09-19T13:08:18.015260Z","level":"info","event":"Filling up the DagBag from /opt/airflow/dags/aws_project.py","logger":"airflow.dag_processing.dagbag.BundleDagBag","filename":"dagbag.py","lineno":469}
{"timestamp":"2026-09-19T13:08:49.051903Z","level":"info","event":"Filling up the DagBag from /opt/airflow/dags/aws_project.py","logger":"airflow.dag_processing.dagbag.BundleDagBag","filename":"dagbag.py","lineno":469}
{"timestamp":"2026-09-19T13:09:20.138314Z","level":"info","event":"Filling up the DagBag from /opt/airflow/dags/aws_project.py","logger":"airflow.dag_processing.dagbag.BundleDagBag","filename":"dagbag.py","lineno":469}
{"timestamp":"2026-09-19T13:09:50.897535Z","level":"info","event":"Filling up the DagBag from /opt/airflow/dags/aws_project.py","logger":"airflow.dag_processing.dagbag.BundleDagBag","filename":"dagbag.py","lineno":469}
{"timestamp":"2026-09-19T13:10:21.692804Z","level":"info","event":"Filling up the DagBag from /opt/airflow/dags/aws_project.py","logger":"airflow.dag_processing.dagbag.BundleDagBag","filename":"dagbag.py","lineno":469}
{"timestamp":"2026-09-19T13:10:52.448097Z","level":"info","event":"Filling up the DagBag from /opt/airflow/dags/aws_project.py","logger":"airflow.dag_processing.dagbag.BundleDagBag","filename":"dagbag.py","lineno":469}
{"timestamp":"2026-09-19T13:11:10.143220Z","level":"info","event":"Filling up the DagBag from /opt/airflow/dags/aws_project.py","logger":"airflow.dag_processing.dagbag.BundleDagBag","filename":"dagbag.py","lineno":469}
{"timestamp":"2026-09-19T13:11:40.888226Z","level":"info","event":"Filling up the DagBag from /opt/airflow/dags/aws_project.py","logger":"airflow.dag_processing.dagbag.BundleDagBag","filename":"dagbag.py","lineno":469}
{"timestamp":"2026-09-19T13:12:11.645646Z","level":"info","event":"Filling up the DagBag from /opt/airflow/dags/aws_project.py","logger":"airflow.dag_processing.dagbag.BundleDagBag","filename":"dagbag.py","lineno":469}
{"timestamp":"2026-09-19T13:12:42.663779Z","level":"info","event":"Filling up the DagBag from /opt/airflow/dags/aws_project.py","logger":"airflow.dag_processing.dagbag.BundleDagBag","filename":"dagbag.py","lineno":469}
{"timestamp":"2026-09-19T13:13:13.514117Z","level":"info","event":"Filling up the DagBag from /opt/airflow/dags/aws_project.py","logger":"airflow.dag_processing.dagbag.BundleDagBag","filename":"dagbag.py","lineno":469}
{"timestamp":"2026-09-19T13:13:44.359391Z","level":"info","event":"Filling up the DagBag from /opt/airflow/dags/aws_project.py","logger":"airflow.dag_processing.dagbag.BundleDagBag","filename":"dagbag.py","lineno":469}
{"timestamp":"2026-09-19T13:14:15.169737Z","level":"info","event":"Filling up the DagBag from /opt/airflow/dags/aws_project.py","logger":"airflow.dag_processing.dagbag.BundleDagBag","filename":"dagbag.py","lineno":469}
{"timestamp":"2026-09-19T13:14:46.040156Z","level":"info","event":"Filling up the DagBag from /opt/airflow/dags/aws_project.py","logger":"airflow.dag_processing.dagbag.BundleDagBag","filename":"dagbag.py","lineno":469}
{"timestamp":"2026-09-19T13:15:16.822753Z","level":"info","event":"Filling up the DagBag from /opt/airflow/dags/aws_project.py","logger":"airflow.dag_processing.dagbag.BundleDagBag","filename":"dagbag.py","lineno":469}
{"timestamp":"2026-09-19T13:15:47.562933Z","level":"info","event":"Filling up the DagBag from /opt/airflow/dags/aws_project.py","logger":"airflow.dag_processing.dagbag.BundleDagBag","filename":"dagbag.py","lineno":469}
{"timestamp":"2026-09-19T13:16:18.302022Z","level":"info","event":"Filling up the DagBag from /opt/airflow/dags/aws_project.py","logger":"airflow.dag_processing.dagbag.BundleDagBag","filename":"dagbag.py","lineno":469}
{"timestamp":"2026-09-19T13:16:49.038825Z","level":"info","event":"Filling up the DagBag from /opt/airflow/dags/aws_project.py","logger":"airflow.dag_processing.dagbag.BundleDagBag","filename":"dagbag.py","lineno":469}
{"timestamp":"2026-09-19T13:17:19.799306Z","level":"info","event":"Filling up the DagBag from /opt/airflow/dags/aws_project.py","logger":"airflow.dag_processing.dagbag.BundleDagBag","filename":"dagbag.py","lineno":469}
{"timestamp":"2026-09-19T13:17:50.570386Z","level":"info","event":"Filling up the DagBag from /opt/airflow/dags/aws_project.py","logger":"airflow.dag_processing.dagbag.BundleDagBag","filename":"dagbag.py","lineno":469}
{"timestamp":"2026-09-19T13:18:21.346324Z","level":"info","event":"Filling up the DagBag from /opt/airflow/dags/aws_project.py","logger":"airflow.dag_processing.dagbag.BundleDagBag","filename":"dagbag.py","lineno":469}
{"timestamp":"2026-09-19T13:18:52.124822Z","level":"info","event":"Filling up the DagBag from /opt/airflow/dags/aws_project.py","logger":"airflow.dag_processing.dagbag.BundleDagBag","filename":"dagbag.py","lineno":469}
{"timestamp":"2026-09-19T13:18:52.650946Z","level":"error","event":"Failed to import: /opt/airflow/dags/aws_project.py","logger":"airflow.dag_processing.importers.python_importer","filename":"python_importer.py","lineno":244,"error_detail":[{"exc_type":"NameError","exc_value":"name 'DbtCloudRunJobOperator' is not defined","exc_notes":[],"syntax_error":null,"is_cause":false,"frames":[{"filename":"/home/airflow/.local/lib/python3.13/site-packages/airflow/dag_processing/importers/python_importer.py","lineno":238,"name":"parse"},{"filename":"<frozen importlib._bootstrap_external>","lineno":1023,"name":"exec_module"},{"filename":"<frozen importlib._bootstrap>","lineno":488,"name":"_call_with_frames_removed"},{"filename":"/opt/airflow/dags/aws_project.py","lineno":90,"name":"<module>"},{"filename":"/home/airflow/.local/lib/python3.13/site-packages/airflow/sdk/definitions/dag.py","lineno":1629,"name":"factory"},{"filename":"/opt/airflow/dags/aws_project.py","lineno":75,"name":"aws_project"}],"is_group":false,"exceptions":[]}]}
{"timestamp":"2026-09-19T13:18:52.658364Z","level":"error","event":"Error loading DAG from aws_project.py: name 'DbtCloudRunJobOperator' is not defined","logger":"airflow.dag_processing.dagbag.BundleDagBag","filename":"dagbag.py","lineno":327}
{"timestamp":"2026-09-19T13:18:58.738236Z","level":"info","event":"Filling up the DagBag from /opt/airflow/dags/aws_project.py","logger":"airflow.dag_processing.dagbag.BundleDagBag","filename":"dagbag.py","lineno":469}
{"timestamp":"2026-09-19T13:18:59.367159Z","level":"error","event":"Failed to import: /opt/airflow/dags/aws_project.py","logger":"airflow.dag_processing.importers.python_importer","filename":"python_importer.py","lineno":244,"error_detail":[{"exc_type":"NameError","exc_value":"name 'DbtCloudRunJobOperator' is not defined","exc_notes":[],"syntax_error":null,"is_cause":false,"frames":[{"filename":"/home/airflow/.local/lib/python3.13/site-packages/airflow/dag_processing/importers/python_importer.py","lineno":238,"name":"parse"},{"filename":"<frozen importlib._bootstrap_external>","lineno":1023,"name":"exec_module"},{"filename":"<frozen importlib._bootstrap>","lineno":488,"name":"_call_with_frames_removed"},{"filename":"/opt/airflow/dags/aws_project.py","lineno":90,"name":"<module>"},{"filename":"/home/airflow/.local/lib/python3.13/site-packages/airflow/sdk/definitions/dag.py","lineno":1629,"name":"factory"},{"filename":"/opt/airflow/dags/aws_project.py","lineno":75,"name":"aws_project"}],"is_group":false,"exceptions":[]}]}
{"timestamp":"2026-09-19T13:18:59.369446Z","level":"error","event":"Error loading DAG from aws_project.py: name 'DbtCloudRunJobOperator' is not defined","logger":"airflow.dag_processing.dagbag.BundleDagBag","filename":"dagbag.py","lineno":327}
{"timestamp":"2026-09-19T13:19:06.454869Z","level":"info","event":"Filling up the DagBag from /opt/airflow/dags/aws_project.py","logger":"airflow.dag_processing.dagbag.BundleDagBag","filename":"dagbag.py","lineno":469}
{"timestamp":"2026-09-19T13:19:06.458400Z","level":"error","event":"Failed to import: /opt/airflow/dags/aws_project.py","logger":"airflow.dag_processing.importers.python_importer","filename":"python_importer.py","lineno":244,"error_detail":[{"exc_type":"SyntaxError","exc_value":"'(' was never closed (aws_project.py, line 88)","exc_notes":[],"syntax_error":{"offset":90,"filename":"/opt/airflow/dags/aws_project.py","line":"    extract_load_task >> trigger_databricks>>    trigger_dbt_job = DbtCloudRunJobOperator(\n","lineno":88,"msg":"'(' was never closed"},"is_cause":false,"frames":[{"filename":"/home/airflow/.local/lib/python3.13/site-packages/airflow/dag_processing/importers/python_importer.py","lineno":238,"name":"parse"},{"filename":"<frozen importlib._bootstrap_external>","lineno":1019,"name":"exec_module"},{"filename":"<frozen importlib._bootstrap_external>","lineno":1157,"name":"get_code"},{"filename":"<frozen importlib._bootstrap_external>","lineno":1087,"name":"source_to_code"},{"filename":"<frozen importlib._bootstrap>","lineno":488,"name":"_call_with_frames_removed"}],"is_group":false,"exceptions":[]}]}
{"timestamp":"2026-09-19T13:19:06.459599Z","level":"error","event":"Error loading DAG from aws_project.py: '(' was never closed (aws_project.py, line 88)","logger":"airflow.dag_processing.dagbag.BundleDagBag","filename":"dagbag.py","lineno":327}
{"timestamp":"2026-09-19T13:19:08.536969Z","level":"info","event":"Filling up the DagBag from /opt/airflow/dags/aws_project.py","logger":"airflow.dag_processing.dagbag.BundleDagBag","filename":"dagbag.py","lineno":469}
{"timestamp":"2026-09-19T13:19:09.486786Z","level":"error","event":"Failed to import: /opt/airflow/dags/aws_project.py","logger":"airflow.dag_processing.importers.python_importer","filename":"python_importer.py","lineno":244,"error_detail":[{"exc_type":"NameError","exc_value":"name 'DbtCloudRunJobOperator' is not defined","exc_notes":[],"syntax_error":null,"is_cause":false,"frames":[{"filename":"/home/airflow/.local/lib/python3.13/site-packages/airflow/dag_processing/importers/python_importer.py","lineno":238,"name":"parse"},{"filename":"<frozen importlib._bootstrap_external>","lineno":1023,"name":"exec_module"},{"filename":"<frozen importlib._bootstrap>","lineno":488,"name":"_call_with_frames_removed"},{"filename":"/opt/airflow/dags/aws_project.py","lineno":90,"name":"<module>"},{"filename":"/home/airflow/.local/lib/python3.13/site-packages/airflow/sdk/definitions/dag.py","lineno":1629,"name":"factory"},{"filename":"/opt/airflow/dags/aws_project.py","lineno":75,"name":"aws_project"}],"is_group":false,"exceptions":[]}]}
{"timestamp":"2026-09-19T13:19:09.488553Z","level":"error","event":"Error loading DAG from aws_project.py: name 'DbtCloudRunJobOperator' is not defined","logger":"airflow.dag_processing.dagbag.BundleDagBag","filename":"dagbag.py","lineno":327}
{"timestamp":"2026-09-19T13:19:12.553870Z","level":"info","event":"Filling up the DagBag from /opt/airflow/dags/aws_project.py","logger":"airflow.dag_processing.dagbag.BundleDagBag","filename":"dagbag.py","lineno":469}
{"timestamp":"2026-09-19T13:19:13.147563Z","level":"error","event":"Failed to import: /opt/airflow/dags/aws_project.py","logger":"airflow.dag_processing.importers.python_importer","filename":"python_importer.py","lineno":244,"error_detail":[{"exc_type":"NameError","exc_value":"name 'DbtCloudRunJobOperator' is not defined","exc_notes":[],"syntax_error":null,"is_cause":false,"frames":[{"filename":"/home/airflow/.local/lib/python3.13/site-packages/airflow/dag_processing/importers/python_importer.py","lineno":238,"name":"parse"},{"filename":"<frozen importlib._bootstrap_external>","lineno":1023,"name":"exec_module"},{"filename":"<frozen importlib._bootstrap>","lineno":488,"name":"_call_with_frames_removed"},{"filename":"/opt/airflow/dags/aws_project.py","lineno":90,"name":"<module>"},{"filename":"/home/airflow/.local/lib/python3.13/site-packages/airflow/sdk/definitions/dag.py","lineno":1629,"name":"factory"},{"filename":"/opt/airflow/dags/aws_project.py","lineno":75,"name":"aws_project"}],"is_group":false,"exceptions":[]}]}
{"timestamp":"2026-09-19T13:19:13.149769Z","level":"error","event":"Error loading DAG from aws_project.py: name 'DbtCloudRunJobOperator' is not defined","logger":"airflow.dag_processing.dagbag.BundleDagBag","filename":"dagbag.py","lineno":327}
{"timestamp":"2026-09-19T13:19:30.289775Z","level":"info","event":"Filling up the DagBag from /opt/airflow/dags/aws_project.py","logger":"airflow.dag_processing.dagbag.BundleDagBag","filename":"dagbag.py","lineno":469}
{"timestamp":"2026-09-19T13:19:30.819014Z","level":"error","event":"Failed to import: /opt/airflow/dags/aws_project.py","logger":"airflow.dag_processing.importers.python_importer","filename":"python_importer.py","lineno":244,"error_detail":[{"exc_type":"NameError","exc_value":"name 'DbtCloudRunJobOperator' is not defined","exc_notes":[],"syntax_error":null,"is_cause":false,"frames":[{"filename":"/home/airflow/.local/lib/python3.13/site-packages/airflow/dag_processing/importers/python_importer.py","lineno":238,"name":"parse"},{"filename":"<frozen importlib._bootstrap_external>","lineno":1023,"name":"exec_module"},{"filename":"<frozen importlib._bootstrap>","lineno":488,"name":"_call_with_frames_removed"},{"filename":"/opt/airflow/dags/aws_project.py","lineno":90,"name":"<module>"},{"filename":"/home/airflow/.local/lib/python3.13/site-packages/airflow/sdk/definitions/dag.py","lineno":1629,"name":"factory"},{"filename":"/opt/airflow/dags/aws_project.py","lineno":75,"name":"aws_project"}],"is_group":false,"exceptions":[]}]}
{"timestamp":"2026-09-19T13:19:30.820632Z","level":"error","event":"Error loading DAG from aws_project.py: name 'DbtCloudRunJobOperator' is not defined","logger":"airflow.dag_processing.dagbag.BundleDagBag","filename":"dagbag.py","lineno":327}
{"timestamp":"2026-09-19T13:19:37.876124Z","level":"warning","event":"Error when trying to pre-import module 'airflow.providers.dbt.cloud.operators.dbt' found in /opt/airflow/dags/aws_project.py: No module named 'airflow.providers.dbt'","logger":"processor"}
{"timestamp":"2026-09-19T13:19:37.902449Z","level":"info","event":"Filling up the DagBag from /opt/airflow/dags/aws_project.py","logger":"airflow.dag_processing.dagbag.BundleDagBag","filename":"dagbag.py","lineno":469}
{"timestamp":"2026-09-19T13:19:37.934884Z","level":"error","event":"Failed to import: /opt/airflow/dags/aws_project.py","logger":"airflow.dag_processing.importers.python_importer","filename":"python_importer.py","lineno":244,"error_detail":[{"exc_type":"ModuleNotFoundError","exc_value":"No module named 'airflow.providers.dbt'","exc_notes":[],"syntax_error":null,"is_cause":false,"frames":[{"filename":"/home/airflow/.local/lib/python3.13/site-packages/airflow/dag_processing/importers/python_importer.py","lineno":238,"name":"parse"},{"filename":"<frozen importlib._bootstrap_external>","lineno":1023,"name":"exec_module"},{"filename":"<frozen importlib._bootstrap>","lineno":488,"name":"_call_with_frames_removed"},{"filename":"/opt/airflow/dags/aws_project.py","lineno":8,"name":"<module>"}],"is_group":false,"exceptions":[]}]}
{"timestamp":"2026-09-19T13:19:37.935993Z","level":"error","event":"Error loading DAG from aws_project.py: No module named 'airflow.providers.dbt'","logger":"airflow.dag_processing.dagbag.BundleDagBag","filename":"dagbag.py","lineno":327}
{"timestamp":"2026-09-19T13:19:41.972704Z","level":"warning","event":"Error when trying to pre-import module 'airflow.providers.dbt.cloud.operators.dbt' found in /opt/airflow/dags/aws_project.py: No module named 'airflow.providers.dbt'","logger":"processor"}
{"timestamp":"2026-09-19T13:19:41.997582Z","level":"info","event":"Filling up the DagBag from /opt/airflow/dags/aws_project.py","logger":"airflow.dag_processing.dagbag.BundleDagBag","filename":"dagbag.py","lineno":469}
{"timestamp":"2026-09-19T13:19:42.031654Z","level":"error","event":"Failed to import: /opt/airflow/dags/aws_project.py","logger":"airflow.dag_processing.importers.python_importer","filename":"python_importer.py","lineno":244,"error_detail":[{"exc_type":"ModuleNotFoundError","exc_value":"No module named 'airflow.providers.dbt'","exc_notes":[],"syntax_error":null,"is_cause":false,"frames":[{"filename":"/home/airflow/.local/lib/python3.13/site-packages/airflow/dag_processing/importers/python_importer.py","lineno":238,"name":"parse"},{"filename":"<frozen importlib._bootstrap_external>","lineno":1023,"name":"exec_module"},{"filename":"<frozen importlib._bootstrap>","lineno":488,"name":"_call_with_frames_removed"},{"filename":"/opt/airflow/dags/aws_project.py","lineno":8,"name":"<module>"}],"is_group":false,"exceptions":[]}]}
{"timestamp":"2026-09-19T13:19:42.032780Z","level":"error","event":"Error loading DAG from aws_project.py: No module named 'airflow.providers.dbt'","logger":"airflow.dag_processing.dagbag.BundleDagBag","filename":"dagbag.py","lineno":327}
{"timestamp":"2026-09-19T13:20:12.221145Z","level":"warning","event":"Error when trying to pre-import module 'airflow.providers.dbt.cloud.operators.dbt' found in /opt/airflow/dags/aws_project.py: No module named 'airflow.providers.dbt'","logger":"processor"}
{"timestamp":"2026-09-19T13:20:12.243181Z","level":"info","event":"Filling up the DagBag from /opt/airflow/dags/aws_project.py","logger":"airflow.dag_processing.dagbag.BundleDagBag","filename":"dagbag.py","lineno":469}
{"timestamp":"2026-09-19T13:20:12.278669Z","level":"error","event":"Failed to import: /opt/airflow/dags/aws_project.py","logger":"airflow.dag_processing.importers.python_importer","filename":"python_importer.py","lineno":244,"error_detail":[{"exc_type":"ModuleNotFoundError","exc_value":"No module named 'airflow.providers.dbt'","exc_notes":[],"syntax_error":null,"is_cause":false,"frames":[{"filename":"/home/airflow/.local/lib/python3.13/site-packages/airflow/dag_processing/importers/python_importer.py","lineno":238,"name":"parse"},{"filename":"<frozen importlib._bootstrap_external>","lineno":1023,"name":"exec_module"},{"filename":"<frozen importlib._bootstrap>","lineno":488,"name":"_call_with_frames_removed"},{"filename":"/opt/airflow/dags/aws_project.py","lineno":8,"name":"<module>"}],"is_group":false,"exceptions":[]}]}
{"timestamp":"2026-09-19T13:20:12.279791Z","level":"error","event":"Error loading DAG from aws_project.py: No module named 'airflow.providers.dbt'","logger":"airflow.dag_processing.dagbag.BundleDagBag","filename":"dagbag.py","lineno":327}
{"timestamp":"2026-09-19T13:20:42.464994Z","level":"warning","event":"Error when trying to pre-import module 'airflow.providers.dbt.cloud.operators.dbt' found in /opt/airflow/dags/aws_project.py: No module named 'airflow.providers.dbt'","logger":"processor"}
{"timestamp":"2026-09-19T13:20:42.493295Z","level":"info","event":"Filling up the DagBag from /opt/airflow/dags/aws_project.py","logger":"airflow.dag_processing.dagbag.BundleDagBag","filename":"dagbag.py","lineno":469}
{"timestamp":"2026-09-19T13:20:42.521913Z","level":"error","event":"Failed to import: /opt/airflow/dags/aws_project.py","logger":"airflow.dag_processing.importers.python_importer","filename":"python_importer.py","lineno":244,"error_detail":[{"exc_type":"ModuleNotFoundError","exc_value":"No module named 'airflow.providers.dbt'","exc_notes":[],"syntax_error":null,"is_cause":false,"frames":[{"filename":"/home/airflow/.local/lib/python3.13/site-packages/airflow/dag_processing/importers/python_importer.py","lineno":238,"name":"parse"},{"filename":"<frozen importlib._bootstrap_external>","lineno":1023,"name":"exec_module"},{"filename":"<frozen importlib._bootstrap>","lineno":488,"name":"_call_with_frames_removed"},{"filename":"/opt/airflow/dags/aws_project.py","lineno":8,"name":"<module>"}],"is_group":false,"exceptions":[]}]}
{"timestamp":"2026-09-19T13:20:42.523021Z","level":"error","event":"Error loading DAG from aws_project.py: No module named 'airflow.providers.dbt'","logger":"airflow.dag_processing.dagbag.BundleDagBag","filename":"dagbag.py","lineno":327}
{"timestamp":"2026-09-19T13:21:12.703612Z","level":"warning","event":"Error when trying to pre-import module 'airflow.providers.dbt.cloud.operators.dbt' found in /opt/airflow/dags/aws_project.py: No module named 'airflow.providers.dbt'","logger":"processor"}
{"timestamp":"2026-09-19T13:21:12.725727Z","level":"info","event":"Filling up the DagBag from /opt/airflow/dags/aws_project.py","logger":"airflow.dag_processing.dagbag.BundleDagBag","filename":"dagbag.py","lineno":469}
{"timestamp":"2026-09-19T13:21:12.755656Z","level":"error","event":"Failed to import: /opt/airflow/dags/aws_project.py","logger":"airflow.dag_processing.importers.python_importer","filename":"python_importer.py","lineno":244,"error_detail":[{"exc_type":"ModuleNotFoundError","exc_value":"No module named 'airflow.providers.dbt'","exc_notes":[],"syntax_error":null,"is_cause":false,"frames":[{"filename":"/home/airflow/.local/lib/python3.13/site-packages/airflow/dag_processing/importers/python_importer.py","lineno":238,"name":"parse"},{"filename":"<frozen importlib._bootstrap_external>","lineno":1023,"name":"exec_module"},{"filename":"<frozen importlib._bootstrap>","lineno":488,"name":"_call_with_frames_removed"},{"filename":"/opt/airflow/dags/aws_project.py","lineno":8,"name":"<module>"}],"is_group":false,"exceptions":[]}]}
{"timestamp":"2026-09-19T13:21:12.756956Z","level":"error","event":"Error loading DAG from aws_project.py: No module named 'airflow.providers.dbt'","logger":"airflow.dag_processing.dagbag.BundleDagBag","filename":"dagbag.py","lineno":327}
{"timestamp":"2026-09-19T13:21:42.972445Z","level":"warning","event":"Error when trying to pre-import module 'airflow.providers.dbt.cloud.operators.dbt' found in /opt/airflow/dags/aws_project.py: No module named 'airflow.providers.dbt'","logger":"processor"}
{"timestamp":"2026-09-19T13:21:42.994514Z","level":"info","event":"Filling up the DagBag from /opt/airflow/dags/aws_project.py","logger":"airflow.dag_processing.dagbag.BundleDagBag","filename":"dagbag.py","lineno":469}
{"timestamp":"2026-09-19T13:21:43.026440Z","level":"error","event":"Failed to import: /opt/airflow/dags/aws_project.py","logger":"airflow.dag_processing.importers.python_importer","filename":"python_importer.py","lineno":244,"error_detail":[{"exc_type":"ModuleNotFoundError","exc_value":"No module named 'airflow.providers.dbt'","exc_notes":[],"syntax_error":null,"is_cause":false,"frames":[{"filename":"/home/airflow/.local/lib/python3.13/site-packages/airflow/dag_processing/importers/python_importer.py","lineno":238,"name":"parse"},{"filename":"<frozen importlib._bootstrap_external>","lineno":1023,"name":"exec_module"},{"filename":"<frozen importlib._bootstrap>","lineno":488,"name":"_call_with_frames_removed"},{"filename":"/opt/airflow/dags/aws_project.py","lineno":8,"name":"<module>"}],"is_group":false,"exceptions":[]}]}
{"timestamp":"2026-09-19T13:21:43.027761Z","level":"error","event":"Error loading DAG from aws_project.py: No module named 'airflow.providers.dbt'","logger":"airflow.dag_processing.dagbag.BundleDagBag","filename":"dagbag.py","lineno":327}
{"timestamp":"2026-09-19T13:22:13.221116Z","level":"warning","event":"Error when trying to pre-import module 'airflow.providers.dbt.cloud.operators.dbt' found in /opt/airflow/dags/aws_project.py: No module named 'airflow.providers.dbt'","logger":"processor"}
{"timestamp":"2026-09-19T13:22:13.242909Z","level":"info","event":"Filling up the DagBag from /opt/airflow/dags/aws_project.py","logger":"airflow.dag_processing.dagbag.BundleDagBag","filename":"dagbag.py","lineno":469}
{"timestamp":"2026-09-19T13:22:13.281325Z","level":"error","event":"Failed to import: /opt/airflow/dags/aws_project.py","logger":"airflow.dag_processing.importers.python_importer","filename":"python_importer.py","lineno":244,"error_detail":[{"exc_type":"ModuleNotFoundError","exc_value":"No module named 'airflow.providers.dbt'","exc_notes":[],"syntax_error":null,"is_cause":false,"frames":[{"filename":"/home/airflow/.local/lib/python3.13/site-packages/airflow/dag_processing/importers/python_importer.py","lineno":238,"name":"parse"},{"filename":"<frozen importlib._bootstrap_external>","lineno":1023,"name":"exec_module"},{"filename":"<frozen importlib._bootstrap>","lineno":488,"name":"_call_with_frames_removed"},{"filename":"/opt/airflow/dags/aws_project.py","lineno":8,"name":"<module>"}],"is_group":false,"exceptions":[]}]}
{"timestamp":"2026-09-19T13:22:13.282669Z","level":"error","event":"Error loading DAG from aws_project.py: No module named 'airflow.providers.dbt'","logger":"airflow.dag_processing.dagbag.BundleDagBag","filename":"dagbag.py","lineno":327}
{"timestamp":"2026-09-19T13:22:43.473307Z","level":"warning","event":"Error when trying to pre-import module 'airflow.providers.dbt.cloud.operators.dbt' found in /opt/airflow/dags/aws_project.py: No module named 'airflow.providers.dbt'","logger":"processor"}
{"timestamp":"2026-09-19T13:22:43.499953Z","level":"info","event":"Filling up the DagBag from /opt/airflow/dags/aws_project.py","logger":"airflow.dag_processing.dagbag.BundleDagBag","filename":"dagbag.py","lineno":469}
{"timestamp":"2026-09-19T13:22:43.540706Z","level":"error","event":"Failed to import: /opt/airflow/dags/aws_project.py","logger":"airflow.dag_processing.importers.python_importer","filename":"python_importer.py","lineno":244,"error_detail":[{"exc_type":"ModuleNotFoundError","exc_value":"No module named 'airflow.providers.dbt'","exc_notes":[],"syntax_error":null,"is_cause":false,"frames":[{"filename":"/home/airflow/.local/lib/python3.13/site-packages/airflow/dag_processing/importers/python_importer.py","lineno":238,"name":"parse"},{"filename":"<frozen importlib._bootstrap_external>","lineno":1023,"name":"exec_module"},{"filename":"<frozen importlib._bootstrap>","lineno":488,"name":"_call_with_frames_removed"},{"filename":"/opt/airflow/dags/aws_project.py","lineno":8,"name":"<module>"}],"is_group":false,"exceptions":[]}]}
{"timestamp":"2026-09-19T13:22:43.542234Z","level":"error","event":"Error loading DAG from aws_project.py: No module named 'airflow.providers.dbt'","logger":"airflow.dag_processing.dagbag.BundleDagBag","filename":"dagbag.py","lineno":327}
{"timestamp":"2026-09-19T13:22:46.632642Z","level":"info","event":"Filling up the DagBag from /opt/airflow/dags/aws_project.py","logger":"airflow.dag_processing.dagbag.BundleDagBag","filename":"dagbag.py","lineno":469}
{"timestamp":"2026-09-19T13:22:47.281918Z","level":"error","event":"Failed to import: /opt/airflow/dags/aws_project.py","logger":"airflow.dag_processing.importers.python_importer","filename":"python_importer.py","lineno":244,"error_detail":[{"exc_type":"NameError","exc_value":"name 'DbtCloudRunJobOperator' is not defined","exc_notes":[],"syntax_error":null,"is_cause":false,"frames":[{"filename":"/home/airflow/.local/lib/python3.13/site-packages/airflow/dag_processing/importers/python_importer.py","lineno":238,"name":"parse"},{"filename":"<frozen importlib._bootstrap_external>","lineno":1023,"name":"exec_module"},{"filename":"<frozen importlib._bootstrap>","lineno":488,"name":"_call_with_frames_removed"},{"filename":"/opt/airflow/dags/aws_project.py","lineno":90,"name":"<module>"},{"filename":"/home/airflow/.local/lib/python3.13/site-packages/airflow/sdk/definitions/dag.py","lineno":1629,"name":"factory"},{"filename":"/opt/airflow/dags/aws_project.py","lineno":75,"name":"aws_project"}],"is_group":false,"exceptions":[]}]}
{"timestamp":"2026-09-19T13:22:47.284065Z","level":"error","event":"Error loading DAG from aws_project.py: name 'DbtCloudRunJobOperator' is not defined","logger":"airflow.dag_processing.dagbag.BundleDagBag","filename":"dagbag.py","lineno":327}
{"timestamp":"2026-09-19T13:22:49.328229Z","level":"info","event":"Filling up the DagBag from /opt/airflow/dags/aws_project.py","logger":"airflow.dag_processing.dagbag.BundleDagBag","filename":"dagbag.py","lineno":469}
{"timestamp":"2026-09-19T13:22:51.954272Z","level":"info","event":"Filling up the DagBag from /opt/airflow/dags/aws_project.py","logger":"airflow.dag_processing.dagbag.BundleDagBag","filename":"dagbag.py","lineno":469}
{"timestamp":"2026-09-19T13:23:22.775621Z","level":"info","event":"Filling up the DagBag from /opt/airflow/dags/aws_project.py","logger":"airflow.dag_processing.dagbag.BundleDagBag","filename":"dagbag.py","lineno":469}
{"timestamp":"2026-09-19T13:23:53.574549Z","level":"info","event":"Filling up the DagBag from /opt/airflow/dags/aws_project.py","logger":"airflow.dag_processing.dagbag.BundleDagBag","filename":"dagbag.py","lineno":469}
{"timestamp":"2026-09-19T13:23:58.201451Z","level":"info","event":"Filling up the DagBag from /opt/airflow/dags/aws_project.py","logger":"airflow.dag_processing.dagbag.BundleDagBag","filename":"dagbag.py","lineno":469}
{"timestamp":"2026-09-19T13:24:28.975985Z","level":"info","event":"Filling up the DagBag from /opt/airflow/dags/aws_project.py","logger":"airflow.dag_processing.dagbag.BundleDagBag","filename":"dagbag.py","lineno":469}
{"timestamp":"2026-09-19T13:24:59.769808Z","level":"info","event":"Filling up the DagBag from /opt/airflow/dags/aws_project.py","logger":"airflow.dag_processing.dagbag.BundleDagBag","filename":"dagbag.py","lineno":469}
{"timestamp":"2026-09-19T13:25:30.568887Z","level":"info","event":"Filling up the DagBag from /opt/airflow/dags/aws_project.py","logger":"airflow.dag_processing.dagbag.BundleDagBag","filename":"dagbag.py","lineno":469}
{"timestamp":"2026-09-19T13:26:01.323294Z","level":"info","event":"Filling up the DagBag from /opt/airflow/dags/aws_project.py","logger":"airflow.dag_processing.dagbag.BundleDagBag","filename":"dagbag.py","lineno":469}
{"timestamp":"2026-09-19T13:26:32.090969Z","level":"info","event":"Filling up the DagBag from /opt/airflow/dags/aws_project.py","logger":"airflow.dag_processing.dagbag.BundleDagBag","filename":"dagbag.py","lineno":469}
{"timestamp":"2026-09-19T13:27:02.957580Z","level":"info","event":"Filling up the DagBag from /opt/airflow/dags/aws_project.py","logger":"airflow.dag_processing.dagbag.BundleDagBag","filename":"dagbag.py","lineno":469}
{"timestamp":"2026-09-19T13:27:34.053041Z","level":"info","event":"Filling up the DagBag from /opt/airflow/dags/aws_project.py","logger":"airflow.dag_processing.dagbag.BundleDagBag","filename":"dagbag.py","lineno":469}
{"timestamp":"2026-09-19T13:28:04.816039Z","level":"info","event":"Filling up the DagBag from /opt/airflow/dags/aws_project.py","logger":"airflow.dag_processing.dagbag.BundleDagBag","filename":"dagbag.py","lineno":469}
{"timestamp":"2026-09-19T13:28:35.622187Z","level":"info","event":"Filling up the DagBag from /opt/airflow/dags/aws_project.py","logger":"airflow.dag_processing.dagbag.BundleDagBag","filename":"dagbag.py","lineno":469}
{"timestamp":"2026-09-19T13:29:06.424565Z","level":"info","event":"Filling up the DagBag from /opt/airflow/dags/aws_project.py","logger":"airflow.dag_processing.dagbag.BundleDagBag","filename":"dagbag.py","lineno":469}
{"timestamp":"2026-09-19T13:29:37.256845Z","level":"info","event":"Filling up the DagBag from /opt/airflow/dags/aws_project.py","logger":"airflow.dag_processing.dagbag.BundleDagBag","filename":"dagbag.py","lineno":469}
{"timestamp":"2026-09-19T13:30:08.338849Z","level":"info","event":"Filling up the DagBag from /opt/airflow/dags/aws_project.py","logger":"airflow.dag_processing.dagbag.BundleDagBag","filename":"dagbag.py","lineno":469}
{"timestamp":"2026-09-19T13:30:39.134523Z","level":"info","event":"Filling up the DagBag from /opt/airflow/dags/aws_project.py","logger":"airflow.dag_processing.dagbag.BundleDagBag","filename":"dagbag.py","lineno":469}
{"timestamp":"2026-09-19T13:31:09.933138Z","level":"info","event":"Filling up the DagBag from /opt/airflow/dags/aws_project.py","logger":"airflow.dag_processing.dagbag.BundleDagBag","filename":"dagbag.py","lineno":469}
{"timestamp":"2026-09-19T13:31:40.727193Z","level":"info","event":"Filling up the DagBag from /opt/airflow/dags/aws_project.py","logger":"airflow.dag_processing.dagbag.BundleDagBag","filename":"dagbag.py","lineno":469}
{"timestamp":"2026-09-19T13:32:11.551122Z","level":"info","event":"Filling up the DagBag from /opt/airflow/dags/aws_project.py","logger":"airflow.dag_processing.dagbag.BundleDagBag","filename":"dagbag.py","lineno":469}
{"timestamp":"2026-09-19T13:32:42.355147Z","level":"info","event":"Filling up the DagBag from /opt/airflow/dags/aws_project.py","logger":"airflow.dag_processing.dagbag.BundleDagBag","filename":"dagbag.py","lineno":469}
{"timestamp":"2026-09-19T13:33:13.230475Z","level":"info","event":"Filling up the DagBag from /opt/airflow/dags/aws_project.py","logger":"airflow.dag_processing.dagbag.BundleDagBag","filename":"dagbag.py","lineno":469}
{"timestamp":"2026-09-19T13:33:44.033600Z","level":"info","event":"Filling up the DagBag from /opt/airflow/dags/aws_project.py","logger":"airflow.dag_processing.dagbag.BundleDagBag","filename":"dagbag.py","lineno":469}
{"timestamp":"2026-09-19T13:34:14.932778Z","level":"info","event":"Filling up the DagBag from /opt/airflow/dags/aws_project.py","logger":"airflow.dag_processing.dagbag.BundleDagBag","filename":"dagbag.py","lineno":469}
{"timestamp":"2026-09-19T13:34:45.911422Z","level":"info","event":"Filling up the DagBag from /opt/airflow/dags/aws_project.py","logger":"airflow.dag_processing.dagbag.BundleDagBag","filename":"dagbag.py","lineno":469}
{"timestamp":"2026-09-19T13:35:17.039404Z","level":"info","event":"Filling up the DagBag from /opt/airflow/dags/aws_project.py","logger":"airflow.dag_processing.dagbag.BundleDagBag","filename":"dagbag.py","lineno":469}
{"timestamp":"2026-09-19T13:35:47.901118Z","level":"info","event":"Filling up the DagBag from /opt/airflow/dags/aws_project.py","logger":"airflow.dag_processing.dagbag.BundleDagBag","filename":"dagbag.py","lineno":469}
{"timestamp":"2026-09-19T13:36:18.725699Z","level":"info","event":"Filling up the DagBag from /opt/airflow/dags/aws_project.py","logger":"airflow.dag_processing.dagbag.BundleDagBag","filename":"dagbag.py","lineno":469}
{"timestamp":"2026-09-19T13:36:49.545713Z","level":"info","event":"Filling up the DagBag from /opt/airflow/dags/aws_project.py","logger":"airflow.dag_processing.dagbag.BundleDagBag","filename":"dagbag.py","lineno":469}
{"timestamp":"2026-09-19T13:37:20.342805Z","level":"info","event":"Filling up the DagBag from /opt/airflow/dags/aws_project.py","logger":"airflow.dag_processing.dagbag.BundleDagBag","filename":"dagbag.py","lineno":469}
{"timestamp":"2026-09-19T13:37:43.081083Z","level":"info","event":"Filling up the DagBag from /opt/airflow/dags/aws_project.py","logger":"airflow.dag_processing.dagbag.BundleDagBag","filename":"dagbag.py","lineno":469}
{"timestamp":"2026-09-19T13:37:44.756809Z","level":"info","event":"Filling up the DagBag from /opt/airflow/dags/aws_project.py","logger":"airflow.dag_processing.dagbag.BundleDagBag","filename":"dagbag.py","lineno":469}
{"timestamp":"2026-09-19T13:38:15.593843Z","level":"info","event":"Filling up the DagBag from /opt/airflow/dags/aws_project.py","logger":"airflow.dag_processing.dagbag.BundleDagBag","filename":"dagbag.py","lineno":469}
{"timestamp":"2026-09-19T13:38:46.383916Z","level":"info","event":"Filling up the DagBag from /opt/airflow/dags/aws_project.py","logger":"airflow.dag_processing.dagbag.BundleDagBag","filename":"dagbag.py","lineno":469}
{"timestamp":"2026-09-19T13:39:17.214253Z","level":"info","event":"Filling up the DagBag from /opt/airflow/dags/aws_project.py","logger":"airflow.dag_processing.dagbag.BundleDagBag","filename":"dagbag.py","lineno":469}
{"timestamp":"2026-09-19T13:39:48.102802Z","level":"info","event":"Filling up the DagBag from /opt/airflow/dags/aws_project.py","logger":"airflow.dag_processing.dagbag.BundleDagBag","filename":"dagbag.py","lineno":469}
{"timestamp":"2026-09-19T13:40:20.032899Z","level":"info","event":"Filling up the DagBag from /opt/airflow/dags/aws_project.py","logger":"airflow.dag_processing.dagbag.BundleDagBag","filename":"dagbag.py","lineno":469}
{"timestamp":"2026-09-19T13:40:51.183072Z","level":"info","event":"Filling up the DagBag from /opt/airflow/dags/aws_project.py","logger":"airflow.dag_processing.dagbag.BundleDagBag","filename":"dagbag.py","lineno":469}
{"timestamp":"2026-09-19T13:41:21.996951Z","level":"info","event":"Filling up the DagBag from /opt/airflow/dags/aws_project.py","logger":"airflow.dag_processing.dagbag.BundleDagBag","filename":"dagbag.py","lineno":469}
{"timestamp":"2026-09-19T13:41:52.810429Z","level":"info","event":"Filling up the DagBag from /opt/airflow/dags/aws_project.py","logger":"airflow.dag_processing.dagbag.BundleDagBag","filename":"dagbag.py","lineno":469}
{"timestamp":"2026-09-19T13:42:23.704002Z","level":"info","event":"Filling up the DagBag from /opt/airflow/dags/aws_project.py","logger":"airflow.dag_processing.dagbag.BundleDagBag","filename":"dagbag.py","lineno":469}
{"timestamp":"2026-09-19T13:42:54.630126Z","level":"info","event":"Filling up the DagBag from /opt/airflow/dags/aws_project.py","logger":"airflow.dag_processing.dagbag.BundleDagBag","filename":"dagbag.py","lineno":469}
{"timestamp":"2026-09-19T13:43:25.457552Z","level":"info","event":"Filling up the DagBag from /opt/airflow/dags/aws_project.py","logger":"airflow.dag_processing.dagbag.BundleDagBag","filename":"dagbag.py","lineno":469}
{"timestamp":"2026-09-19T13:43:56.304489Z","level":"info","event":"Filling up the DagBag from /opt/airflow/dags/aws_project.py","logger":"airflow.dag_processing.dagbag.BundleDagBag","filename":"dagbag.py","lineno":469}
{"timestamp":"2026-09-19T13:44:13.044862Z","level":"info","event":"Filling up the DagBag from /opt/airflow/dags/aws_project.py","logger":"airflow.dag_processing.dagbag.BundleDagBag","filename":"dagbag.py","lineno":469}
{"timestamp":"2026-09-19T13:44:14.105341Z","level":"error","event":"Failed to import: /opt/airflow/dags/aws_project.py","logger":"airflow.dag_processing.importers.python_importer","filename":"python_importer.py","lineno":244,"error_detail":[{"exc_type":"NameError","exc_value":"name 'trigger_dbt_via_api' is not defined","exc_notes":[],"syntax_error":null,"is_cause":false,"frames":[{"filename":"/home/airflow/.local/lib/python3.13/site-packages/airflow/dag_processing/importers/python_importer.py","lineno":238,"name":"parse"},{"filename":"<frozen importlib._bootstrap_external>","lineno":1023,"name":"exec_module"},{"filename":"<frozen importlib._bootstrap>","lineno":488,"name":"_call_with_frames_removed"},{"filename":"/opt/airflow/dags/aws_project.py","lineno":80,"name":"<module>"},{"filename":"/home/airflow/.local/lib/python3.13/site-packages/airflow/sdk/definitions/dag.py","lineno":1629,"name":"factory"},{"filename":"/opt/airflow/dags/aws_project.py","lineno":78,"name":"aws_project"}],"is_group":false,"exceptions":[]}]}
{"timestamp":"2026-09-19T13:44:14.108256Z","level":"error","event":"Error loading DAG from aws_project.py: name 'trigger_dbt_via_api' is not defined","logger":"airflow.dag_processing.dagbag.BundleDagBag","filename":"dagbag.py","lineno":327}
{"timestamp":"2026-09-19T13:44:15.195971Z","level":"info","event":"Filling up the DagBag from /opt/airflow/dags/aws_project.py","logger":"airflow.dag_processing.dagbag.BundleDagBag","filename":"dagbag.py","lineno":469}
{"timestamp":"2026-09-19T13:44:16.173089Z","level":"error","event":"Failed to import: /opt/airflow/dags/aws_project.py","logger":"airflow.dag_processing.importers.python_importer","filename":"python_importer.py","lineno":244,"error_detail":[{"exc_type":"NameError","exc_value":"name 'trigger_dbt_via_api' is not defined","exc_notes":[],"syntax_error":null,"is_cause":false,"frames":[{"filename":"/home/airflow/.local/lib/python3.13/site-packages/airflow/dag_processing/importers/python_importer.py","lineno":238,"name":"parse"},{"filename":"<frozen importlib._bootstrap_external>","lineno":1023,"name":"exec_module"},{"filename":"<frozen importlib._bootstrap>","lineno":488,"name":"_call_with_frames_removed"},{"filename":"/opt/airflow/dags/aws_project.py","lineno":81,"name":"<module>"},{"filename":"/home/airflow/.local/lib/python3.13/site-packages/airflow/sdk/definitions/dag.py","lineno":1629,"name":"factory"},{"filename":"/opt/airflow/dags/aws_project.py","lineno":79,"name":"aws_project"}],"is_group":false,"exceptions":[]}]}
{"timestamp":"2026-09-19T13:44:16.179402Z","level":"error","event":"Error loading DAG from aws_project.py: name 'trigger_dbt_via_api' is not defined","logger":"airflow.dag_processing.dagbag.BundleDagBag","filename":"dagbag.py","lineno":327}
{"timestamp":"2026-09-19T13:44:17.278778Z","level":"info","event":"Filling up the DagBag from /opt/airflow/dags/aws_project.py","logger":"airflow.dag_processing.dagbag.BundleDagBag","filename":"dagbag.py","lineno":469}
{"timestamp":"2026-09-19T13:44:17.281596Z","level":"error","event":"Failed to import: /opt/airflow/dags/aws_project.py","logger":"airflow.dag_processing.importers.python_importer","filename":"python_importer.py","lineno":244,"error_detail":[{"exc_type":"IndentationError","exc_value":"expected an indented block after function definition on line 75 (aws_project.py, line 77)","exc_notes":[],"syntax_error":{"offset":5,"filename":"/opt/airflow/dags/aws_project.py","line":"    url = f\"{BASE_URL}/api/v2/accounts/{ACCOUNT_ID}/jobs/{JOB_ID}/run/\"\n","lineno":77,"msg":"expected an indented block after function definition on line 75"},"is_cause":false,"frames":[{"filename":"/home/airflow/.local/lib/python3.13/site-packages/airflow/dag_processing/importers/python_importer.py","lineno":238,"name":"parse"},{"filename":"<frozen importlib._bootstrap_external>","lineno":1019,"name":"exec_module"},{"filename":"<frozen importlib._bootstrap_external>","lineno":1157,"name":"get_code"},{"filename":"<frozen importlib._bootstrap_external>","lineno":1087,"name":"source_to_code"},{"filename":"<frozen importlib._bootstrap>","lineno":488,"name":"_call_with_frames_removed"}],"is_group":false,"exceptions":[]}]}
{"timestamp":"2026-09-19T13:44:17.282729Z","level":"error","event":"Error loading DAG from aws_project.py: expected an indented block after function definition on line 75 (aws_project.py, line 77)","logger":"airflow.dag_processing.dagbag.BundleDagBag","filename":"dagbag.py","lineno":327}
{"timestamp":"2026-09-19T13:44:47.555086Z","level":"info","event":"Filling up the DagBag from /opt/airflow/dags/aws_project.py","logger":"airflow.dag_processing.dagbag.BundleDagBag","filename":"dagbag.py","lineno":469}
{"timestamp":"2026-09-19T13:44:47.562372Z","level":"error","event":"Failed to import: /opt/airflow/dags/aws_project.py","logger":"airflow.dag_processing.importers.python_importer","filename":"python_importer.py","lineno":244,"error_detail":[{"exc_type":"IndentationError","exc_value":"expected an indented block after function definition on line 78 (aws_project.py, line 80)","exc_notes":[],"syntax_error":{"offset":5,"filename":"/opt/airflow/dags/aws_project.py","line":"    url = f\"{BASE_URL}/api/v2/accounts/{ACCOUNT_ID}/jobs/{JOB_ID}/run/\"\n","lineno":80,"msg":"expected an indented block after function definition on line 78"},"is_cause":false,"frames":[{"filename":"/home/airflow/.local/lib/python3.13/site-packages/airflow/dag_processing/importers/python_importer.py","lineno":238,"name":"parse"},{"filename":"<frozen importlib._bootstrap_external>","lineno":1019,"name":"exec_module"},{"filename":"<frozen importlib._bootstrap_external>","lineno":1157,"name":"get_code"},{"filename":"<frozen importlib._bootstrap_external>","lineno":1087,"name":"source_to_code"},{"filename":"<frozen importlib._bootstrap>","lineno":488,"name":"_call_with_frames_removed"}],"is_group":false,"exceptions":[]}]}
{"timestamp":"2026-09-19T13:44:47.565897Z","level":"error","event":"Error loading DAG from aws_project.py: expected an indented block after function definition on line 78 (aws_project.py, line 80)","logger":"airflow.dag_processing.dagbag.BundleDagBag","filename":"dagbag.py","lineno":327}
{"timestamp":"2026-09-19T13:44:51.635392Z","level":"info","event":"Filling up the DagBag from /opt/airflow/dags/aws_project.py","logger":"airflow.dag_processing.dagbag.BundleDagBag","filename":"dagbag.py","lineno":469}
{"timestamp":"2026-09-19T13:44:51.639193Z","level":"error","event":"Failed to import: /opt/airflow/dags/aws_project.py","logger":"airflow.dag_processing.importers.python_importer","filename":"python_importer.py","lineno":244,"error_detail":[{"exc_type":"IndentationError","exc_value":"expected an indented block after function definition on line 79 (aws_project.py, line 81)","exc_notes":[],"syntax_error":{"offset":5,"filename":"/opt/airflow/dags/aws_project.py","line":"    url = f\"{BASE_URL}/api/v2/accounts/{ACCOUNT_ID}/jobs/{JOB_ID}/run/\"\n","lineno":81,"msg":"expected an indented block after function definition on line 79"},"is_cause":false,"frames":[{"filename":"/home/airflow/.local/lib/python3.13/site-packages/airflow/dag_processing/importers/python_importer.py","lineno":238,"name":"parse"},{"filename":"<frozen importlib._bootstrap_external>","lineno":1019,"name":"exec_module"},{"filename":"<frozen importlib._bootstrap_external>","lineno":1157,"name":"get_code"},{"filename":"<frozen importlib._bootstrap_external>","lineno":1087,"name":"source_to_code"},{"filename":"<frozen importlib._bootstrap>","lineno":488,"name":"_call_with_frames_removed"}],"is_group":false,"exceptions":[]}]}
{"timestamp":"2026-09-19T13:44:51.640609Z","level":"error","event":"Error loading DAG from aws_project.py: expected an indented block after function definition on line 79 (aws_project.py, line 81)","logger":"airflow.dag_processing.dagbag.BundleDagBag","filename":"dagbag.py","lineno":327}
{"timestamp":"2026-09-19T13:44:54.707790Z","level":"info","event":"Filling up the DagBag from /opt/airflow/dags/aws_project.py","logger":"airflow.dag_processing.dagbag.BundleDagBag","filename":"dagbag.py","lineno":469}
{"timestamp":"2026-09-19T13:44:54.710583Z","level":"error","event":"Failed to import: /opt/airflow/dags/aws_project.py","logger":"airflow.dag_processing.importers.python_importer","filename":"python_importer.py","lineno":244,"error_detail":[{"exc_type":"SyntaxError","exc_value":"Expected one or more names after 'import' (aws_project.py, line 5)","exc_notes":[],"syntax_error":{"offset":8,"filename":"/opt/airflow/dags/aws_project.py","line":"import \n","lineno":5,"msg":"Expected one or more names after 'import'"},"is_cause":false,"frames":[{"filename":"/home/airflow/.local/lib/python3.13/site-packages/airflow/dag_processing/importers/python_importer.py","lineno":238,"name":"parse"},{"filename":"<frozen importlib._bootstrap_external>","lineno":1019,"name":"exec_module"},{"filename":"<frozen importlib._bootstrap_external>","lineno":1157,"name":"get_code"},{"filename":"<frozen importlib._bootstrap_external>","lineno":1087,"name":"source_to_code"},{"filename":"<frozen importlib._bootstrap>","lineno":488,"name":"_call_with_frames_removed"}],"is_group":false,"exceptions":[]}]}
{"timestamp":"2026-09-19T13:44:54.713394Z","level":"error","event":"Error loading DAG from aws_project.py: Expected one or more names after 'import' (aws_project.py, line 5)","logger":"airflow.dag_processing.dagbag.BundleDagBag","filename":"dagbag.py","lineno":327}
{"timestamp":"2026-09-19T13:45:04.827333Z","level":"info","event":"Filling up the DagBag from /opt/airflow/dags/aws_project.py","logger":"airflow.dag_processing.dagbag.BundleDagBag","filename":"dagbag.py","lineno":469}
{"timestamp":"2026-09-19T13:45:04.831104Z","level":"error","event":"Failed to import: /opt/airflow/dags/aws_project.py","logger":"airflow.dag_processing.importers.python_importer","filename":"python_importer.py","lineno":244,"error_detail":[{"exc_type":"IndentationError","exc_value":"expected an indented block after function definition on line 79 (aws_project.py, line 81)","exc_notes":[],"syntax_error":{"offset":5,"filename":"/opt/airflow/dags/aws_project.py","line":"    url = f\"{BASE_URL}/api/v2/accounts/{ACCOUNT_ID}/jobs/{JOB_ID}/run/\"\n","lineno":81,"msg":"expected an indented block after function definition on line 79"},"is_cause":false,"frames":[{"filename":"/home/airflow/.local/lib/python3.13/site-packages/airflow/dag_processing/importers/python_importer.py","lineno":238,"name":"parse"},{"filename":"<frozen importlib._bootstrap_external>","lineno":1019,"name":"exec_module"},{"filename":"<frozen importlib._bootstrap_external>","lineno":1157,"name":"get_code"},{"filename":"<frozen importlib._bootstrap_external>","lineno":1087,"name":"source_to_code"},{"filename":"<frozen importlib._bootstrap>","lineno":488,"name":"_call_with_frames_removed"}],"is_group":false,"exceptions":[]}]}
{"timestamp":"2026-09-19T13:45:04.832379Z","level":"error","event":"Error loading DAG from aws_project.py: expected an indented block after function definition on line 79 (aws_project.py, line 81)","logger":"airflow.dag_processing.dagbag.BundleDagBag","filename":"dagbag.py","lineno":327}
{"timestamp":"2026-09-19T13:45:35.052062Z","level":"info","event":"Filling up the DagBag from /opt/airflow/dags/aws_project.py","logger":"airflow.dag_processing.dagbag.BundleDagBag","filename":"dagbag.py","lineno":469}
{"timestamp":"2026-09-19T13:45:35.055740Z","level":"error","event":"Failed to import: /opt/airflow/dags/aws_project.py","logger":"airflow.dag_processing.importers.python_importer","filename":"python_importer.py","lineno":244,"error_detail":[{"exc_type":"IndentationError","exc_value":"expected an indented block after function definition on line 79 (aws_project.py, line 81)","exc_notes":[],"syntax_error":{"offset":5,"filename":"/opt/airflow/dags/aws_project.py","line":"    url = f\"{BASE_URL}/api/v2/accounts/{ACCOUNT_ID}/jobs/{JOB_ID}/run/\"\n","lineno":81,"msg":"expected an indented block after function definition on line 79"},"is_cause":false,"frames":[{"filename":"/home/airflow/.local/lib/python3.13/site-packages/airflow/dag_processing/importers/python_importer.py","lineno":238,"name":"parse"},{"filename":"<frozen importlib._bootstrap_external>","lineno":1019,"name":"exec_module"},{"filename":"<frozen importlib._bootstrap_external>","lineno":1157,"name":"get_code"},{"filename":"<frozen importlib._bootstrap_external>","lineno":1087,"name":"source_to_code"},{"filename":"<frozen importlib._bootstrap>","lineno":488,"name":"_call_with_frames_removed"}],"is_group":false,"exceptions":[]}]}
{"timestamp":"2026-09-19T13:45:35.056998Z","level":"error","event":"Error loading DAG from aws_project.py: expected an indented block after function definition on line 79 (aws_project.py, line 81)","logger":"airflow.dag_processing.dagbag.BundleDagBag","filename":"dagbag.py","lineno":327}
{"timestamp":"2026-09-19T13:45:43.228546Z","level":"info","event":"Filling up the DagBag from /opt/airflow/dags/aws_project.py","logger":"airflow.dag_processing.dagbag.BundleDagBag","filename":"dagbag.py","lineno":469}
{"timestamp":"2026-09-19T13:45:43.267405Z","level":"error","event":"Failed to import: /opt/airflow/dags/aws_project.py","logger":"airflow.dag_processing.importers.python_importer","filename":"python_importer.py","lineno":244,"error_detail":[{"exc_type":"ImportError","exc_value":"cannot import name 'days_ago' from 'airflow.utils.dates' (/home/airflow/.local/lib/python3.13/site-packages/airflow/utils/dates.py)","exc_notes":[],"syntax_error":null,"is_cause":false,"frames":[{"filename":"/home/airflow/.local/lib/python3.13/site-packages/airflow/dag_processing/importers/python_importer.py","lineno":238,"name":"parse"},{"filename":"<frozen importlib._bootstrap_external>","lineno":1023,"name":"exec_module"},{"filename":"<frozen importlib._bootstrap>","lineno":488,"name":"_call_with_frames_removed"},{"filename":"/opt/airflow/dags/aws_project.py","lineno":11,"name":"<module>"}],"is_group":false,"exceptions":[]}]}
{"timestamp":"2026-09-19T13:45:43.269042Z","level":"error","event":"Error loading DAG from aws_project.py: cannot import name 'days_ago' from 'airflow.utils.dates' (/home/airflow/.local/lib/python3.13/site-packages/airflow/utils/dates.py)","logger":"airflow.dag_processing.dagbag.BundleDagBag","filename":"dagbag.py","lineno":327}
{"timestamp":"2026-09-19T13:45:43.269258Z","level":"warning","event":"The `airflow.operators.python.PythonOperator` attribute is deprecated. Please use `'airflow.providers.standard.operators.python.PythonOperator'`.","category":"UserWarning","filename":"/opt/airflow/dags/aws_project.py","lineno":10,"logger":"py.warnings"}
{"timestamp":"2026-09-19T13:46:01.421103Z","level":"info","event":"Filling up the DagBag from /opt/airflow/dags/aws_project.py","logger":"airflow.dag_processing.dagbag.BundleDagBag","filename":"dagbag.py","lineno":469}
{"timestamp":"2026-09-19T13:46:01.453058Z","level":"error","event":"Failed to import: /opt/airflow/dags/aws_project.py","logger":"airflow.dag_processing.importers.python_importer","filename":"python_importer.py","lineno":244,"error_detail":[{"exc_type":"ImportError","exc_value":"cannot import name 'days_ago' from 'airflow.utils.dates' (/home/airflow/.local/lib/python3.13/site-packages/airflow/utils/dates.py)","exc_notes":[],"syntax_error":null,"is_cause":false,"frames":[{"filename":"/home/airflow/.local/lib/python3.13/site-packages/airflow/dag_processing/importers/python_importer.py","lineno":238,"name":"parse"},{"filename":"<frozen importlib._bootstrap_external>","lineno":1023,"name":"exec_module"},{"filename":"<frozen importlib._bootstrap>","lineno":488,"name":"_call_with_frames_removed"},{"filename":"/opt/airflow/dags/aws_project.py","lineno":11,"name":"<module>"}],"is_group":false,"exceptions":[]}]}
{"timestamp":"2026-09-19T13:46:01.455290Z","level":"error","event":"Error loading DAG from aws_project.py: cannot import name 'days_ago' from 'airflow.utils.dates' (/home/airflow/.local/lib/python3.13/site-packages/airflow/utils/dates.py)","logger":"airflow.dag_processing.dagbag.BundleDagBag","filename":"dagbag.py","lineno":327}
{"timestamp":"2026-09-19T13:46:01.455493Z","level":"warning","event":"The `airflow.operators.python.PythonOperator` attribute is deprecated. Please use `'airflow.providers.standard.operators.python.PythonOperator'`.","category":"UserWarning","filename":"/opt/airflow/dags/aws_project.py","lineno":10,"logger":"py.warnings"}
{"timestamp":"2026-09-19T13:46:25.644737Z","level":"info","event":"Filling up the DagBag from /opt/airflow/dags/aws_project.py","logger":"airflow.dag_processing.dagbag.BundleDagBag","filename":"dagbag.py","lineno":469}
{"timestamp":"2026-09-19T13:46:25.680350Z","level":"error","event":"Failed to import: /opt/airflow/dags/aws_project.py","logger":"airflow.dag_processing.importers.python_importer","filename":"python_importer.py","lineno":244,"error_detail":[{"exc_type":"ImportError","exc_value":"cannot import name 'days_ago' from 'airflow.utils.dates' (/home/airflow/.local/lib/python3.13/site-packages/airflow/utils/dates.py)","exc_notes":[],"syntax_error":null,"is_cause":false,"frames":[{"filename":"/home/airflow/.local/lib/python3.13/site-packages/airflow/dag_processing/importers/python_importer.py","lineno":238,"name":"parse"},{"filename":"<frozen importlib._bootstrap_external>","lineno":1023,"name":"exec_module"},{"filename":"<frozen importlib._bootstrap>","lineno":488,"name":"_call_with_frames_removed"},{"filename":"/opt/airflow/dags/aws_project.py","lineno":11,"name":"<module>"}],"is_group":false,"exceptions":[]}]}
{"timestamp":"2026-09-19T13:46:25.681890Z","level":"error","event":"Error loading DAG from aws_project.py: cannot import name 'days_ago' from 'airflow.utils.dates' (/home/airflow/.local/lib/python3.13/site-packages/airflow/utils/dates.py)","logger":"airflow.dag_processing.dagbag.BundleDagBag","filename":"dagbag.py","lineno":327}
{"timestamp":"2026-09-19T13:46:25.682118Z","level":"warning","event":"The `airflow.operators.python.PythonOperator` attribute is deprecated. Please use `'airflow.providers.standard.operators.python.PythonOperator'`.","category":"UserWarning","filename":"/opt/airflow/dags/aws_project.py","lineno":10,"logger":"py.warnings"}
{"timestamp":"2026-09-19T13:46:31.764087Z","level":"info","event":"Filling up the DagBag from /opt/airflow/dags/aws_project.py","logger":"airflow.dag_processing.dagbag.BundleDagBag","filename":"dagbag.py","lineno":469}
{"timestamp":"2026-09-19T13:46:31.768962Z","level":"error","event":"Failed to import: /opt/airflow/dags/aws_project.py","logger":"airflow.dag_processing.importers.python_importer","filename":"python_importer.py","lineno":244,"error_detail":[{"exc_type":"SyntaxError","exc_value":"invalid syntax (aws_project.py, line 102)","exc_notes":[],"syntax_error":{"offset":27,"filename":"/opt/airflow/dags/aws_project.py","line":"    trigger_dbt_via_api = \n","lineno":102,"msg":"invalid syntax"},"is_cause":false,"frames":[{"filename":"/home/airflow/.local/lib/python3.13/site-packages/airflow/dag_processing/importers/python_importer.py","lineno":238,"name":"parse"},{"filename":"<frozen importlib._bootstrap_external>","lineno":1019,"name":"exec_module"},{"filename":"<frozen importlib._bootstrap_external>","lineno":1157,"name":"get_code"},{"filename":"<frozen importlib._bootstrap_external>","lineno":1087,"name":"source_to_code"},{"filename":"<frozen importlib._bootstrap>","lineno":488,"name":"_call_with_frames_removed"}],"is_group":false,"exceptions":[]}]}
{"timestamp":"2026-09-19T13:46:31.770474Z","level":"error","event":"Error loading DAG from aws_project.py: invalid syntax (aws_project.py, line 102)","logger":"airflow.dag_processing.dagbag.BundleDagBag","filename":"dagbag.py","lineno":327}
{"timestamp":"2026-09-19T13:46:33.857587Z","level":"info","event":"Filling up the DagBag from /opt/airflow/dags/aws_project.py","logger":"airflow.dag_processing.dagbag.BundleDagBag","filename":"dagbag.py","lineno":469}
{"timestamp":"2026-09-19T13:46:33.919565Z","level":"error","event":"Failed to import: /opt/airflow/dags/aws_project.py","logger":"airflow.dag_processing.importers.python_importer","filename":"python_importer.py","lineno":244,"error_detail":[{"exc_type":"ImportError","exc_value":"cannot import name 'days_ago' from 'airflow.utils.dates' (/home/airflow/.local/lib/python3.13/site-packages/airflow/utils/dates.py)","exc_notes":[],"syntax_error":null,"is_cause":false,"frames":[{"filename":"/home/airflow/.local/lib/python3.13/site-packages/airflow/dag_processing/importers/python_importer.py","lineno":238,"name":"parse"},{"filename":"<frozen importlib._bootstrap_external>","lineno":1023,"name":"exec_module"},{"filename":"<frozen importlib._bootstrap>","lineno":488,"name":"_call_with_frames_removed"},{"filename":"/opt/airflow/dags/aws_project.py","lineno":11,"name":"<module>"}],"is_group":false,"exceptions":[]}]}
{"timestamp":"2026-09-19T13:46:33.924081Z","level":"error","event":"Error loading DAG from aws_project.py: cannot import name 'days_ago' from 'airflow.utils.dates' (/home/airflow/.local/lib/python3.13/site-packages/airflow/utils/dates.py)","logger":"airflow.dag_processing.dagbag.BundleDagBag","filename":"dagbag.py","lineno":327}
{"timestamp":"2026-09-19T13:46:33.924365Z","level":"warning","event":"The `airflow.operators.python.PythonOperator` attribute is deprecated. Please use `'airflow.providers.standard.operators.python.PythonOperator'`.","category":"UserWarning","filename":"/opt/airflow/dags/aws_project.py","lineno":10,"logger":"py.warnings"}
{"timestamp":"2026-09-19T13:46:34.989437Z","level":"info","event":"Filling up the DagBag from /opt/airflow/dags/aws_project.py","logger":"airflow.dag_processing.dagbag.BundleDagBag","filename":"dagbag.py","lineno":469}
{"timestamp":"2026-09-19T13:46:35.022464Z","level":"error","event":"Failed to import: /opt/airflow/dags/aws_project.py","logger":"airflow.dag_processing.importers.python_importer","filename":"python_importer.py","lineno":244,"error_detail":[{"exc_type":"ImportError","exc_value":"cannot import name 'days_ago' from 'airflow.utils.dates' (/home/airflow/.local/lib/python3.13/site-packages/airflow/utils/dates.py)","exc_notes":[],"syntax_error":null,"is_cause":false,"frames":[{"filename":"/home/airflow/.local/lib/python3.13/site-packages/airflow/dag_processing/importers/python_importer.py","lineno":238,"name":"parse"},{"filename":"<frozen importlib._bootstrap_external>","lineno":1023,"name":"exec_module"},{"filename":"<frozen importlib._bootstrap>","lineno":488,"name":"_call_with_frames_removed"},{"filename":"/opt/airflow/dags/aws_project.py","lineno":11,"name":"<module>"}],"is_group":false,"exceptions":[]}]}
{"timestamp":"2026-09-19T13:46:35.023783Z","level":"error","event":"Error loading DAG from aws_project.py: cannot import name 'days_ago' from 'airflow.utils.dates' (/home/airflow/.local/lib/python3.13/site-packages/airflow/utils/dates.py)","logger":"airflow.dag_processing.dagbag.BundleDagBag","filename":"dagbag.py","lineno":327}
{"timestamp":"2026-09-19T13:46:35.023963Z","level":"warning","event":"The `airflow.operators.python.PythonOperator` attribute is deprecated. Please use `'airflow.providers.standard.operators.python.PythonOperator'`.","category":"UserWarning","filename":"/opt/airflow/dags/aws_project.py","lineno":10,"logger":"py.warnings"}
{"timestamp":"2026-09-19T13:46:37.082863Z","level":"info","event":"Filling up the DagBag from /opt/airflow/dags/aws_project.py","logger":"airflow.dag_processing.dagbag.BundleDagBag","filename":"dagbag.py","lineno":469}
{"timestamp":"2026-09-19T13:46:37.115961Z","level":"error","event":"Failed to import: /opt/airflow/dags/aws_project.py","logger":"airflow.dag_processing.importers.python_importer","filename":"python_importer.py","lineno":244,"error_detail":[{"exc_type":"ImportError","exc_value":"cannot import name 'days_ago' from 'airflow.utils.dates' (/home/airflow/.local/lib/python3.13/site-packages/airflow/utils/dates.py)","exc_notes":[],"syntax_error":null,"is_cause":false,"frames":[{"filename":"/home/airflow/.local/lib/python3.13/site-packages/airflow/dag_processing/importers/python_importer.py","lineno":238,"name":"parse"},{"filename":"<frozen importlib._bootstrap_external>","lineno":1023,"name":"exec_module"},{"filename":"<frozen importlib._bootstrap>","lineno":488,"name":"_call_with_frames_removed"},{"filename":"/opt/airflow/dags/aws_project.py","lineno":11,"name":"<module>"}],"is_group":false,"exceptions":[]}]}
{"timestamp":"2026-09-19T13:46:37.117519Z","level":"error","event":"Error loading DAG from aws_project.py: cannot import name 'days_ago' from 'airflow.utils.dates' (/home/airflow/.local/lib/python3.13/site-packages/airflow/utils/dates.py)","logger":"airflow.dag_processing.dagbag.BundleDagBag","filename":"dagbag.py","lineno":327}
{"timestamp":"2026-09-19T13:46:37.117747Z","level":"warning","event":"The `airflow.operators.python.PythonOperator` attribute is deprecated. Please use `'airflow.providers.standard.operators.python.PythonOperator'`.","category":"UserWarning","filename":"/opt/airflow/dags/aws_project.py","lineno":10,"logger":"py.warnings"}
{"timestamp":"2026-09-19T13:47:07.340656Z","level":"info","event":"Filling up the DagBag from /opt/airflow/dags/aws_project.py","logger":"airflow.dag_processing.dagbag.BundleDagBag","filename":"dagbag.py","lineno":469}
{"timestamp":"2026-09-19T13:47:07.371474Z","level":"error","event":"Failed to import: /opt/airflow/dags/aws_project.py","logger":"airflow.dag_processing.importers.python_importer","filename":"python_importer.py","lineno":244,"error_detail":[{"exc_type":"ImportError","exc_value":"cannot import name 'days_ago' from 'airflow.utils.dates' (/home/airflow/.local/lib/python3.13/site-packages/airflow/utils/dates.py)","exc_notes":[],"syntax_error":null,"is_cause":false,"frames":[{"filename":"/home/airflow/.local/lib/python3.13/site-packages/airflow/dag_processing/importers/python_importer.py","lineno":238,"name":"parse"},{"filename":"<frozen importlib._bootstrap_external>","lineno":1023,"name":"exec_module"},{"filename":"<frozen importlib._bootstrap>","lineno":488,"name":"_call_with_frames_removed"},{"filename":"/opt/airflow/dags/aws_project.py","lineno":11,"name":"<module>"}],"is_group":false,"exceptions":[]}]}
{"timestamp":"2026-09-19T13:47:07.372852Z","level":"error","event":"Error loading DAG from aws_project.py: cannot import name 'days_ago' from 'airflow.utils.dates' (/home/airflow/.local/lib/python3.13/site-packages/airflow/utils/dates.py)","logger":"airflow.dag_processing.dagbag.BundleDagBag","filename":"dagbag.py","lineno":327}
{"timestamp":"2026-09-19T13:47:07.373027Z","level":"warning","event":"The `airflow.operators.python.PythonOperator` attribute is deprecated. Please use `'airflow.providers.standard.operators.python.PythonOperator'`.","category":"UserWarning","filename":"/opt/airflow/dags/aws_project.py","lineno":10,"logger":"py.warnings"}
{"timestamp":"2026-09-19T13:47:37.590377Z","level":"info","event":"Filling up the DagBag from /opt/airflow/dags/aws_project.py","logger":"airflow.dag_processing.dagbag.BundleDagBag","filename":"dagbag.py","lineno":469}
{"timestamp":"2026-09-19T13:47:37.621788Z","level":"error","event":"Failed to import: /opt/airflow/dags/aws_project.py","logger":"airflow.dag_processing.importers.python_importer","filename":"python_importer.py","lineno":244,"error_detail":[{"exc_type":"ImportError","exc_value":"cannot import name 'days_ago' from 'airflow.utils.dates' (/home/airflow/.local/lib/python3.13/site-packages/airflow/utils/dates.py)","exc_notes":[],"syntax_error":null,"is_cause":false,"frames":[{"filename":"/home/airflow/.local/lib/python3.13/site-packages/airflow/dag_processing/importers/python_importer.py","lineno":238,"name":"parse"},{"filename":"<frozen importlib._bootstrap_external>","lineno":1023,"name":"exec_module"},{"filename":"<frozen importlib._bootstrap>","lineno":488,"name":"_call_with_frames_removed"},{"filename":"/opt/airflow/dags/aws_project.py","lineno":11,"name":"<module>"}],"is_group":false,"exceptions":[]}]}
{"timestamp":"2026-09-19T13:47:37.623067Z","level":"error","event":"Error loading DAG from aws_project.py: cannot import name 'days_ago' from 'airflow.utils.dates' (/home/airflow/.local/lib/python3.13/site-packages/airflow/utils/dates.py)","logger":"airflow.dag_processing.dagbag.BundleDagBag","filename":"dagbag.py","lineno":327}
{"timestamp":"2026-09-19T13:47:37.623235Z","level":"warning","event":"The `airflow.operators.python.PythonOperator` attribute is deprecated. Please use `'airflow.providers.standard.operators.python.PythonOperator'`.","category":"UserWarning","filename":"/opt/airflow/dags/aws_project.py","lineno":10,"logger":"py.warnings"}
{"timestamp":"2026-09-19T13:48:07.860063Z","level":"info","event":"Filling up the DagBag from /opt/airflow/dags/aws_project.py","logger":"airflow.dag_processing.dagbag.BundleDagBag","filename":"dagbag.py","lineno":469}
{"timestamp":"2026-09-19T13:48:07.910014Z","level":"error","event":"Failed to import: /opt/airflow/dags/aws_project.py","logger":"airflow.dag_processing.importers.python_importer","filename":"python_importer.py","lineno":244,"error_detail":[{"exc_type":"ImportError","exc_value":"cannot import name 'days_ago' from 'airflow.utils.dates' (/home/airflow/.local/lib/python3.13/site-packages/airflow/utils/dates.py)","exc_notes":[],"syntax_error":null,"is_cause":false,"frames":[{"filename":"/home/airflow/.local/lib/python3.13/site-packages/airflow/dag_processing/importers/python_importer.py","lineno":238,"name":"parse"},{"filename":"<frozen importlib._bootstrap_external>","lineno":1023,"name":"exec_module"},{"filename":"<frozen importlib._bootstrap>","lineno":488,"name":"_call_with_frames_removed"},{"filename":"/opt/airflow/dags/aws_project.py","lineno":11,"name":"<module>"}],"is_group":false,"exceptions":[]}]}
{"timestamp":"2026-09-19T13:48:07.912264Z","level":"error","event":"Error loading DAG from aws_project.py: cannot import name 'days_ago' from 'airflow.utils.dates' (/home/airflow/.local/lib/python3.13/site-packages/airflow/utils/dates.py)","logger":"airflow.dag_processing.dagbag.BundleDagBag","filename":"dagbag.py","lineno":327}
{"timestamp":"2026-09-19T13:48:07.912491Z","level":"warning","event":"The `airflow.operators.python.PythonOperator` attribute is deprecated. Please use `'airflow.providers.standard.operators.python.PythonOperator'`.","category":"UserWarning","filename":"/opt/airflow/dags/aws_project.py","lineno":10,"logger":"py.warnings"}
{"timestamp":"2026-09-19T13:48:38.146506Z","level":"info","event":"Filling up the DagBag from /opt/airflow/dags/aws_project.py","logger":"airflow.dag_processing.dagbag.BundleDagBag","filename":"dagbag.py","lineno":469}
{"timestamp":"2026-09-19T13:48:38.190353Z","level":"error","event":"Failed to import: /opt/airflow/dags/aws_project.py","logger":"airflow.dag_processing.importers.python_importer","filename":"python_importer.py","lineno":244,"error_detail":[{"exc_type":"ImportError","exc_value":"cannot import name 'days_ago' from 'airflow.utils.dates' (/home/airflow/.local/lib/python3.13/site-packages/airflow/utils/dates.py)","exc_notes":[],"syntax_error":null,"is_cause":false,"frames":[{"filename":"/home/airflow/.local/lib/python3.13/site-packages/airflow/dag_processing/importers/python_importer.py","lineno":238,"name":"parse"},{"filename":"<frozen importlib._bootstrap_external>","lineno":1023,"name":"exec_module"},{"filename":"<frozen importlib._bootstrap>","lineno":488,"name":"_call_with_frames_removed"},{"filename":"/opt/airflow/dags/aws_project.py","lineno":11,"name":"<module>"}],"is_group":false,"exceptions":[]}]}
{"timestamp":"2026-09-19T13:48:38.194378Z","level":"error","event":"Error loading DAG from aws_project.py: cannot import name 'days_ago' from 'airflow.utils.dates' (/home/airflow/.local/lib/python3.13/site-packages/airflow/utils/dates.py)","logger":"airflow.dag_processing.dagbag.BundleDagBag","filename":"dagbag.py","lineno":327}
{"timestamp":"2026-09-19T13:48:38.194636Z","level":"warning","event":"The `airflow.operators.python.PythonOperator` attribute is deprecated. Please use `'airflow.providers.standard.operators.python.PythonOperator'`.","category":"UserWarning","filename":"/opt/airflow/dags/aws_project.py","lineno":10,"logger":"py.warnings"}
{"timestamp":"2026-09-19T13:49:08.429891Z","level":"info","event":"Filling up the DagBag from /opt/airflow/dags/aws_project.py","logger":"airflow.dag_processing.dagbag.BundleDagBag","filename":"dagbag.py","lineno":469}
{"timestamp":"2026-09-19T13:49:08.460593Z","level":"error","event":"Failed to import: /opt/airflow/dags/aws_project.py","logger":"airflow.dag_processing.importers.python_importer","filename":"python_importer.py","lineno":244,"error_detail":[{"exc_type":"ImportError","exc_value":"cannot import name 'days_ago' from 'airflow.utils.dates' (/home/airflow/.local/lib/python3.13/site-packages/airflow/utils/dates.py)","exc_notes":[],"syntax_error":null,"is_cause":false,"frames":[{"filename":"/home/airflow/.local/lib/python3.13/site-packages/airflow/dag_processing/importers/python_importer.py","lineno":238,"name":"parse"},{"filename":"<frozen importlib._bootstrap_external>","lineno":1023,"name":"exec_module"},{"filename":"<frozen importlib._bootstrap>","lineno":488,"name":"_call_with_frames_removed"},{"filename":"/opt/airflow/dags/aws_project.py","lineno":11,"name":"<module>"}],"is_group":false,"exceptions":[]}]}
{"timestamp":"2026-09-19T13:49:08.462505Z","level":"error","event":"Error loading DAG from aws_project.py: cannot import name 'days_ago' from 'airflow.utils.dates' (/home/airflow/.local/lib/python3.13/site-packages/airflow/utils/dates.py)","logger":"airflow.dag_processing.dagbag.BundleDagBag","filename":"dagbag.py","lineno":327}
{"timestamp":"2026-09-19T13:49:08.462673Z","level":"warning","event":"The `airflow.operators.python.PythonOperator` attribute is deprecated. Please use `'airflow.providers.standard.operators.python.PythonOperator'`.","category":"UserWarning","filename":"/opt/airflow/dags/aws_project.py","lineno":10,"logger":"py.warnings"}
{"timestamp":"2026-09-19T13:49:33.652563Z","level":"info","event":"Filling up the DagBag from /opt/airflow/dags/aws_project.py","logger":"airflow.dag_processing.dagbag.BundleDagBag","filename":"dagbag.py","lineno":469}
{"timestamp":"2026-09-19T13:49:34.627745Z","level":"info","event":"🚀 Sending direct POST request to: https://nj024.us1.dbt.com/api/v2/accounts/70506183144876/jobs/70506183139983/run/","logger":"task.stdout"}
{"timestamp":"2026-09-19T13:49:35.501175Z","level":"error","event":"Failed to import: /opt/airflow/dags/aws_project.py","logger":"airflow.dag_processing.importers.python_importer","filename":"python_importer.py","lineno":244,"error_detail":[{"exc_type":"Exception","exc_value":"❌ Failed with Status Code 200: {\"status\":{\"code\":200,\"is_success\":true,\"user_message\":\"Success!\",\"developer_message\":\"\"},\"data\":{\"id\":70506183794314,\"trigger_id\":70506183794314,\"account_id\":70506183144876,\"environment_id\":70506183157573,\"project_id\":70506183167863,\"job_definition_id\":70506183139983,\"status\":1,\"dbt_version\":\"fusion-stable\",\"git_branch\":null,\"git_sha\":null,\"status_message\":null,\"owner_thread_id\":null,\"executed_by_thread_id\":null,\"deferring_run_id\":null,\"artifacts_saved\":false,\"artifact_s3_path\":null,\"has_docs_generated\":false,\"has_sources_generated\":false,\"notifications_sent\":false,\"blocked_by\":[],\"created_at\":\"2026-09-19 13:49:35.384677+00:00\",\"updated_at\":\"2026-09-19 13:49:35.384686+00:00\",\"dequeued_at\":null,\"started_at\":null,\"finished_at\":null,\"last_checked_at\":null,\"last_heartbeat_at\":null,\"should_start_at\":null,\"trigger\":{\"id\":70506183794314,\"cause\":\"Triggered via Airflow PythonOperator\",\"job_definition_id\":70506183139983,\"git_branch\":null,\"git_sha\":null,\"azure_pull_request_id\":null,\"github_pull_request_id\":null,\"gitlab_merge_request_id\":null,\"non_native_pull_request_id\":null,\"schema_override\":null,\"dbt_version_override\":null,\"threads_override\":null,\"target_name_override\":null,\"generate_docs_override\":null,\"timeout_seconds_override\":null,\"steps_override\":null,\"cause_category\":\"api\",\"cause_humanized\":\"Triggered via Airflow PythonOperator\",\"uuid\":\"01a0b9ed-f6f3-78a8-8c7d-c913e54e6fb2\",\"created_at\":\"2026-09-19 13:49:35.352560+00:00\",\"job\":null},\"job\":{\"id\":70506183139983,\"account_id\":70506183144876,\"project_id\":70506183167863,\"environment_id\":70506183157573,\"name\":\"dbt_airflow_job\",\"dbt_version\":null,\"deactivated\":false,\"deactivation_reason\":null,\"deferring_environment_id\":null,\"deferring_job_definition_id\":null,\"description\":\"\",\"execute_steps\":[\"dbt build\",\"dbt docs generate\"],\"execution\":{\"timeout_seconds\":0},\"generate_docs\":false,\"is_system\":false,\"is_deferrable\":false,\"job_type\":\"other\",\"lifecycle_webhooks_url\":null,\"lifecycle_webhooks\":false,\"raw_dbt_version\":null,\"run_compare_changes\":false,\"compare_changes_flags\":\"--select state:modified\",\"run_failure_count\":0,\"run_generate_sources\":false,\"run_lint\":false,\"errors_on_lint_failure\":true,\"force_node_selection\":true,\"cost_optimization_features\":[],\"is_fusion_ready_override\":false,\"settings\":{\"threads\":4,\"target_name\":\"default\"},\"state\":1,\"triggers_on_draft_pr\":false,\"triggers\":{\"github_webhook\":false,\"schedule\":false,\"git_provider_webhook\":false,\"on_merge\":false,\"custom_branch_only\":null},\"job_completion_trigger_condition\":null,\"created_at\":\"2026-09-18 17:54:28.694726+00:00\",\"updated_at\":\"2026-09-19 12:07:26.815599+00:00\",\"account\":null,\"project\":null,\"environment\":null,\"most_recent_run\":null,\"most_recent_completed_run\":null,\"fusion_readiness\":null,\"schedule\":{\"cron\":\"7 */12 * * 0,1,2,3,4,5,6\",\"date\":\"interval_cron\",\"time\":\"every_hour\"}},\"environment\":null,\"run_steps\":[],\"deprecation\":null,\"status_humanized\":\"Queued\",\"in_progress\":true,\"is_complete\":false,\"is_success\":false,\"is_error\":false,\"is_cancelled\":false,\"duration\":\"00:00:00\",\"queued_duration\":\"00:00:00\",\"run_duration\":\"00:00:00\",\"duration_humanized\":\"0 minutes\",\"queued_duration_humanized\":\"0 minutes\",\"run_duration_humanized\":\"0 minutes\",\"created_at_humanized\":\"0 minutes ago\",\"finished_at_humanized\":\"0 minutes from now\",\"retrying_run_id\":null,\"can_retry\":false,\"retry_not_supported_reason\":\"RETRY_NOT_FAILED_RUN\",\"job_id\":70506183139983,\"is_running\":null,\"href\":\"https://nj024.us1.dbt.com/deploy/70506183144876/projects/70506183167863/runs/70506183794314/\",\"used_repo_cache\":null,\"audit\":null},\"extra\":{},\"error_code\":null}","exc_notes":[],"syntax_error":null,"is_cause":false,"frames":[{"filename":"/home/airflow/.local/lib/python3.13/site-packages/airflow/dag_processing/importers/python_importer.py","lineno":238,"name":"parse"},{"filename":"<frozen importlib._bootstrap_external>","lineno":1023,"name":"exec_module"},{"filename":"<frozen importlib._bootstrap>","lineno":488,"name":"_call_with_frames_removed"},{"filename":"/opt/airflow/dags/aws_project.py","lineno":105,"name":"<module>"},{"filename":"/home/airflow/.local/lib/python3.13/site-packages/airflow/sdk/definitions/dag.py","lineno":1629,"name":"factory"},{"filename":"/opt/airflow/dags/aws_project.py","lineno":102,"name":"aws_project"},{"filename":"/opt/airflow/dags/aws_project.py","lineno":97,"name":"trigger_dbt_job_via_python"}],"is_group":false,"exceptions":[]}]}
{"timestamp":"2026-09-19T13:49:35.505333Z","level":"error","event":"Error loading DAG from aws_project.py: ❌ Failed with Status Code 200: {\"status\":{\"code\":200,\"is_success\":true,\"user_message\":\"Success!\",\"developer_message\":\"\"},\"data\":{\"id\":70506183794314,\"trigger_id\":70506183794314,\"account_id\":70506183144876,\"environment_id\":70506183157573,\"project_id\":70506183167863,\"job_definition_id\":70506183139983,\"status\":1,\"dbt_version\":\"fusion-stable\",\"git_branch\":null,\"git_sha\":null,\"status_message\":null,\"owner_thread_id\":null,\"executed_by_thread_id\":null,\"deferring_run_id\":null,\"artifacts_saved\":false,\"artifact_s3_path\":null,\"has_docs_generated\":false,\"has_sources_generated\":false,\"notifications_sent\":false,\"blocked_by\":[],\"created_at\":\"2026-09-19 13:49:35.384677+00:00\",\"updated_at\":\"2026-09-19 13:49:35.384686+00:00\",\"dequeued_at\":null,\"started_at\":null,\"finished_at\":null,\"last_checked_at\":null,\"last_heartbeat_at\":null,\"should_start_at\":null,\"trigger\":{\"id\":70506183794314,\"cause\":\"Triggered via Airflow PythonOperator\",\"job_definition_id\":70506183139983,\"git_branch\":null,\"git_sha\":null,\"azure_pull_request_id\":null,\"github_pull_request_id\":null,\"gitlab_merge_request_id\":null,\"non_native_pull_request_id\":null,\"schema_override\":null,\"dbt_version_override\":null,\"threads_override\":null,\"target_name_override\":null,\"generate_docs_override\":null,\"timeout_seconds_override\":null,\"steps_override\":null,\"cause_category\":\"api\",\"cause_humanized\":\"Triggered via Airflow PythonOperator\",\"uuid\":\"01a0b9ed-f6f3-78a8-8c7d-c913e54e6fb2\",\"created_at\":\"2026-09-19 13:49:35.352560+00:00\",\"job\":null},\"job\":{\"id\":70506183139983,\"account_id\":70506183144876,\"project_id\":70506183167863,\"environment_id\":70506183157573,\"name\":\"dbt_airflow_job\",\"dbt_version\":null,\"deactivated\":false,\"deactivation_reason\":null,\"deferring_environment_id\":null,\"deferring_job_definition_id\":null,\"description\":\"\",\"execute_steps\":[\"dbt build\",\"dbt docs generate\"],\"execution\":{\"timeout_seconds\":0},\"generate_docs\":false,\"is_system\":false,\"is_deferrable\":false,\"job_type\":\"other\",\"lifecycle_webhooks_url\":null,\"lifecycle_webhooks\":false,\"raw_dbt_version\":null,\"run_compare_changes\":false,\"compare_changes_flags\":\"--select state:modified\",\"run_failure_count\":0,\"run_generate_sources\":false,\"run_lint\":false,\"errors_on_lint_failure\":true,\"force_node_selection\":true,\"cost_optimization_features\":[],\"is_fusion_ready_override\":false,\"settings\":{\"threads\":4,\"target_name\":\"default\"},\"state\":1,\"triggers_on_draft_pr\":false,\"triggers\":{\"github_webhook\":false,\"schedule\":false,\"git_provider_webhook\":false,\"on_merge\":false,\"custom_branch_only\":null},\"job_completion_trigger_condition\":null,\"created_at\":\"2026-09-18 17:54:28.694726+00:00\",\"updated_at\":\"2026-09-19 12:07:26.815599+00:00\",\"account\":null,\"project\":null,\"environment\":null,\"most_recent_run\":null,\"most_recent_completed_run\":null,\"fusion_readiness\":null,\"schedule\":{\"cron\":\"7 */12 * * 0,1,2,3,4,5,6\",\"date\":\"interval_cron\",\"time\":\"every_hour\"}},\"environment\":null,\"run_steps\":[],\"deprecation\":null,\"status_humanized\":\"Queued\",\"in_progress\":true,\"is_complete\":false,\"is_success\":false,\"is_error\":false,\"is_cancelled\":false,\"duration\":\"00:00:00\",\"queued_duration\":\"00:00:00\",\"run_duration\":\"00:00:00\",\"duration_humanized\":\"0 minutes\",\"queued_duration_humanized\":\"0 minutes\",\"run_duration_humanized\":\"0 minutes\",\"created_at_humanized\":\"0 minutes ago\",\"finished_at_humanized\":\"0 minutes from now\",\"retrying_run_id\":null,\"can_retry\":false,\"retry_not_supported_reason\":\"RETRY_NOT_FAILED_RUN\",\"job_id\":70506183139983,\"is_running\":null,\"href\":\"https://nj024.us1.dbt.com/deploy/70506183144876/projects/70506183167863/runs/70506183794314/\",\"used_repo_cache\":null,\"audit\":null},\"extra\":{},\"error_code\":null}","logger":"airflow.dag_processing.dagbag.BundleDagBag","filename":"dagbag.py","lineno":327}
{"timestamp":"2026-09-19T13:49:35.505568Z","level":"warning","event":"The `airflow.operators.python.PythonOperator` attribute is deprecated. Please use `'airflow.providers.standard.operators.python.PythonOperator'`.","category":"UserWarning","filename":"/opt/airflow/dags/aws_project.py","lineno":10,"logger":"py.warnings"}
{"timestamp":"2026-09-19T13:50:05.734432Z","level":"info","event":"Filling up the DagBag from /opt/airflow/dags/aws_project.py","logger":"airflow.dag_processing.dagbag.BundleDagBag","filename":"dagbag.py","lineno":469}
{"timestamp":"2026-09-19T13:50:06.327791Z","level":"info","event":"🚀 Sending direct POST request to: https://nj024.us1.dbt.com/api/v2/accounts/70506183144876/jobs/70506183139983/run/","logger":"task.stdout"}
{"timestamp":"2026-09-19T13:50:07.176319Z","level":"error","event":"Failed to import: /opt/airflow/dags/aws_project.py","logger":"airflow.dag_processing.importers.python_importer","filename":"python_importer.py","lineno":244,"error_detail":[{"exc_type":"Exception","exc_value":"❌ Failed with Status Code 200: {\"status\":{\"code\":200,\"is_success\":true,\"user_message\":\"Success!\",\"developer_message\":\"\"},\"data\":{\"id\":70506183794319,\"trigger_id\":70506183794319,\"account_id\":70506183144876,\"environment_id\":70506183157573,\"project_id\":70506183167863,\"job_definition_id\":70506183139983,\"status\":1,\"dbt_version\":\"fusion-stable\",\"git_branch\":null,\"git_sha\":null,\"status_message\":null,\"owner_thread_id\":null,\"executed_by_thread_id\":null,\"deferring_run_id\":null,\"artifacts_saved\":false,\"artifact_s3_path\":null,\"has_docs_generated\":false,\"has_sources_generated\":false,\"notifications_sent\":false,\"blocked_by\":[],\"created_at\":\"2026-09-19 13:50:07.067712+00:00\",\"updated_at\":\"2026-09-19 13:50:07.067721+00:00\",\"dequeued_at\":null,\"started_at\":null,\"finished_at\":null,\"last_checked_at\":null,\"last_heartbeat_at\":null,\"should_start_at\":null,\"trigger\":{\"id\":70506183794319,\"cause\":\"Triggered via Airflow PythonOperator\",\"job_definition_id\":70506183139983,\"git_branch\":null,\"git_sha\":null,\"azure_pull_request_id\":null,\"github_pull_request_id\":null,\"gitlab_merge_request_id\":null,\"non_native_pull_request_id\":null,\"schema_override\":null,\"dbt_version_override\":null,\"threads_override\":null,\"target_name_override\":null,\"generate_docs_override\":null,\"timeout_seconds_override\":null,\"steps_override\":null,\"cause_category\":\"api\",\"cause_humanized\":\"Triggered via Airflow PythonOperator\",\"uuid\":\"01a0b9ee-72ba-7832-9317-43e11ca46bb8\",\"created_at\":\"2026-09-19 13:50:07.038546+00:00\",\"job\":null},\"job\":{\"id\":70506183139983,\"account_id\":70506183144876,\"project_id\":70506183167863,\"environment_id\":70506183157573,\"name\":\"dbt_airflow_job\",\"dbt_version\":null,\"deactivated\":false,\"deactivation_reason\":null,\"deferring_environment_id\":null,\"deferring_job_definition_id\":null,\"description\":\"\",\"execute_steps\":[\"dbt build\",\"dbt docs generate\"],\"execution\":{\"timeout_seconds\":0},\"generate_docs\":false,\"is_system\":false,\"is_deferrable\":false,\"job_type\":\"other\",\"lifecycle_webhooks_url\":null,\"lifecycle_webhooks\":false,\"raw_dbt_version\":null,\"run_compare_changes\":false,\"compare_changes_flags\":\"--select state:modified\",\"run_failure_count\":0,\"run_generate_sources\":false,\"run_lint\":false,\"errors_on_lint_failure\":true,\"force_node_selection\":true,\"cost_optimization_features\":[],\"is_fusion_ready_override\":false,\"settings\":{\"threads\":4,\"target_name\":\"default\"},\"state\":1,\"triggers_on_draft_pr\":false,\"triggers\":{\"github_webhook\":false,\"schedule\":false,\"git_provider_webhook\":false,\"on_merge\":false,\"custom_branch_only\":null},\"job_completion_trigger_condition\":null,\"created_at\":\"2026-09-18 17:54:28.694726+00:00\",\"updated_at\":\"2026-09-19 13:49:41.196113+00:00\",\"account\":null,\"project\":null,\"environment\":null,\"most_recent_run\":null,\"most_recent_completed_run\":null,\"fusion_readiness\":null,\"schedule\":{\"cron\":\"7 */12 * * 0,1,2,3,4,5,6\",\"date\":\"interval_cron\",\"time\":\"every_hour\"}},\"environment\":null,\"run_steps\":[],\"deprecation\":null,\"status_humanized\":\"Queued\",\"in_progress\":true,\"is_complete\":false,\"is_success\":false,\"is_error\":false,\"is_cancelled\":false,\"duration\":\"00:00:00\",\"queued_duration\":\"00:00:00\",\"run_duration\":\"00:00:00\",\"duration_humanized\":\"0 minutes\",\"queued_duration_humanized\":\"0 minutes\",\"run_duration_humanized\":\"0 minutes\",\"created_at_humanized\":\"0 minutes ago\",\"finished_at_humanized\":\"0 minutes from now\",\"retrying_run_id\":null,\"can_retry\":false,\"retry_not_supported_reason\":\"RETRY_NOT_FAILED_RUN\",\"job_id\":70506183139983,\"is_running\":null,\"href\":\"https://nj024.us1.dbt.com/deploy/70506183144876/projects/70506183167863/runs/70506183794319/\",\"used_repo_cache\":null,\"audit\":null},\"extra\":{},\"error_code\":null}","exc_notes":[],"syntax_error":null,"is_cause":false,"frames":[{"filename":"/home/airflow/.local/lib/python3.13/site-packages/airflow/dag_processing/importers/python_importer.py","lineno":238,"name":"parse"},{"filename":"<frozen importlib._bootstrap_external>","lineno":1023,"name":"exec_module"},{"filename":"<frozen importlib._bootstrap>","lineno":488,"name":"_call_with_frames_removed"},{"filename":"/opt/airflow/dags/aws_project.py","lineno":105,"name":"<module>"},{"filename":"/home/airflow/.local/lib/python3.13/site-packages/airflow/sdk/definitions/dag.py","lineno":1629,"name":"factory"},{"filename":"/opt/airflow/dags/aws_project.py","lineno":102,"name":"aws_project"},{"filename":"/opt/airflow/dags/aws_project.py","lineno":97,"name":"trigger_dbt_job_via_python"}],"is_group":false,"exceptions":[]}]}
{"timestamp":"2026-09-19T13:50:07.179807Z","level":"error","event":"Error loading DAG from aws_project.py: ❌ Failed with Status Code 200: {\"status\":{\"code\":200,\"is_success\":true,\"user_message\":\"Success!\",\"developer_message\":\"\"},\"data\":{\"id\":70506183794319,\"trigger_id\":70506183794319,\"account_id\":70506183144876,\"environment_id\":70506183157573,\"project_id\":70506183167863,\"job_definition_id\":70506183139983,\"status\":1,\"dbt_version\":\"fusion-stable\",\"git_branch\":null,\"git_sha\":null,\"status_message\":null,\"owner_thread_id\":null,\"executed_by_thread_id\":null,\"deferring_run_id\":null,\"artifacts_saved\":false,\"artifact_s3_path\":null,\"has_docs_generated\":false,\"has_sources_generated\":false,\"notifications_sent\":false,\"blocked_by\":[],\"created_at\":\"2026-09-19 13:50:07.067712+00:00\",\"updated_at\":\"2026-09-19 13:50:07.067721+00:00\",\"dequeued_at\":null,\"started_at\":null,\"finished_at\":null,\"last_checked_at\":null,\"last_heartbeat_at\":null,\"should_start_at\":null,\"trigger\":{\"id\":70506183794319,\"cause\":\"Triggered via Airflow PythonOperator\",\"job_definition_id\":70506183139983,\"git_branch\":null,\"git_sha\":null,\"azure_pull_request_id\":null,\"github_pull_request_id\":null,\"gitlab_merge_request_id\":null,\"non_native_pull_request_id\":null,\"schema_override\":null,\"dbt_version_override\":null,\"threads_override\":null,\"target_name_override\":null,\"generate_docs_override\":null,\"timeout_seconds_override\":null,\"steps_override\":null,\"cause_category\":\"api\",\"cause_humanized\":\"Triggered via Airflow PythonOperator\",\"uuid\":\"01a0b9ee-72ba-7832-9317-43e11ca46bb8\",\"created_at\":\"2026-09-19 13:50:07.038546+00:00\",\"job\":null},\"job\":{\"id\":70506183139983,\"account_id\":70506183144876,\"project_id\":70506183167863,\"environment_id\":70506183157573,\"name\":\"dbt_airflow_job\",\"dbt_version\":null,\"deactivated\":false,\"deactivation_reason\":null,\"deferring_environment_id\":null,\"deferring_job_definition_id\":null,\"description\":\"\",\"execute_steps\":[\"dbt build\",\"dbt docs generate\"],\"execution\":{\"timeout_seconds\":0},\"generate_docs\":false,\"is_system\":false,\"is_deferrable\":false,\"job_type\":\"other\",\"lifecycle_webhooks_url\":null,\"lifecycle_webhooks\":false,\"raw_dbt_version\":null,\"run_compare_changes\":false,\"compare_changes_flags\":\"--select state:modified\",\"run_failure_count\":0,\"run_generate_sources\":false,\"run_lint\":false,\"errors_on_lint_failure\":true,\"force_node_selection\":true,\"cost_optimization_features\":[],\"is_fusion_ready_override\":false,\"settings\":{\"threads\":4,\"target_name\":\"default\"},\"state\":1,\"triggers_on_draft_pr\":false,\"triggers\":{\"github_webhook\":false,\"schedule\":false,\"git_provider_webhook\":false,\"on_merge\":false,\"custom_branch_only\":null},\"job_completion_trigger_condition\":null,\"created_at\":\"2026-09-18 17:54:28.694726+00:00\",\"updated_at\":\"2026-09-19 13:49:41.196113+00:00\",\"account\":null,\"project\":null,\"environment\":null,\"most_recent_run\":null,\"most_recent_completed_run\":null,\"fusion_readiness\":null,\"schedule\":{\"cron\":\"7 */12 * * 0,1,2,3,4,5,6\",\"date\":\"interval_cron\",\"time\":\"every_hour\"}},\"environment\":null,\"run_steps\":[],\"deprecation\":null,\"status_humanized\":\"Queued\",\"in_progress\":true,\"is_complete\":false,\"is_success\":false,\"is_error\":false,\"is_cancelled\":false,\"duration\":\"00:00:00\",\"queued_duration\":\"00:00:00\",\"run_duration\":\"00:00:00\",\"duration_humanized\":\"0 minutes\",\"queued_duration_humanized\":\"0 minutes\",\"run_duration_humanized\":\"0 minutes\",\"created_at_humanized\":\"0 minutes ago\",\"finished_at_humanized\":\"0 minutes from now\",\"retrying_run_id\":null,\"can_retry\":false,\"retry_not_supported_reason\":\"RETRY_NOT_FAILED_RUN\",\"job_id\":70506183139983,\"is_running\":null,\"href\":\"https://nj024.us1.dbt.com/deploy/70506183144876/projects/70506183167863/runs/70506183794319/\",\"used_repo_cache\":null,\"audit\":null},\"extra\":{},\"error_code\":null}","logger":"airflow.dag_processing.dagbag.BundleDagBag","filename":"dagbag.py","lineno":327}
{"timestamp":"2026-09-19T13:50:07.180083Z","level":"warning","event":"The `airflow.operators.python.PythonOperator` attribute is deprecated. Please use `'airflow.providers.standard.operators.python.PythonOperator'`.","category":"UserWarning","filename":"/opt/airflow/dags/aws_project.py","lineno":10,"logger":"py.warnings"}
{"timestamp":"2026-09-19T13:50:37.397755Z","level":"info","event":"Filling up the DagBag from /opt/airflow/dags/aws_project.py","logger":"airflow.dag_processing.dagbag.BundleDagBag","filename":"dagbag.py","lineno":469}
{"timestamp":"2026-09-19T13:50:37.400787Z","level":"error","event":"Failed to import: /opt/airflow/dags/aws_project.py","logger":"airflow.dag_processing.importers.python_importer","filename":"python_importer.py","lineno":244,"error_detail":[{"exc_type":"IndentationError","exc_value":"expected an indented block after function definition on line 79 (aws_project.py, line 80)","exc_notes":[],"syntax_error":{"offset":5,"filename":"/opt/airflow/dags/aws_project.py","line":"    url = f\"{BASE_URL}/api/v2/accounts/{ACCOUNT_ID}/jobs/{JOB_ID}/run/\"\n","lineno":80,"msg":"expected an indented block after function definition on line 79"},"is_cause":false,"frames":[{"filename":"/home/airflow/.local/lib/python3.13/site-packages/airflow/dag_processing/importers/python_importer.py","lineno":238,"name":"parse"},{"filename":"<frozen importlib._bootstrap_external>","lineno":1019,"name":"exec_module"},{"filename":"<frozen importlib._bootstrap_external>","lineno":1157,"name":"get_code"},{"filename":"<frozen importlib._bootstrap_external>","lineno":1087,"name":"source_to_code"},{"filename":"<frozen importlib._bootstrap>","lineno":488,"name":"_call_with_frames_removed"}],"is_group":false,"exceptions":[]}]}
{"timestamp":"2026-09-19T13:50:37.401910Z","level":"error","event":"Error loading DAG from aws_project.py: expected an indented block after function definition on line 79 (aws_project.py, line 80)","logger":"airflow.dag_processing.dagbag.BundleDagBag","filename":"dagbag.py","lineno":327}
{"timestamp":"2026-09-19T13:50:42.473390Z","level":"info","event":"Filling up the DagBag from /opt/airflow/dags/aws_project.py","logger":"airflow.dag_processing.dagbag.BundleDagBag","filename":"dagbag.py","lineno":469}
{"timestamp":"2026-09-19T13:50:43.050997Z","level":"error","event":"Failed to import: /opt/airflow/dags/aws_project.py","logger":"airflow.dag_processing.importers.python_importer","filename":"python_importer.py","lineno":244,"error_detail":[{"exc_type":"NameError","exc_value":"name 'BASE_URL' is not defined","exc_notes":[],"syntax_error":null,"is_cause":false,"frames":[{"filename":"/home/airflow/.local/lib/python3.13/site-packages/airflow/dag_processing/importers/python_importer.py","lineno":238,"name":"parse"},{"filename":"<frozen importlib._bootstrap_external>","lineno":1023,"name":"exec_module"},{"filename":"<frozen importlib._bootstrap>","lineno":488,"name":"_call_with_frames_removed"},{"filename":"/opt/airflow/dags/aws_project.py","lineno":104,"name":"<module>"},{"filename":"/home/airflow/.local/lib/python3.13/site-packages/airflow/sdk/definitions/dag.py","lineno":1629,"name":"factory"},{"filename":"/opt/airflow/dags/aws_project.py","lineno":101,"name":"aws_project"},{"filename":"/opt/airflow/dags/aws_project.py","lineno":80,"name":"trigger_dbt_job_via_python"}],"is_group":false,"exceptions":[]}]}
{"timestamp":"2026-09-19T13:50:43.052812Z","level":"error","event":"Error loading DAG from aws_project.py: name 'BASE_URL' is not defined","logger":"airflow.dag_processing.dagbag.BundleDagBag","filename":"dagbag.py","lineno":327}
{"timestamp":"2026-09-19T13:50:43.053047Z","level":"warning","event":"The `airflow.operators.python.PythonOperator` attribute is deprecated. Please use `'airflow.providers.standard.operators.python.PythonOperator'`.","category":"UserWarning","filename":"/opt/airflow/dags/aws_project.py","lineno":10,"logger":"py.warnings"}
{"timestamp":"2026-09-19T13:50:56.182893Z","level":"info","event":"Filling up the DagBag from /opt/airflow/dags/aws_project.py","logger":"airflow.dag_processing.dagbag.BundleDagBag","filename":"dagbag.py","lineno":469}
{"timestamp":"2026-09-19T13:50:56.780804Z","level":"info","event":"🚀 Sending direct POST request to: https://nj024.us1.dbt.com/api/v2/accounts/70506183144876/jobs/70506183139983/run/","logger":"task.stdout"}
{"timestamp":"2026-09-19T13:50:57.756158Z","level":"error","event":"Failed to import: /opt/airflow/dags/aws_project.py","logger":"airflow.dag_processing.importers.python_importer","filename":"python_importer.py","lineno":244,"error_detail":[{"exc_type":"Exception","exc_value":"❌ Failed with Status Code 200: {\"status\":{\"code\":200,\"is_success\":true,\"user_message\":\"Success!\",\"developer_message\":\"\"},\"data\":{\"id\":70506183794320,\"trigger_id\":70506183794320,\"account_id\":70506183144876,\"environment_id\":70506183157573,\"project_id\":70506183167863,\"job_definition_id\":70506183139983,\"status\":1,\"dbt_version\":\"fusion-stable\",\"git_branch\":null,\"git_sha\":null,\"status_message\":null,\"owner_thread_id\":null,\"executed_by_thread_id\":null,\"deferring_run_id\":null,\"artifacts_saved\":false,\"artifact_s3_path\":null,\"has_docs_generated\":false,\"has_sources_generated\":false,\"notifications_sent\":false,\"blocked_by\":[],\"created_at\":\"2026-09-19 13:50:57.629416+00:00\",\"updated_at\":\"2026-09-19 13:50:57.629428+00:00\",\"dequeued_at\":null,\"started_at\":null,\"finished_at\":null,\"last_checked_at\":null,\"last_heartbeat_at\":null,\"should_start_at\":null,\"trigger\":{\"id\":70506183794320,\"cause\":\"Triggered via Airflow PythonOperator\",\"job_definition_id\":70506183139983,\"git_branch\":null,\"git_sha\":null,\"azure_pull_request_id\":null,\"github_pull_request_id\":null,\"gitlab_merge_request_id\":null,\"non_native_pull_request_id\":null,\"schema_override\":null,\"dbt_version_override\":null,\"threads_override\":null,\"target_name_override\":null,\"generate_docs_override\":null,\"timeout_seconds_override\":null,\"steps_override\":null,\"cause_category\":\"api\",\"cause_humanized\":\"Triggered via Airflow PythonOperator\",\"uuid\":\"01a0b9ef-3832-78f2-9258-9f823b239de9\",\"created_at\":\"2026-09-19 13:50:57.591862+00:00\",\"job\":null},\"job\":{\"id\":70506183139983,\"account_id\":70506183144876,\"project_id\":70506183167863,\"environment_id\":70506183157573,\"name\":\"dbt_airflow_job\",\"dbt_version\":null,\"deactivated\":false,\"deactivation_reason\":null,\"deferring_environment_id\":null,\"deferring_job_definition_id\":null,\"description\":\"\",\"execute_steps\":[\"dbt build\",\"dbt docs generate\"],\"execution\":{\"timeout_seconds\":0},\"generate_docs\":false,\"is_system\":false,\"is_deferrable\":false,\"job_type\":\"other\",\"lifecycle_webhooks_url\":null,\"lifecycle_webhooks\":false,\"raw_dbt_version\":null,\"run_compare_changes\":false,\"compare_changes_flags\":\"--select state:modified\",\"run_failure_count\":0,\"run_generate_sources\":false,\"run_lint\":false,\"errors_on_lint_failure\":true,\"force_node_selection\":true,\"cost_optimization_features\":[],\"is_fusion_ready_override\":false,\"settings\":{\"threads\":4,\"target_name\":\"default\"},\"state\":1,\"triggers_on_draft_pr\":false,\"triggers\":{\"github_webhook\":false,\"schedule\":false,\"git_provider_webhook\":false,\"on_merge\":false,\"custom_branch_only\":null},\"job_completion_trigger_condition\":null,\"created_at\":\"2026-09-18 17:54:28.694726+00:00\",\"updated_at\":\"2026-09-19 13:50:48.229984+00:00\",\"account\":null,\"project\":null,\"environment\":null,\"most_recent_run\":null,\"most_recent_completed_run\":null,\"fusion_readiness\":null,\"schedule\":{\"cron\":\"7 */12 * * 0,1,2,3,4,5,6\",\"date\":\"interval_cron\",\"time\":\"every_hour\"}},\"environment\":null,\"run_steps\":[],\"deprecation\":null,\"status_humanized\":\"Queued\",\"in_progress\":true,\"is_complete\":false,\"is_success\":false,\"is_error\":false,\"is_cancelled\":false,\"duration\":\"00:00:00\",\"queued_duration\":\"00:00:00\",\"run_duration\":\"00:00:00\",\"duration_humanized\":\"0 minutes\",\"queued_duration_humanized\":\"0 minutes\",\"run_duration_humanized\":\"0 minutes\",\"created_at_humanized\":\"0 minutes ago\",\"finished_at_humanized\":\"0 minutes from now\",\"retrying_run_id\":null,\"can_retry\":false,\"retry_not_supported_reason\":\"RETRY_NOT_FAILED_RUN\",\"job_id\":70506183139983,\"is_running\":null,\"href\":\"https://nj024.us1.dbt.com/deploy/70506183144876/projects/70506183167863/runs/70506183794320/\",\"used_repo_cache\":null,\"audit\":null},\"extra\":{},\"error_code\":null}","exc_notes":[],"syntax_error":null,"is_cause":false,"frames":[{"filename":"/home/airflow/.local/lib/python3.13/site-packages/airflow/dag_processing/importers/python_importer.py","lineno":238,"name":"parse"},{"filename":"<frozen importlib._bootstrap_external>","lineno":1023,"name":"exec_module"},{"filename":"<frozen importlib._bootstrap>","lineno":488,"name":"_call_with_frames_removed"},{"filename":"/opt/airflow/dags/aws_project.py","lineno":104,"name":"<module>"},{"filename":"/home/airflow/.local/lib/python3.13/site-packages/airflow/sdk/definitions/dag.py","lineno":1629,"name":"factory"},{"filename":"/opt/airflow/dags/aws_project.py","lineno":101,"name":"aws_project"},{"filename":"/opt/airflow/dags/aws_project.py","lineno":96,"name":"trigger_dbt_job_via_python"}],"is_group":false,"exceptions":[]}]}
{"timestamp":"2026-09-19T13:50:57.761162Z","level":"error","event":"Error loading DAG from aws_project.py: ❌ Failed with Status Code 200: {\"status\":{\"code\":200,\"is_success\":true,\"user_message\":\"Success!\",\"developer_message\":\"\"},\"data\":{\"id\":70506183794320,\"trigger_id\":70506183794320,\"account_id\":70506183144876,\"environment_id\":70506183157573,\"project_id\":70506183167863,\"job_definition_id\":70506183139983,\"status\":1,\"dbt_version\":\"fusion-stable\",\"git_branch\":null,\"git_sha\":null,\"status_message\":null,\"owner_thread_id\":null,\"executed_by_thread_id\":null,\"deferring_run_id\":null,\"artifacts_saved\":false,\"artifact_s3_path\":null,\"has_docs_generated\":false,\"has_sources_generated\":false,\"notifications_sent\":false,\"blocked_by\":[],\"created_at\":\"2026-09-19 13:50:57.629416+00:00\",\"updated_at\":\"2026-09-19 13:50:57.629428+00:00\",\"dequeued_at\":null,\"started_at\":null,\"finished_at\":null,\"last_checked_at\":null,\"last_heartbeat_at\":null,\"should_start_at\":null,\"trigger\":{\"id\":70506183794320,\"cause\":\"Triggered via Airflow PythonOperator\",\"job_definition_id\":70506183139983,\"git_branch\":null,\"git_sha\":null,\"azure_pull_request_id\":null,\"github_pull_request_id\":null,\"gitlab_merge_request_id\":null,\"non_native_pull_request_id\":null,\"schema_override\":null,\"dbt_version_override\":null,\"threads_override\":null,\"target_name_override\":null,\"generate_docs_override\":null,\"timeout_seconds_override\":null,\"steps_override\":null,\"cause_category\":\"api\",\"cause_humanized\":\"Triggered via Airflow PythonOperator\",\"uuid\":\"01a0b9ef-3832-78f2-9258-9f823b239de9\",\"created_at\":\"2026-09-19 13:50:57.591862+00:00\",\"job\":null},\"job\":{\"id\":70506183139983,\"account_id\":70506183144876,\"project_id\":70506183167863,\"environment_id\":70506183157573,\"name\":\"dbt_airflow_job\",\"dbt_version\":null,\"deactivated\":false,\"deactivation_reason\":null,\"deferring_environment_id\":null,\"deferring_job_definition_id\":null,\"description\":\"\",\"execute_steps\":[\"dbt build\",\"dbt docs generate\"],\"execution\":{\"timeout_seconds\":0},\"generate_docs\":false,\"is_system\":false,\"is_deferrable\":false,\"job_type\":\"other\",\"lifecycle_webhooks_url\":null,\"lifecycle_webhooks\":false,\"raw_dbt_version\":null,\"run_compare_changes\":false,\"compare_changes_flags\":\"--select state:modified\",\"run_failure_count\":0,\"run_generate_sources\":false,\"run_lint\":false,\"errors_on_lint_failure\":true,\"force_node_selection\":true,\"cost_optimization_features\":[],\"is_fusion_ready_override\":false,\"settings\":{\"threads\":4,\"target_name\":\"default\"},\"state\":1,\"triggers_on_draft_pr\":false,\"triggers\":{\"github_webhook\":false,\"schedule\":false,\"git_provider_webhook\":false,\"on_merge\":false,\"custom_branch_only\":null},\"job_completion_trigger_condition\":null,\"created_at\":\"2026-09-18 17:54:28.694726+00:00\",\"updated_at\":\"2026-09-19 13:50:48.229984+00:00\",\"account\":null,\"project\":null,\"environment\":null,\"most_recent_run\":null,\"most_recent_completed_run\":null,\"fusion_readiness\":null,\"schedule\":{\"cron\":\"7 */12 * * 0,1,2,3,4,5,6\",\"date\":\"interval_cron\",\"time\":\"every_hour\"}},\"environment\":null,\"run_steps\":[],\"deprecation\":null,\"status_humanized\":\"Queued\",\"in_progress\":true,\"is_complete\":false,\"is_success\":false,\"is_error\":false,\"is_cancelled\":false,\"duration\":\"00:00:00\",\"queued_duration\":\"00:00:00\",\"run_duration\":\"00:00:00\",\"duration_humanized\":\"0 minutes\",\"queued_duration_humanized\":\"0 minutes\",\"run_duration_humanized\":\"0 minutes\",\"created_at_humanized\":\"0 minutes ago\",\"finished_at_humanized\":\"0 minutes from now\",\"retrying_run_id\":null,\"can_retry\":false,\"retry_not_supported_reason\":\"RETRY_NOT_FAILED_RUN\",\"job_id\":70506183139983,\"is_running\":null,\"href\":\"https://nj024.us1.dbt.com/deploy/70506183144876/projects/70506183167863/runs/70506183794320/\",\"used_repo_cache\":null,\"audit\":null},\"extra\":{},\"error_code\":null}","logger":"airflow.dag_processing.dagbag.BundleDagBag","filename":"dagbag.py","lineno":327}
{"timestamp":"2026-09-19T13:50:57.761464Z","level":"warning","event":"The `airflow.operators.python.PythonOperator` attribute is deprecated. Please use `'airflow.providers.standard.operators.python.PythonOperator'`.","category":"UserWarning","filename":"/opt/airflow/dags/aws_project.py","lineno":10,"logger":"py.warnings"}
{"timestamp":"2026-09-19T13:51:28.000783Z","level":"info","event":"Filling up the DagBag from /opt/airflow/dags/aws_project.py","logger":"airflow.dag_processing.dagbag.BundleDagBag","filename":"dagbag.py","lineno":469}
{"timestamp":"2026-09-19T13:51:28.591554Z","level":"info","event":"🚀 Sending direct POST request to: https://nj024.us1.dbt.com/api/v2/accounts/70506183144876/jobs/70506183139983/run/","logger":"task.stdout"}
{"timestamp":"2026-09-19T13:51:29.422824Z","level":"error","event":"Failed to import: /opt/airflow/dags/aws_project.py","logger":"airflow.dag_processing.importers.python_importer","filename":"python_importer.py","lineno":244,"error_detail":[{"exc_type":"Exception","exc_value":"❌ Failed with Status Code 200: {\"status\":{\"code\":200,\"is_success\":true,\"user_message\":\"Success!\",\"developer_message\":\"\"},\"data\":{\"id\":70506183794322,\"trigger_id\":70506183794322,\"account_id\":70506183144876,\"environment_id\":70506183157573,\"project_id\":70506183167863,\"job_definition_id\":70506183139983,\"status\":1,\"dbt_version\":\"fusion-stable\",\"git_branch\":null,\"git_sha\":null,\"status_message\":null,\"owner_thread_id\":null,\"executed_by_thread_id\":null,\"deferring_run_id\":null,\"artifacts_saved\":false,\"artifact_s3_path\":null,\"has_docs_generated\":false,\"has_sources_generated\":false,\"notifications_sent\":false,\"blocked_by\":[],\"created_at\":\"2026-09-19 13:51:29.304116+00:00\",\"updated_at\":\"2026-09-19 13:51:29.304127+00:00\",\"dequeued_at\":null,\"started_at\":null,\"finished_at\":null,\"last_checked_at\":null,\"last_heartbeat_at\":null,\"should_start_at\":null,\"trigger\":{\"id\":70506183794322,\"cause\":\"Triggered via Airflow PythonOperator\",\"job_definition_id\":70506183139983,\"git_branch\":null,\"git_sha\":null,\"azure_pull_request_id\":null,\"github_pull_request_id\":null,\"gitlab_merge_request_id\":null,\"non_native_pull_request_id\":null,\"schema_override\":null,\"dbt_version_override\":null,\"threads_override\":null,\"target_name_override\":null,\"generate_docs_override\":null,\"timeout_seconds_override\":null,\"steps_override\":null,\"cause_category\":\"api\",\"cause_humanized\":\"Triggered via Airflow PythonOperator\",\"uuid\":\"01a0b9ef-b3f2-7e4c-b814-f32b873d30c8\",\"created_at\":\"2026-09-19 13:51:29.270952+00:00\",\"job\":null},\"job\":{\"id\":70506183139983,\"account_id\":70506183144876,\"project_id\":70506183167863,\"environment_id\":70506183157573,\"name\":\"dbt_airflow_job\",\"dbt_version\":null,\"deactivated\":false,\"deactivation_reason\":null,\"deferring_environment_id\":null,\"deferring_job_definition_id\":null,\"description\":\"\",\"execute_steps\":[\"dbt build\",\"dbt docs generate\"],\"execution\":{\"timeout_seconds\":0},\"generate_docs\":false,\"is_system\":false,\"is_deferrable\":false,\"job_type\":\"other\",\"lifecycle_webhooks_url\":null,\"lifecycle_webhooks\":false,\"raw_dbt_version\":null,\"run_compare_changes\":false,\"compare_changes_flags\":\"--select state:modified\",\"run_failure_count\":0,\"run_generate_sources\":false,\"run_lint\":false,\"errors_on_lint_failure\":true,\"force_node_selection\":true,\"cost_optimization_features\":[],\"is_fusion_ready_override\":false,\"settings\":{\"threads\":4,\"target_name\":\"default\"},\"state\":1,\"triggers_on_draft_pr\":false,\"triggers\":{\"github_webhook\":false,\"schedule\":false,\"git_provider_webhook\":false,\"on_merge\":false,\"custom_branch_only\":null},\"job_completion_trigger_condition\":null,\"created_at\":\"2026-09-18 17:54:28.694726+00:00\",\"updated_at\":\"2026-09-19 13:50:48.229984+00:00\",\"account\":null,\"project\":null,\"environment\":null,\"most_recent_run\":null,\"most_recent_completed_run\":null,\"fusion_readiness\":null,\"schedule\":{\"cron\":\"7 */12 * * 0,1,2,3,4,5,6\",\"date\":\"interval_cron\",\"time\":\"every_hour\"}},\"environment\":null,\"run_steps\":[],\"deprecation\":null,\"status_humanized\":\"Queued\",\"in_progress\":true,\"is_complete\":false,\"is_success\":false,\"is_error\":false,\"is_cancelled\":false,\"duration\":\"00:00:00\",\"queued_duration\":\"00:00:00\",\"run_duration\":\"00:00:00\",\"duration_humanized\":\"0 minutes\",\"queued_duration_humanized\":\"0 minutes\",\"run_duration_humanized\":\"0 minutes\",\"created_at_humanized\":\"0 minutes ago\",\"finished_at_humanized\":\"0 minutes from now\",\"retrying_run_id\":null,\"can_retry\":false,\"retry_not_supported_reason\":\"RETRY_NOT_FAILED_RUN\",\"job_id\":70506183139983,\"is_running\":null,\"href\":\"https://nj024.us1.dbt.com/deploy/70506183144876/projects/70506183167863/runs/70506183794322/\",\"used_repo_cache\":null,\"audit\":null},\"extra\":{},\"error_code\":null}","exc_notes":[],"syntax_error":null,"is_cause":false,"frames":[{"filename":"/home/airflow/.local/lib/python3.13/site-packages/airflow/dag_processing/importers/python_importer.py","lineno":238,"name":"parse"},{"filename":"<frozen importlib._bootstrap_external>","lineno":1023,"name":"exec_module"},{"filename":"<frozen importlib._bootstrap>","lineno":488,"name":"_call_with_frames_removed"},{"filename":"/opt/airflow/dags/aws_project.py","lineno":104,"name":"<module>"},{"filename":"/home/airflow/.local/lib/python3.13/site-packages/airflow/sdk/definitions/dag.py","lineno":1629,"name":"factory"},{"filename":"/opt/airflow/dags/aws_project.py","lineno":101,"name":"aws_project"},{"filename":"/opt/airflow/dags/aws_project.py","lineno":96,"name":"trigger_dbt_job_via_python"}],"is_group":false,"exceptions":[]}]}
{"timestamp":"2026-09-19T13:51:29.425978Z","level":"error","event":"Error loading DAG from aws_project.py: ❌ Failed with Status Code 200: {\"status\":{\"code\":200,\"is_success\":true,\"user_message\":\"Success!\",\"developer_message\":\"\"},\"data\":{\"id\":70506183794322,\"trigger_id\":70506183794322,\"account_id\":70506183144876,\"environment_id\":70506183157573,\"project_id\":70506183167863,\"job_definition_id\":70506183139983,\"status\":1,\"dbt_version\":\"fusion-stable\",\"git_branch\":null,\"git_sha\":null,\"status_message\":null,\"owner_thread_id\":null,\"executed_by_thread_id\":null,\"deferring_run_id\":null,\"artifacts_saved\":false,\"artifact_s3_path\":null,\"has_docs_generated\":false,\"has_sources_generated\":false,\"notifications_sent\":false,\"blocked_by\":[],\"created_at\":\"2026-09-19 13:51:29.304116+00:00\",\"updated_at\":\"2026-09-19 13:51:29.304127+00:00\",\"dequeued_at\":null,\"started_at\":null,\"finished_at\":null,\"last_checked_at\":null,\"last_heartbeat_at\":null,\"should_start_at\":null,\"trigger\":{\"id\":70506183794322,\"cause\":\"Triggered via Airflow PythonOperator\",\"job_definition_id\":70506183139983,\"git_branch\":null,\"git_sha\":null,\"azure_pull_request_id\":null,\"github_pull_request_id\":null,\"gitlab_merge_request_id\":null,\"non_native_pull_request_id\":null,\"schema_override\":null,\"dbt_version_override\":null,\"threads_override\":null,\"target_name_override\":null,\"generate_docs_override\":null,\"timeout_seconds_override\":null,\"steps_override\":null,\"cause_category\":\"api\",\"cause_humanized\":\"Triggered via Airflow PythonOperator\",\"uuid\":\"01a0b9ef-b3f2-7e4c-b814-f32b873d30c8\",\"created_at\":\"2026-09-19 13:51:29.270952+00:00\",\"job\":null},\"job\":{\"id\":70506183139983,\"account_id\":70506183144876,\"project_id\":70506183167863,\"environment_id\":70506183157573,\"name\":\"dbt_airflow_job\",\"dbt_version\":null,\"deactivated\":false,\"deactivation_reason\":null,\"deferring_environment_id\":null,\"deferring_job_definition_id\":null,\"description\":\"\",\"execute_steps\":[\"dbt build\",\"dbt docs generate\"],\"execution\":{\"timeout_seconds\":0},\"generate_docs\":false,\"is_system\":false,\"is_deferrable\":false,\"job_type\":\"other\",\"lifecycle_webhooks_url\":null,\"lifecycle_webhooks\":false,\"raw_dbt_version\":null,\"run_compare_changes\":false,\"compare_changes_flags\":\"--select state:modified\",\"run_failure_count\":0,\"run_generate_sources\":false,\"run_lint\":false,\"errors_on_lint_failure\":true,\"force_node_selection\":true,\"cost_optimization_features\":[],\"is_fusion_ready_override\":false,\"settings\":{\"threads\":4,\"target_name\":\"default\"},\"state\":1,\"triggers_on_draft_pr\":false,\"triggers\":{\"github_webhook\":false,\"schedule\":false,\"git_provider_webhook\":false,\"on_merge\":false,\"custom_branch_only\":null},\"job_completion_trigger_condition\":null,\"created_at\":\"2026-09-18 17:54:28.694726+00:00\",\"updated_at\":\"2026-09-19 13:50:48.229984+00:00\",\"account\":null,\"project\":null,\"environment\":null,\"most_recent_run\":null,\"most_recent_completed_run\":null,\"fusion_readiness\":null,\"schedule\":{\"cron\":\"7 */12 * * 0,1,2,3,4,5,6\",\"date\":\"interval_cron\",\"time\":\"every_hour\"}},\"environment\":null,\"run_steps\":[],\"deprecation\":null,\"status_humanized\":\"Queued\",\"in_progress\":true,\"is_complete\":false,\"is_success\":false,\"is_error\":false,\"is_cancelled\":false,\"duration\":\"00:00:00\",\"queued_duration\":\"00:00:00\",\"run_duration\":\"00:00:00\",\"duration_humanized\":\"0 minutes\",\"queued_duration_humanized\":\"0 minutes\",\"run_duration_humanized\":\"0 minutes\",\"created_at_humanized\":\"0 minutes ago\",\"finished_at_humanized\":\"0 minutes from now\",\"retrying_run_id\":null,\"can_retry\":false,\"retry_not_supported_reason\":\"RETRY_NOT_FAILED_RUN\",\"job_id\":70506183139983,\"is_running\":null,\"href\":\"https://nj024.us1.dbt.com/deploy/70506183144876/projects/70506183167863/runs/70506183794322/\",\"used_repo_cache\":null,\"audit\":null},\"extra\":{},\"error_code\":null}","logger":"airflow.dag_processing.dagbag.BundleDagBag","filename":"dagbag.py","lineno":327}
{"timestamp":"2026-09-19T13:51:29.426293Z","level":"warning","event":"The `airflow.operators.python.PythonOperator` attribute is deprecated. Please use `'airflow.providers.standard.operators.python.PythonOperator'`.","category":"UserWarning","filename":"/opt/airflow/dags/aws_project.py","lineno":10,"logger":"py.warnings"}
{"timestamp":"2026-09-19T13:51:47.575658Z","level":"info","event":"Filling up the DagBag from /opt/airflow/dags/aws_project.py","logger":"airflow.dag_processing.dagbag.BundleDagBag","filename":"dagbag.py","lineno":469}
{"timestamp":"2026-09-19T13:51:47.579550Z","level":"error","event":"Failed to import: /opt/airflow/dags/aws_project.py","logger":"airflow.dag_processing.importers.python_importer","filename":"python_importer.py","lineno":244,"error_detail":[{"exc_type":"IndentationError","exc_value":"unexpected indent (aws_project.py, line 101)","exc_notes":[],"syntax_error":{"offset":5,"filename":"/opt/airflow/dags/aws_project.py","line":"     trigger_job = PythonOperator(\n","lineno":101,"msg":"unexpected indent"},"is_cause":false,"frames":[{"filename":"/home/airflow/.local/lib/python3.13/site-packages/airflow/dag_processing/importers/python_importer.py","lineno":238,"name":"parse"},{"filename":"<frozen importlib._bootstrap_external>","lineno":1019,"name":"exec_module"},{"filename":"<frozen importlib._bootstrap_external>","lineno":1157,"name":"get_code"},{"filename":"<frozen importlib._bootstrap_external>","lineno":1087,"name":"source_to_code"},{"filename":"<frozen importlib._bootstrap>","lineno":488,"name":"_call_with_frames_removed"}],"is_group":false,"exceptions":[]}]}
{"timestamp":"2026-09-19T13:51:47.580575Z","level":"error","event":"Error loading DAG from aws_project.py: unexpected indent (aws_project.py, line 101)","logger":"airflow.dag_processing.dagbag.BundleDagBag","filename":"dagbag.py","lineno":327}
{"timestamp":"2026-09-19T13:51:51.654309Z","level":"info","event":"Filling up the DagBag from /opt/airflow/dags/aws_project.py","logger":"airflow.dag_processing.dagbag.BundleDagBag","filename":"dagbag.py","lineno":469}
{"timestamp":"2026-09-19T13:51:52.284604Z","level":"error","event":"Failed to import: /opt/airflow/dags/aws_project.py","logger":"airflow.dag_processing.importers.python_importer","filename":"python_importer.py","lineno":244,"error_detail":[{"exc_type":"NameError","exc_value":"name 'trigger_dbt_via_api' is not defined","exc_notes":[],"syntax_error":null,"is_cause":false,"frames":[{"filename":"/home/airflow/.local/lib/python3.13/site-packages/airflow/dag_processing/importers/python_importer.py","lineno":238,"name":"parse"},{"filename":"<frozen importlib._bootstrap_external>","lineno":1023,"name":"exec_module"},{"filename":"<frozen importlib._bootstrap>","lineno":488,"name":"_call_with_frames_removed"},{"filename":"/opt/airflow/dags/aws_project.py","lineno":107,"name":"<module>"},{"filename":"/home/airflow/.local/lib/python3.13/site-packages/airflow/sdk/definitions/dag.py","lineno":1629,"name":"factory"},{"filename":"/opt/airflow/dags/aws_project.py","lineno":105,"name":"aws_project"}],"is_group":false,"exceptions":[]}]}
{"timestamp":"2026-09-19T13:51:52.287183Z","level":"error","event":"Error loading DAG from aws_project.py: name 'trigger_dbt_via_api' is not defined","logger":"airflow.dag_processing.dagbag.BundleDagBag","filename":"dagbag.py","lineno":327}
{"timestamp":"2026-09-19T13:51:52.287476Z","level":"warning","event":"The `airflow.operators.python.PythonOperator` attribute is deprecated. Please use `'airflow.providers.standard.operators.python.PythonOperator'`.","category":"UserWarning","filename":"/opt/airflow/dags/aws_project.py","lineno":10,"logger":"py.warnings"}
{"timestamp":"2026-09-19T13:51:57.400188Z","level":"info","event":"Filling up the DagBag from /opt/airflow/dags/aws_project.py","logger":"airflow.dag_processing.dagbag.BundleDagBag","filename":"dagbag.py","lineno":469}
{"timestamp":"2026-09-19T13:51:58.149300Z","level":"warning","event":"The `airflow.operators.python.PythonOperator` attribute is deprecated. Please use `'airflow.providers.standard.operators.python.PythonOperator'`.","category":"UserWarning","filename":"/opt/airflow/dags/aws_project.py","lineno":10,"logger":"py.warnings"}
{"timestamp":"2026-09-19T13:51:59.231128Z","level":"info","event":"Filling up the DagBag from /opt/airflow/dags/aws_project.py","logger":"airflow.dag_processing.dagbag.BundleDagBag","filename":"dagbag.py","lineno":469}
{"timestamp":"2026-09-19T13:52:00.042225Z","level":"warning","event":"The `airflow.operators.python.PythonOperator` attribute is deprecated. Please use `'airflow.providers.standard.operators.python.PythonOperator'`.","category":"UserWarning","filename":"/opt/airflow/dags/aws_project.py","lineno":10,"logger":"py.warnings"}
{"timestamp":"2026-09-19T13:52:30.298938Z","level":"info","event":"Filling up the DagBag from /opt/airflow/dags/aws_project.py","logger":"airflow.dag_processing.dagbag.BundleDagBag","filename":"dagbag.py","lineno":469}
{"timestamp":"2026-09-19T13:52:30.857442Z","level":"warning","event":"The `airflow.operators.python.PythonOperator` attribute is deprecated. Please use `'airflow.providers.standard.operators.python.PythonOperator'`.","category":"UserWarning","filename":"/opt/airflow/dags/aws_project.py","lineno":10,"logger":"py.warnings"}
{"timestamp":"2026-09-19T13:53:01.090155Z","level":"info","event":"Filling up the DagBag from /opt/airflow/dags/aws_project.py","logger":"airflow.dag_processing.dagbag.BundleDagBag","filename":"dagbag.py","lineno":469}
{"timestamp":"2026-09-19T13:53:01.671608Z","level":"warning","event":"The `airflow.operators.python.PythonOperator` attribute is deprecated. Please use `'airflow.providers.standard.operators.python.PythonOperator'`.","category":"UserWarning","filename":"/opt/airflow/dags/aws_project.py","lineno":10,"logger":"py.warnings"}
{"timestamp":"2026-09-19T13:53:31.914084Z","level":"info","event":"Filling up the DagBag from /opt/airflow/dags/aws_project.py","logger":"airflow.dag_processing.dagbag.BundleDagBag","filename":"dagbag.py","lineno":469}
{"timestamp":"2026-09-19T13:53:32.506614Z","level":"warning","event":"The `airflow.operators.python.PythonOperator` attribute is deprecated. Please use `'airflow.providers.standard.operators.python.PythonOperator'`.","category":"UserWarning","filename":"/opt/airflow/dags/aws_project.py","lineno":10,"logger":"py.warnings"}
{"timestamp":"2026-09-19T13:54:02.746309Z","level":"info","event":"Filling up the DagBag from /opt/airflow/dags/aws_project.py","logger":"airflow.dag_processing.dagbag.BundleDagBag","filename":"dagbag.py","lineno":469}
{"timestamp":"2026-09-19T13:54:03.339788Z","level":"warning","event":"The `airflow.operators.python.PythonOperator` attribute is deprecated. Please use `'airflow.providers.standard.operators.python.PythonOperator'`.","category":"UserWarning","filename":"/opt/airflow/dags/aws_project.py","lineno":10,"logger":"py.warnings"}
{"timestamp":"2026-09-19T13:54:33.590870Z","level":"info","event":"Filling up the DagBag from /opt/airflow/dags/aws_project.py","logger":"airflow.dag_processing.dagbag.BundleDagBag","filename":"dagbag.py","lineno":469}
{"timestamp":"2026-09-19T13:54:34.162385Z","level":"warning","event":"The `airflow.operators.python.PythonOperator` attribute is deprecated. Please use `'airflow.providers.standard.operators.python.PythonOperator'`.","category":"UserWarning","filename":"/opt/airflow/dags/aws_project.py","lineno":10,"logger":"py.warnings"}
{"timestamp":"2026-09-19T13:55:04.415047Z","level":"info","event":"Filling up the DagBag from /opt/airflow/dags/aws_project.py","logger":"airflow.dag_processing.dagbag.BundleDagBag","filename":"dagbag.py","lineno":469}
{"timestamp":"2026-09-19T13:55:04.988911Z","level":"warning","event":"The `airflow.operators.python.PythonOperator` attribute is deprecated. Please use `'airflow.providers.standard.operators.python.PythonOperator'`.","category":"UserWarning","filename":"/opt/airflow/dags/aws_project.py","lineno":10,"logger":"py.warnings"}
{"timestamp":"2026-09-19T13:55:35.234816Z","level":"info","event":"Filling up the DagBag from /opt/airflow/dags/aws_project.py","logger":"airflow.dag_processing.dagbag.BundleDagBag","filename":"dagbag.py","lineno":469}
{"timestamp":"2026-09-19T13:55:35.814421Z","level":"warning","event":"The `airflow.operators.python.PythonOperator` attribute is deprecated. Please use `'airflow.providers.standard.operators.python.PythonOperator'`.","category":"UserWarning","filename":"/opt/airflow/dags/aws_project.py","lineno":10,"logger":"py.warnings"}
{"timestamp":"2026-09-19T13:56:06.035570Z","level":"info","event":"Filling up the DagBag from /opt/airflow/dags/aws_project.py","logger":"airflow.dag_processing.dagbag.BundleDagBag","filename":"dagbag.py","lineno":469}
{"timestamp":"2026-09-19T13:56:06.587059Z","level":"warning","event":"The `airflow.operators.python.PythonOperator` attribute is deprecated. Please use `'airflow.providers.standard.operators.python.PythonOperator'`.","category":"UserWarning","filename":"/opt/airflow/dags/aws_project.py","lineno":10,"logger":"py.warnings"}
{"timestamp":"2026-09-19T13:56:36.846523Z","level":"info","event":"Filling up the DagBag from /opt/airflow/dags/aws_project.py","logger":"airflow.dag_processing.dagbag.BundleDagBag","filename":"dagbag.py","lineno":469}
{"timestamp":"2026-09-19T13:56:37.459344Z","level":"warning","event":"The `airflow.operators.python.PythonOperator` attribute is deprecated. Please use `'airflow.providers.standard.operators.python.PythonOperator'`.","category":"UserWarning","filename":"/opt/airflow/dags/aws_project.py","lineno":10,"logger":"py.warnings"}
{"timestamp":"2026-09-19T13:57:07.703132Z","level":"info","event":"Filling up the DagBag from /opt/airflow/dags/aws_project.py","logger":"airflow.dag_processing.dagbag.BundleDagBag","filename":"dagbag.py","lineno":469}
{"timestamp":"2026-09-19T13:57:08.253308Z","level":"warning","event":"The `airflow.operators.python.PythonOperator` attribute is deprecated. Please use `'airflow.providers.standard.operators.python.PythonOperator'`.","category":"UserWarning","filename":"/opt/airflow/dags/aws_project.py","lineno":10,"logger":"py.warnings"}
{"timestamp":"2026-09-19T13:57:38.499670Z","level":"info","event":"Filling up the DagBag from /opt/airflow/dags/aws_project.py","logger":"airflow.dag_processing.dagbag.BundleDagBag","filename":"dagbag.py","lineno":469}
{"timestamp":"2026-09-19T13:57:39.041120Z","level":"warning","event":"The `airflow.operators.python.PythonOperator` attribute is deprecated. Please use `'airflow.providers.standard.operators.python.PythonOperator'`.","category":"UserWarning","filename":"/opt/airflow/dags/aws_project.py","lineno":10,"logger":"py.warnings"}
{"timestamp":"2026-09-19T13:58:09.289484Z","level":"info","event":"Filling up the DagBag from /opt/airflow/dags/aws_project.py","logger":"airflow.dag_processing.dagbag.BundleDagBag","filename":"dagbag.py","lineno":469}
{"timestamp":"2026-09-19T13:58:09.884376Z","level":"warning","event":"The `airflow.operators.python.PythonOperator` attribute is deprecated. Please use `'airflow.providers.standard.operators.python.PythonOperator'`.","category":"UserWarning","filename":"/opt/airflow/dags/aws_project.py","lineno":10,"logger":"py.warnings"}
{"timestamp":"2026-09-19T13:58:40.152847Z","level":"info","event":"Filling up the DagBag from /opt/airflow/dags/aws_project.py","logger":"airflow.dag_processing.dagbag.BundleDagBag","filename":"dagbag.py","lineno":469}
{"timestamp":"2026-09-19T13:58:40.803939Z","level":"warning","event":"The `airflow.operators.python.PythonOperator` attribute is deprecated. Please use `'airflow.providers.standard.operators.python.PythonOperator'`.","category":"UserWarning","filename":"/opt/airflow/dags/aws_project.py","lineno":10,"logger":"py.warnings"}
{"timestamp":"2026-09-19T13:59:11.085124Z","level":"info","event":"Filling up the DagBag from /opt/airflow/dags/aws_project.py","logger":"airflow.dag_processing.dagbag.BundleDagBag","filename":"dagbag.py","lineno":469}
{"timestamp":"2026-09-19T13:59:12.013551Z","level":"warning","event":"The `airflow.operators.python.PythonOperator` attribute is deprecated. Please use `'airflow.providers.standard.operators.python.PythonOperator'`.","category":"UserWarning","filename":"/opt/airflow/dags/aws_project.py","lineno":10,"logger":"py.warnings"}
{"timestamp":"2026-09-19T13:59:42.240897Z","level":"info","event":"Filling up the DagBag from /opt/airflow/dags/aws_project.py","logger":"airflow.dag_processing.dagbag.BundleDagBag","filename":"dagbag.py","lineno":469}
{"timestamp":"2026-09-19T13:59:42.816734Z","level":"warning","event":"The `airflow.operators.python.PythonOperator` attribute is deprecated. Please use `'airflow.providers.standard.operators.python.PythonOperator'`.","category":"UserWarning","filename":"/opt/airflow/dags/aws_project.py","lineno":10,"logger":"py.warnings"}
{"timestamp":"2026-09-19T14:00:13.062923Z","level":"info","event":"Filling up the DagBag from /opt/airflow/dags/aws_project.py","logger":"airflow.dag_processing.dagbag.BundleDagBag","filename":"dagbag.py","lineno":469}
{"timestamp":"2026-09-19T14:00:13.926618Z","level":"warning","event":"The `airflow.operators.python.PythonOperator` attribute is deprecated. Please use `'airflow.providers.standard.operators.python.PythonOperator'`.","category":"UserWarning","filename":"/opt/airflow/dags/aws_project.py","lineno":10,"logger":"py.warnings"}
{"timestamp":"2026-09-19T14:00:44.139577Z","level":"info","event":"Filling up the DagBag from /opt/airflow/dags/aws_project.py","logger":"airflow.dag_processing.dagbag.BundleDagBag","filename":"dagbag.py","lineno":469}
{"timestamp":"2026-09-19T14:00:44.741102Z","level":"warning","event":"The `airflow.operators.python.PythonOperator` attribute is deprecated. Please use `'airflow.providers.standard.operators.python.PythonOperator'`.","category":"UserWarning","filename":"/opt/airflow/dags/aws_project.py","lineno":10,"logger":"py.warnings"}
{"timestamp":"2026-09-19T14:01:15.003755Z","level":"info","event":"Filling up the DagBag from /opt/airflow/dags/aws_project.py","logger":"airflow.dag_processing.dagbag.BundleDagBag","filename":"dagbag.py","lineno":469}
{"timestamp":"2026-09-19T14:01:15.575425Z","level":"warning","event":"The `airflow.operators.python.PythonOperator` attribute is deprecated. Please use `'airflow.providers.standard.operators.python.PythonOperator'`.","category":"UserWarning","filename":"/opt/airflow/dags/aws_project.py","lineno":10,"logger":"py.warnings"}
{"timestamp":"2026-09-19T14:01:45.855304Z","level":"info","event":"Filling up the DagBag from /opt/airflow/dags/aws_project.py","logger":"airflow.dag_processing.dagbag.BundleDagBag","filename":"dagbag.py","lineno":469}
{"timestamp":"2026-09-19T14:01:46.409808Z","level":"warning","event":"The `airflow.operators.python.PythonOperator` attribute is deprecated. Please use `'airflow.providers.standard.operators.python.PythonOperator'`.","category":"UserWarning","filename":"/opt/airflow/dags/aws_project.py","lineno":10,"logger":"py.warnings"}
{"timestamp":"2026-09-19T14:02:16.658873Z","level":"info","event":"Filling up the DagBag from /opt/airflow/dags/aws_project.py","logger":"airflow.dag_processing.dagbag.BundleDagBag","filename":"dagbag.py","lineno":469}
{"timestamp":"2026-09-19T14:02:17.219722Z","level":"warning","event":"The `airflow.operators.python.PythonOperator` attribute is deprecated. Please use `'airflow.providers.standard.operators.python.PythonOperator'`.","category":"UserWarning","filename":"/opt/airflow/dags/aws_project.py","lineno":10,"logger":"py.warnings"}
{"timestamp":"2026-09-19T14:02:47.475172Z","level":"info","event":"Filling up the DagBag from /opt/airflow/dags/aws_project.py","logger":"airflow.dag_processing.dagbag.BundleDagBag","filename":"dagbag.py","lineno":469}
{"timestamp":"2026-09-19T14:02:48.028897Z","level":"warning","event":"The `airflow.operators.python.PythonOperator` attribute is deprecated. Please use `'airflow.providers.standard.operators.python.PythonOperator'`.","category":"UserWarning","filename":"/opt/airflow/dags/aws_project.py","lineno":10,"logger":"py.warnings"}
{"timestamp":"2026-09-19T14:03:18.293433Z","level":"info","event":"Filling up the DagBag from /opt/airflow/dags/aws_project.py","logger":"airflow.dag_processing.dagbag.BundleDagBag","filename":"dagbag.py","lineno":469}
{"timestamp":"2026-09-19T14:03:18.892543Z","level":"warning","event":"The `airflow.operators.python.PythonOperator` attribute is deprecated. Please use `'airflow.providers.standard.operators.python.PythonOperator'`.","category":"UserWarning","filename":"/opt/airflow/dags/aws_project.py","lineno":10,"logger":"py.warnings"}
{"timestamp":"2026-09-19T14:03:49.148891Z","level":"info","event":"Filling up the DagBag from /opt/airflow/dags/aws_project.py","logger":"airflow.dag_processing.dagbag.BundleDagBag","filename":"dagbag.py","lineno":469}
{"timestamp":"2026-09-19T14:03:49.850207Z","level":"warning","event":"The `airflow.operators.python.PythonOperator` attribute is deprecated. Please use `'airflow.providers.standard.operators.python.PythonOperator'`.","category":"UserWarning","filename":"/opt/airflow/dags/aws_project.py","lineno":10,"logger":"py.warnings"}
{"timestamp":"2026-09-19T14:04:20.116421Z","level":"info","event":"Filling up the DagBag from /opt/airflow/dags/aws_project.py","logger":"airflow.dag_processing.dagbag.BundleDagBag","filename":"dagbag.py","lineno":469}
{"timestamp":"2026-09-19T14:04:20.751587Z","level":"warning","event":"The `airflow.operators.python.PythonOperator` attribute is deprecated. Please use `'airflow.providers.standard.operators.python.PythonOperator'`.","category":"UserWarning","filename":"/opt/airflow/dags/aws_project.py","lineno":10,"logger":"py.warnings"}
{"timestamp":"2026-09-19T14:04:50.969478Z","level":"info","event":"Filling up the DagBag from /opt/airflow/dags/aws_project.py","logger":"airflow.dag_processing.dagbag.BundleDagBag","filename":"dagbag.py","lineno":469}
{"timestamp":"2026-09-19T14:04:51.550002Z","level":"warning","event":"The `airflow.operators.python.PythonOperator` attribute is deprecated. Please use `'airflow.providers.standard.operators.python.PythonOperator'`.","category":"UserWarning","filename":"/opt/airflow/dags/aws_project.py","lineno":10,"logger":"py.warnings"}
{"timestamp":"2026-09-19T14:05:21.793536Z","level":"info","event":"Filling up the DagBag from /opt/airflow/dags/aws_project.py","logger":"airflow.dag_processing.dagbag.BundleDagBag","filename":"dagbag.py","lineno":469}
{"timestamp":"2026-09-19T14:05:22.675135Z","level":"warning","event":"The `airflow.operators.python.PythonOperator` attribute is deprecated. Please use `'airflow.providers.standard.operators.python.PythonOperator'`.","category":"UserWarning","filename":"/opt/airflow/dags/aws_project.py","lineno":10,"logger":"py.warnings"}
{"timestamp":"2026-09-19T14:05:52.926356Z","level":"info","event":"Filling up the DagBag from /opt/airflow/dags/aws_project.py","logger":"airflow.dag_processing.dagbag.BundleDagBag","filename":"dagbag.py","lineno":469}
{"timestamp":"2026-09-19T14:05:53.482087Z","level":"warning","event":"The `airflow.operators.python.PythonOperator` attribute is deprecated. Please use `'airflow.providers.standard.operators.python.PythonOperator'`.","category":"UserWarning","filename":"/opt/airflow/dags/aws_project.py","lineno":10,"logger":"py.warnings"}
{"timestamp":"2026-09-19T14:06:23.743348Z","level":"info","event":"Filling up the DagBag from /opt/airflow/dags/aws_project.py","logger":"airflow.dag_processing.dagbag.BundleDagBag","filename":"dagbag.py","lineno":469}
{"timestamp":"2026-09-19T14:06:24.527993Z","level":"warning","event":"The `airflow.operators.python.PythonOperator` attribute is deprecated. Please use `'airflow.providers.standard.operators.python.PythonOperator'`.","category":"UserWarning","filename":"/opt/airflow/dags/aws_project.py","lineno":10,"logger":"py.warnings"}
{"timestamp":"2026-09-19T14:06:46.718709Z","level":"warning","event":"Error when trying to pre-import module 'airflow.providers.standard.operators.python.PythonOperator' found in /opt/airflow/dags/aws_project.py: No module named 'airflow.providers.standard.operators.python.PythonOperator'; 'airflow.providers.standard.operators.python' is not a package","logger":"processor"}
{"timestamp":"2026-09-19T14:06:46.741965Z","level":"info","event":"Filling up the DagBag from /opt/airflow/dags/aws_project.py","logger":"airflow.dag_processing.dagbag.BundleDagBag","filename":"dagbag.py","lineno":469}
{"timestamp":"2026-09-19T14:06:46.749175Z","level":"error","event":"Failed to import: /opt/airflow/dags/aws_project.py","logger":"airflow.dag_processing.importers.python_importer","filename":"python_importer.py","lineno":244,"error_detail":[{"exc_type":"ModuleNotFoundError","exc_value":"No module named 'airflow.providers.standard.operators.python.PythonOperator'; 'airflow.providers.standard.operators.python' is not a package","exc_notes":[],"syntax_error":null,"is_cause":false,"frames":[{"filename":"/home/airflow/.local/lib/python3.13/site-packages/airflow/dag_processing/importers/python_importer.py","lineno":238,"name":"parse"},{"filename":"<frozen importlib._bootstrap_external>","lineno":1023,"name":"exec_module"},{"filename":"<frozen importlib._bootstrap>","lineno":488,"name":"_call_with_frames_removed"},{"filename":"/opt/airflow/dags/aws_project.py","lineno":10,"name":"<module>"}],"is_group":false,"exceptions":[]}]}
{"timestamp":"2026-09-19T14:06:46.750240Z","level":"error","event":"Error loading DAG from aws_project.py: No module named 'airflow.providers.standard.operators.python.PythonOperator'; 'airflow.providers.standard.operators.python' is not a package","logger":"airflow.dag_processing.dagbag.BundleDagBag","filename":"dagbag.py","lineno":327}
{"timestamp":"2026-09-19T14:06:59.959248Z","level":"info","event":"Filling up the DagBag from /opt/airflow/dags/aws_project.py","logger":"airflow.dag_processing.dagbag.BundleDagBag","filename":"dagbag.py","lineno":469}
{"timestamp":"2026-09-19T14:07:02.748551Z","level":"info","event":"Filling up the DagBag from /opt/airflow/dags/aws_project.py","logger":"airflow.dag_processing.dagbag.BundleDagBag","filename":"dagbag.py","lineno":469}
{"timestamp":"2026-09-19T14:07:33.584159Z","level":"info","event":"Filling up the DagBag from /opt/airflow/dags/aws_project.py","logger":"airflow.dag_processing.dagbag.BundleDagBag","filename":"dagbag.py","lineno":469}
{"timestamp":"2026-09-19T14:08:04.386556Z","level":"info","event":"Filling up the DagBag from /opt/airflow/dags/aws_project.py","logger":"airflow.dag_processing.dagbag.BundleDagBag","filename":"dagbag.py","lineno":469}
{"timestamp":"2026-09-19T14:08:35.521870Z","level":"info","event":"Filling up the DagBag from /opt/airflow/dags/aws_project.py","logger":"airflow.dag_processing.dagbag.BundleDagBag","filename":"dagbag.py","lineno":469}
{"timestamp":"2026-09-19T14:09:06.366565Z","level":"info","event":"Filling up the DagBag from /opt/airflow/dags/aws_project.py","logger":"airflow.dag_processing.dagbag.BundleDagBag","filename":"dagbag.py","lineno":469}
{"timestamp":"2026-09-19T14:09:37.166489Z","level":"info","event":"Filling up the DagBag from /opt/airflow/dags/aws_project.py","logger":"airflow.dag_processing.dagbag.BundleDagBag","filename":"dagbag.py","lineno":469}
{"timestamp":"2026-09-19T14:10:08.021338Z","level":"info","event":"Filling up the DagBag from /opt/airflow/dags/aws_project.py","logger":"airflow.dag_processing.dagbag.BundleDagBag","filename":"dagbag.py","lineno":469}
{"timestamp":"2026-09-19T14:10:38.850805Z","level":"info","event":"Filling up the DagBag from /opt/airflow/dags/aws_project.py","logger":"airflow.dag_processing.dagbag.BundleDagBag","filename":"dagbag.py","lineno":469}
{"timestamp":"2026-09-19T14:11:09.990741Z","level":"info","event":"Filling up the DagBag from /opt/airflow/dags/aws_project.py","logger":"airflow.dag_processing.dagbag.BundleDagBag","filename":"dagbag.py","lineno":469}
{"timestamp":"2026-09-19T14:11:40.782470Z","level":"info","event":"Filling up the DagBag from /opt/airflow/dags/aws_project.py","logger":"airflow.dag_processing.dagbag.BundleDagBag","filename":"dagbag.py","lineno":469}
{"timestamp":"2026-09-19T14:12:11.586740Z","level":"info","event":"Filling up the DagBag from /opt/airflow/dags/aws_project.py","logger":"airflow.dag_processing.dagbag.BundleDagBag","filename":"dagbag.py","lineno":469}
{"timestamp":"2026-09-19T14:12:42.384793Z","level":"info","event":"Filling up the DagBag from /opt/airflow/dags/aws_project.py","logger":"airflow.dag_processing.dagbag.BundleDagBag","filename":"dagbag.py","lineno":469}
{"timestamp":"2026-09-19T14:13:13.192599Z","level":"info","event":"Filling up the DagBag from /opt/airflow/dags/aws_project.py","logger":"airflow.dag_processing.dagbag.BundleDagBag","filename":"dagbag.py","lineno":469}
{"timestamp":"2026-09-19T14:13:44.000140Z","level":"info","event":"Filling up the DagBag from /opt/airflow/dags/aws_project.py","logger":"airflow.dag_processing.dagbag.BundleDagBag","filename":"dagbag.py","lineno":469}
{"timestamp":"2026-09-19T14:14:14.811477Z","level":"info","event":"Filling up the DagBag from /opt/airflow/dags/aws_project.py","logger":"airflow.dag_processing.dagbag.BundleDagBag","filename":"dagbag.py","lineno":469}
{"timestamp":"2026-09-19T14:14:45.672670Z","level":"info","event":"Filling up the DagBag from /opt/airflow/dags/aws_project.py","logger":"airflow.dag_processing.dagbag.BundleDagBag","filename":"dagbag.py","lineno":469}
{"timestamp":"2026-09-19T14:15:10.795577Z","level":"info","event":"Filling up the DagBag from /opt/airflow/dags/aws_project.py","logger":"airflow.dag_processing.dagbag.BundleDagBag","filename":"dagbag.py","lineno":469}
{"timestamp":"2026-09-19T14:15:10.802269Z","level":"error","event":"Failed to import: /opt/airflow/dags/aws_project.py","logger":"airflow.dag_processing.importers.python_importer","filename":"python_importer.py","lineno":244,"error_detail":[{"exc_type":"SyntaxError","exc_value":"invalid syntax (aws_project.py, line 90)","exc_notes":[],"syntax_error":{"offset":33,"filename":"/opt/airflow/dags/aws_project.py","line":"        if response.status_code In :\n","lineno":90,"msg":"invalid syntax"},"is_cause":false,"frames":[{"filename":"/home/airflow/.local/lib/python3.13/site-packages/airflow/dag_processing/importers/python_importer.py","lineno":238,"name":"parse"},{"filename":"<frozen importlib._bootstrap_external>","lineno":1019,"name":"exec_module"},{"filename":"<frozen importlib._bootstrap_external>","lineno":1157,"name":"get_code"},{"filename":"<frozen importlib._bootstrap_external>","lineno":1087,"name":"source_to_code"},{"filename":"<frozen importlib._bootstrap>","lineno":488,"name":"_call_with_frames_removed"}],"is_group":false,"exceptions":[]}]}
{"timestamp":"2026-09-19T14:15:10.803762Z","level":"error","event":"Error loading DAG from aws_project.py: invalid syntax (aws_project.py, line 90)","logger":"airflow.dag_processing.dagbag.BundleDagBag","filename":"dagbag.py","lineno":327}
{"timestamp":"2026-09-19T14:15:12.861243Z","level":"info","event":"Filling up the DagBag from /opt/airflow/dags/aws_project.py","logger":"airflow.dag_processing.dagbag.BundleDagBag","filename":"dagbag.py","lineno":469}
{"timestamp":"2026-09-19T14:15:12.865413Z","level":"error","event":"Failed to import: /opt/airflow/dags/aws_project.py","logger":"airflow.dag_processing.importers.python_importer","filename":"python_importer.py","lineno":244,"error_detail":[{"exc_type":"SyntaxError","exc_value":"invalid syntax (aws_project.py, line 90)","exc_notes":[],"syntax_error":{"offset":33,"filename":"/opt/airflow/dags/aws_project.py","line":"        if response.status_code i:\n","lineno":90,"msg":"invalid syntax"},"is_cause":false,"frames":[{"filename":"/home/airflow/.local/lib/python3.13/site-packages/airflow/dag_processing/importers/python_importer.py","lineno":238,"name":"parse"},{"filename":"<frozen importlib._bootstrap_external>","lineno":1019,"name":"exec_module"},{"filename":"<frozen importlib._bootstrap_external>","lineno":1157,"name":"get_code"},{"filename":"<frozen importlib._bootstrap_external>","lineno":1087,"name":"source_to_code"},{"filename":"<frozen importlib._bootstrap>","lineno":488,"name":"_call_with_frames_removed"}],"is_group":false,"exceptions":[]}]}
{"timestamp":"2026-09-19T14:15:12.866760Z","level":"error","event":"Error loading DAG from aws_project.py: invalid syntax (aws_project.py, line 90)","logger":"airflow.dag_processing.dagbag.BundleDagBag","filename":"dagbag.py","lineno":327}
{"timestamp":"2026-09-19T14:15:13.925315Z","level":"info","event":"Filling up the DagBag from /opt/airflow/dags/aws_project.py","logger":"airflow.dag_processing.dagbag.BundleDagBag","filename":"dagbag.py","lineno":469}
{"timestamp":"2026-09-19T14:15:13.930879Z","level":"error","event":"Failed to import: /opt/airflow/dags/aws_project.py","logger":"airflow.dag_processing.importers.python_importer","filename":"python_importer.py","lineno":244,"error_detail":[{"exc_type":"SyntaxError","exc_value":"invalid syntax (aws_project.py, line 90)","exc_notes":[],"syntax_error":{"offset":35,"filename":"/opt/airflow/dags/aws_project.py","line":"        if response.status_code in:\n","lineno":90,"msg":"invalid syntax"},"is_cause":false,"frames":[{"filename":"/home/airflow/.local/lib/python3.13/site-packages/airflow/dag_processing/importers/python_importer.py","lineno":238,"name":"parse"},{"filename":"<frozen importlib._bootstrap_external>","lineno":1019,"name":"exec_module"},{"filename":"<frozen importlib._bootstrap_external>","lineno":1157,"name":"get_code"},{"filename":"<frozen importlib._bootstrap_external>","lineno":1087,"name":"source_to_code"},{"filename":"<frozen importlib._bootstrap>","lineno":488,"name":"_call_with_frames_removed"}],"is_group":false,"exceptions":[]}]}
{"timestamp":"2026-09-19T14:15:13.932341Z","level":"error","event":"Error loading DAG from aws_project.py: invalid syntax (aws_project.py, line 90)","logger":"airflow.dag_processing.dagbag.BundleDagBag","filename":"dagbag.py","lineno":327}
{"timestamp":"2026-09-19T14:15:14.989324Z","level":"info","event":"Filling up the DagBag from /opt/airflow/dags/aws_project.py","logger":"airflow.dag_processing.dagbag.BundleDagBag","filename":"dagbag.py","lineno":469}
{"timestamp":"2026-09-19T14:15:14.992554Z","level":"error","event":"Failed to import: /opt/airflow/dags/aws_project.py","logger":"airflow.dag_processing.importers.python_importer","filename":"python_importer.py","lineno":244,"error_detail":[{"exc_type":"SyntaxError","exc_value":"invalid syntax (aws_project.py, line 90)","exc_notes":[],"syntax_error":{"offset":36,"filename":"/opt/airflow/dags/aws_project.py","line":"        if response.status_code in :\n","lineno":90,"msg":"invalid syntax"},"is_cause":false,"frames":[{"filename":"/home/airflow/.local/lib/python3.13/site-packages/airflow/dag_processing/importers/python_importer.py","lineno":238,"name":"parse"},{"filename":"<frozen importlib._bootstrap_external>","lineno":1019,"name":"exec_module"},{"filename":"<frozen importlib._bootstrap_external>","lineno":1157,"name":"get_code"},{"filename":"<frozen importlib._bootstrap_external>","lineno":1087,"name":"source_to_code"},{"filename":"<frozen importlib._bootstrap>","lineno":488,"name":"_call_with_frames_removed"}],"is_group":false,"exceptions":[]}]}
{"timestamp":"2026-09-19T14:15:14.993648Z","level":"error","event":"Error loading DAG from aws_project.py: invalid syntax (aws_project.py, line 90)","logger":"airflow.dag_processing.dagbag.BundleDagBag","filename":"dagbag.py","lineno":327}
{"timestamp":"2026-09-19T14:15:17.046102Z","level":"info","event":"Filling up the DagBag from /opt/airflow/dags/aws_project.py","logger":"airflow.dag_processing.dagbag.BundleDagBag","filename":"dagbag.py","lineno":469}
{"timestamp":"2026-09-19T14:15:20.693069Z","level":"info","event":"Filling up the DagBag from /opt/airflow/dags/aws_project.py","logger":"airflow.dag_processing.dagbag.BundleDagBag","filename":"dagbag.py","lineno":469}
{"timestamp":"2026-09-19T14:15:48.640625Z","level":"info","event":"Filling up the DagBag from /opt/airflow/dags/aws_project.py","logger":"airflow.dag_processing.dagbag.BundleDagBag","filename":"dagbag.py","lineno":469}
{"timestamp":"2026-09-19T14:15:48.643540Z","level":"error","event":"Failed to import: /opt/airflow/dags/aws_project.py","logger":"airflow.dag_processing.importers.python_importer","filename":"python_importer.py","lineno":244,"error_detail":[{"exc_type":"IndentationError","exc_value":"unexpected indent (aws_project.py, line 91)","exc_notes":[],"syntax_error":{"offset":12,"filename":"/opt/airflow/dags/aws_project.py","line":"            run_details = response.json()\n","lineno":91,"msg":"unexpected indent"},"is_cause":false,"frames":[{"filename":"/home/airflow/.local/lib/python3.13/site-packages/airflow/dag_processing/importers/python_importer.py","lineno":238,"name":"parse"},{"filename":"<frozen importlib._bootstrap_external>","lineno":1019,"name":"exec_module"},{"filename":"<frozen importlib._bootstrap_external>","lineno":1157,"name":"get_code"},{"filename":"<frozen importlib._bootstrap_external>","lineno":1087,"name":"source_to_code"},{"filename":"<frozen importlib._bootstrap>","lineno":488,"name":"_call_with_frames_removed"}],"is_group":false,"exceptions":[]}]}
{"timestamp":"2026-09-19T14:15:48.644506Z","level":"error","event":"Error loading DAG from aws_project.py: unexpected indent (aws_project.py, line 91)","logger":"airflow.dag_processing.dagbag.BundleDagBag","filename":"dagbag.py","lineno":327}
{"timestamp":"2026-09-19T14:15:50.715403Z","level":"info","event":"Filling up the DagBag from /opt/airflow/dags/aws_project.py","logger":"airflow.dag_processing.dagbag.BundleDagBag","filename":"dagbag.py","lineno":469}
{"timestamp":"2026-09-19T14:15:54.540583Z","level":"info","event":"Filling up the DagBag from /opt/airflow/dags/aws_project.py","logger":"airflow.dag_processing.dagbag.BundleDagBag","filename":"dagbag.py","lineno":469}
{"timestamp":"2026-09-19T14:16:25.737584Z","level":"info","event":"Filling up the DagBag from /opt/airflow/dags/aws_project.py","logger":"airflow.dag_processing.dagbag.BundleDagBag","filename":"dagbag.py","lineno":469}
{"timestamp":"2026-09-19T14:16:56.544659Z","level":"info","event":"Filling up the DagBag from /opt/airflow/dags/aws_project.py","logger":"airflow.dag_processing.dagbag.BundleDagBag","filename":"dagbag.py","lineno":469}
{"timestamp":"2026-09-19T14:17:27.402804Z","level":"info","event":"Filling up the DagBag from /opt/airflow/dags/aws_project.py","logger":"airflow.dag_processing.dagbag.BundleDagBag","filename":"dagbag.py","lineno":469}
{"timestamp":"2026-09-19T14:17:58.255324Z","level":"info","event":"Filling up the DagBag from /opt/airflow/dags/aws_project.py","logger":"airflow.dag_processing.dagbag.BundleDagBag","filename":"dagbag.py","lineno":469}
{"timestamp":"2026-09-19T14:18:29.095851Z","level":"info","event":"Filling up the DagBag from /opt/airflow/dags/aws_project.py","logger":"airflow.dag_processing.dagbag.BundleDagBag","filename":"dagbag.py","lineno":469}
{"timestamp":"2026-09-19T14:18:59.903593Z","level":"info","event":"Filling up the DagBag from /opt/airflow/dags/aws_project.py","logger":"airflow.dag_processing.dagbag.BundleDagBag","filename":"dagbag.py","lineno":469}
{"timestamp":"2026-09-19T14:19:30.710570Z","level":"info","event":"Filling up the DagBag from /opt/airflow/dags/aws_project.py","logger":"airflow.dag_processing.dagbag.BundleDagBag","filename":"dagbag.py","lineno":469}
{"timestamp":"2026-09-19T14:20:01.506333Z","level":"info","event":"Filling up the DagBag from /opt/airflow/dags/aws_project.py","logger":"airflow.dag_processing.dagbag.BundleDagBag","filename":"dagbag.py","lineno":469}
{"timestamp":"2026-09-19T14:20:32.333584Z","level":"info","event":"Filling up the DagBag from /opt/airflow/dags/aws_project.py","logger":"airflow.dag_processing.dagbag.BundleDagBag","filename":"dagbag.py","lineno":469}
{"timestamp":"2026-09-19T14:21:03.141555Z","level":"info","event":"Filling up the DagBag from /opt/airflow/dags/aws_project.py","logger":"airflow.dag_processing.dagbag.BundleDagBag","filename":"dagbag.py","lineno":469}
{"timestamp":"2026-09-19T14:21:34.224520Z","level":"info","event":"Filling up the DagBag from /opt/airflow/dags/aws_project.py","logger":"airflow.dag_processing.dagbag.BundleDagBag","filename":"dagbag.py","lineno":469}
{"timestamp":"2026-09-19T14:22:04.992605Z","level":"info","event":"Filling up the DagBag from /opt/airflow/dags/aws_project.py","logger":"airflow.dag_processing.dagbag.BundleDagBag","filename":"dagbag.py","lineno":469}
{"timestamp":"2026-09-19T14:22:35.908210Z","level":"info","event":"Filling up the DagBag from /opt/airflow/dags/aws_project.py","logger":"airflow.dag_processing.dagbag.BundleDagBag","filename":"dagbag.py","lineno":469}
{"timestamp":"2026-09-19T14:23:07.133439Z","level":"info","event":"Filling up the DagBag from /opt/airflow/dags/aws_project.py","logger":"airflow.dag_processing.dagbag.BundleDagBag","filename":"dagbag.py","lineno":469}
{"timestamp":"2026-09-19T14:23:38.013209Z","level":"info","event":"Filling up the DagBag from /opt/airflow/dags/aws_project.py","logger":"airflow.dag_processing.dagbag.BundleDagBag","filename":"dagbag.py","lineno":469}
{"timestamp":"2026-09-19T14:24:08.787243Z","level":"info","event":"Filling up the DagBag from /opt/airflow/dags/aws_project.py","logger":"airflow.dag_processing.dagbag.BundleDagBag","filename":"dagbag.py","lineno":469}
